collision-id,report-number,report-version,is-preliminary,ncic-code,crash-date-time,crash-time-description,beat,city-id,city-code,city-name,county-code,city-is-active,city-is-incorporated,collision-type-code,collision-type-description,collision-type-other-desc,day-of-week,dispatch-notified,has-photographs,hit-run,is-attachments-mailed,is-deleted,is-highway-related,is-tow-away,judicial-district,motor-vehicle-involved-with-code,motor-vehicle-involved-with-desc,motor-vehicle-involved-with-other-desc,number-injured,number-killed,weather-1,weather-2,road-condition-1,road-condition-2,special-condition-lighting-code,lighting-description,latitude,longitude,milepost-direction,milepost-distance,milepost-marker,milepost-unit-of-measure,pedestrian-action-code,pedestrian-action-desc,prepared-date,primary-collision-factor-code,primary-collision-factor-violation,primary-collision-factor-is-cited,primary-collision-party-number,primary-road,reporting-district,reporting-district-code,reviewed-date,roadway-surface-code,secondary-direction,secondary-distance,secondary-road,secondary-unit-of-measure,sketch-desc,traffic-control-device-code,created-date,modified-date,is-county-road,is-freeway,chp-555-version,is-additonal-object-struck,notification-date,notification-time-description,has-digital-media-files,evidence-number,is-location-refer-to-narrative,is-aoi-one-same-as-location
126657,9370-2016-1760,1,False,9370,2/9/2016 4:00:00 PM,1600,52,14,109,Oakland,1,True,True,C,REAR END,,Tuesday,NotApplicable,False,M,,False,True,False,Oakland Superior,C,OTHER MOTOR VEHICLE,,1,0,CLEAR,,NO UNUSUAL CONDITIONS,,A,DAYLIGHT,37.7851,-122.1916,,,,,A,NO PEDESTRIANS INVOLVED,2/9/2016 12:00:00 AM,A,22350,False,1,I-580 E/B,,,3/1/2016 11:55:28 AM,A,W,850.0,Macarthur Blvd,F,,D,3/1/2016 11:56:13 AM,3/1/2016 11:56:13 AM,,,2,,,,,,,
126623,9370-2016-1774,1,False,9370,2/10/2016 11:40:00 AM,1140,176,14,109,Oakland,1,True,True,B,SIDE SWIPE,,Wednesday,NotApplicable,False,,,False,True,False,Oakland Superior,C,OTHER MOTOR VEHICLE,,0,0,CLEAR,,NO UNUSUAL CONDITIONS,,A,DAYLIGHT,37.77196,-122.2239,,,,,A,NO PEDESTRIANS INVOLVED,2/10/2016 12:00:00 AM,A,22107,False,2,I-880 N/B,,,3/1/2016 11:30:19 AM,A,N,1689.0,High St,F,,D,3/1/2016 11:30:48 AM,3/1/2016 11:30:48 AM,,,2,,,,,,,
126595,9370-2016-1771,1,False,9370,2/3/2016 7:50:00 AM,750,8,14,109,Oakland,1,True,True,C,REAR END,,Wednesday,NotApplicable,False,M,,False,True,False,Oakland Superior,C,OTHER MOTOR VEHICLE,,0,0,CLEAR,,NO UNUSUAL CONDITIONS,,A,DAYLIGHT,37.82587,-122.30365,,,,,A,NO PEDESTRIANS INVOLVED,2/3/2016 12:00:00 AM,A,22350,False,1,I-80 W/B,,,3/1/2016 11:11:31 AM,A,E,500.0,I-880 N/B OVERCROSSING,F,,D,3/1/2016 11:13:24 AM,3/1/2016 11:13:24 AM,,,2,,,,,,,
126501,9370-2016-5358,1,False,9370,2/17/2016 8:57:00 PM,2057,177,14,109,Oakland,1,True,True,C,REAR END,,Wednesday,Yes,False,,,False,True,True,Oakland Superior,C,OTHER MOTOR VEHICLE,,1,0,RAINING,,NO UNUSUAL CONDITIONS,,D,DARK-NO STREET LIGHTS,37.474786,-122.161111,,,,,A,NO PEDESTRIANS INVOLVED,2/17/2016 12:00:00 AM,A,22350,False,1,I-880 N/B,,,3/1/2016 10:23:33 AM,B,S,430.0,Harrison St,F,,D,3/1/2016 10:24:13 AM,3/1/2016 10:24:13 AM,,,2,,,,,,,
126339,9370-2016-5355,2,False,9370,2/17/2016 3:22:00 AM,322,901,14,109,Oakland,1,True,True,E,HIT OBJECT,,Wednesday,NotApplicable,True,,,False,False,False,Oakland Superior,E,PARKED MOTOR VEHICLE,,0,0,CLEAR,,NO UNUSUAL CONDITIONS,,On-Duty Emergency VehicleC,DARK-STREET LIGHTS,37.491728,-122.151574,,,,,A,NO PEDESTRIANS INVOLVED,2/17/2016 12:00:00 AM,A,22106,False,1,Moss avenue (100 block),,,3/10/2016 2:49:45 PM,A,N,40.0,W. MACARTHUR BLVD,F,,D,3/1/2016 9:01:31 AM,3/10/2016 2:50:01 PM,,,2,,,,,,,
126223,9370-2016-5352,1,False,9370,2/17/2016 7:30:00 AM,730,8,14,109,Oakland,1,True,True,B,SIDE SWIPE,,Wednesday,NotApplicable,False,M,,False,True,False,Oakland Superior,C,OTHER MOTOR VEHICLE,,0,0,CLEAR,,NO UNUSUAL CONDITIONS,,A,DAYLIGHT,37.829034,-122.293861,,,,,A,NO PEDESTRIANS INVOLVED,2/17/2016 12:00:00 AM,A,21658(a),False,1,I-80 W/B to I-880 S/B,,,3/1/2016 7:42:52 AM,A,W,3130.0,POWELL STREET,F,,D,3/1/2016 7:43:23 AM,3/1/2016 7:43:23 AM,,,2,,,,,,,
126093,9370-2016-5336,1,False,9370,2/16/2016 11:33:00 AM,1133,176,14,109,Oakland,1,True,True,C,REAR END,,Tuesday,NotApplicable,False,,,False,True,False,Oakland Superior,C,OTHER MOTOR VEHICLE,,0,0,CLEAR,,NO UNUSUAL CONDITIONS,,A,DAYLIGHT,37.77209,-122.22428,,,,,A,NO PEDESTRIANS INVOLVED,2/16/2016 12:00:00 AM,A,21658(a),False,2,I-880 N/B,,,2/29/2016 6:38:41 PM,A,N,1795.0,High St,F,,D,2/29/2016 6:39:12 PM,2/29/2016 6:39:12 PM,,,2,,,,,,,
126079,9370-2016-5339,1,False,9370,2/16/2016 3:20:00 PM,1520,55,14,109,Oakland,1,True,True,C,REAR END,,Tuesday,NotApplicable,False,,,False,True,False,Oakland Superior,C,OTHER MOTOR VEHICLE,,0,0,CLEAR,,CONSTRUCTION-REPAIR ZONE,NO UNUSUAL CONDITIONS,A,DAYLIGHT,37.492884,-122.165974,,,,,A,NO PEDESTRIANS INVOLVED,2/16/2016 12:00:00 AM,A,22350 VC,False,1,I-580 E/B to W. MacArthur Blvd.,,,2/29/2016 5:38:41 PM,A,W,819.0,PERALTA AVENUE,F,,D,2/29/2016 5:39:18 PM,2/29/2016 5:39:18 PM,,,2,,,,,,,
126070,9335-2016-1957,1,False,9335,2/26/2016 11:25:00 PM,2325,84,14,109,Oakland,1,True,True,E,HIT OBJECT,,Friday,Yes,False,,,False,True,True,Oakland Superior,I,FIXED OBJECT,CENTER DIVIDER,1,0,CLEAR,,NO UNUSUAL CONDITIONS,,C,DARK-STREET LIGHTS,37.82255,-122.32121,,,,,A,NO PEDESTRIANS INVOLVED,2/26/2016 12:00:00 AM,A,22107,False,1,I-80 E/B,,,2/29/2016 5:18:34 PM,A,W,2000.0,SFOBB TOLL PLAZA,F,,D,2/29/2016 5:19:14 PM,2/29/2016 5:19:14 PM,,,2,,,,,,,
126011,9370-2016-5341,1,False,9370,2/16/2016 2:34:00 PM,1434,177,14,109,Oakland,1,True,True,C,REAR END,,Tuesday,NotApplicable,False,,,False,True,False,Oakland Superior,C,OTHER MOTOR VEHICLE,,0,0,CLEAR,,NO UNUSUAL CONDITIONS,,A,DAYLIGHT,37.7734,-122.2282,,,,,A,NO PEDESTRIANS INVOLVED,2/16/2016 12:00:00 AM,A,22350,False,1,I-880 N/B,,,2/29/2016 4:14:52 PM,A,N,200.0,Fruitvale Ave,F,,D,2/29/2016 4:15:52 PM,2/29/2016 4:15:52 PM,,,2,,,,,,,
125842,9370-2016-1827,1,False,9370,2/15/2016 8:00:00 PM,2000,176,14,109,Oakland,1,True,True,E,HIT OBJECT,,Monday,NotApplicable,False,,,False,True,True,Oakland Superior,I,FIXED OBJECT,CONCRETE WALL,0,0,CLEAR,,NO UNUSUAL CONDITIONS,,D,DARK-NO STREET LIGHTS,37.463638,-122.141019,,,,,A,NO PEDESTRIANS INVOLVED,2/15/2016 12:00:00 AM,A,22107,False,1,I-880 N/B,,,2/29/2016 2:18:01 PM,A,S,250.0,23rd Ave,F,,D,2/29/2016 2:23:37 PM,2/29/2016 2:23:37 PM,,,2,,,,,,,
125690,9370-2016-1829,1,False,9370,2/15/2016 9:40:00 PM,2140,13,14,109,Oakland,1,True,True,C,REAR END,,Monday,NotApplicable,False,M,,False,True,False,Oakland Superior,C,OTHER MOTOR VEHICLE,,0,0,CLEAR,,NO UNUSUAL CONDITIONS,,D,DARK-NO STREET LIGHTS,37.836562,-122.219838,,,,,A,NO PEDESTRIANS INVOLVED,2/15/2016 12:00:00 AM,A,22350,False,1,SR-13 S/B,,,2/29/2016 12:51:26 PM,A,N,0.29,Moraga Ave,M,,D,2/29/2016 12:51:55 PM,2/29/2016 12:51:55 PM,,,2,,,,,,,
125595,9370-2016-1823,1,False,9370,2/15/2016 10:20:00 AM,1020,13,14,109,Oakland,1,True,True,E,HIT OBJECT,,Monday,NotApplicable,False,,,False,True,True,Oakland Superior,I,FIXED OBJECT,CONCRETE WALL,0,0,CLEAR,,NO UNUSUAL CONDITIONS,,A,DAYLIGHT,37.483771,-122.115112,,,,,A,NO PEDESTRIANS INVOLVED,2/15/2016 12:00:00 AM,A,22107,False,1,SR-13 S/B,,,2/29/2016 11:50:44 AM,A,S,20.0,Lincoln Ave,F,,D,2/29/2016 11:51:40 AM,2/29/2016 11:51:40 AM,,,2,,,,,,,
125493,9370-2016-1831,1,False,9370,2/15/2016 10:15:00 PM,2215,8,14,109,Oakland,1,True,True,C,REAR END,,Monday,NotApplicable,False,,,False,True,True,Oakland Superior,C,OTHER MOTOR VEHICLE,,0,0,CLEAR,,NO UNUSUAL CONDITIONS,,C,DARK-STREET LIGHTS,37.79807,-122.56898,,,,,A,NO PEDESTRIANS INVOLVED,2/15/2016 12:00:00 AM,A,22350,False,1,I-80 W/B,,,2/29/2016 11:00:30 AM,A,E,500.0,BAY BRIDGE TOLL PLAZA,F,,D,2/29/2016 11:01:02 AM,2/29/2016 11:01:02 AM,,,2,,,,,,,
125298,9335-2016-1936,1,False,9335,2/23/2016 8:30:00 AM,830,82,14,109,Oakland,1,True,True,B,SIDE SWIPE,,Tuesday,NotApplicable,False,,,False,True,True,Oakland Superior,C,OTHER MOTOR VEHICLE,,0,0,CLEAR,,NO UNUSUAL CONDITIONS,,A,DAYLIGHT,37.820694,-122.339217,,,,,A,NO PEDESTRIANS INVOLVED,2/23/2016 12:00:00 AM,A,22350,False,1,I-80 W/B,,,2/29/2016 9:16:33 AM,A,E,3180.0,SAN FRANCISCO COUNTY LINE,F,,D,2/29/2016 9:17:10 AM,2/29/2016 9:17:10 AM,,,2,,,,,,,
125079,9370-2016-1819,1,False,9370,2/14/2016 9:50:00 PM,2150,177,14,109,Oakland,1,True,True,E,HIT OBJECT,,Sunday,NotApplicable,False,,,False,True,True,Oakland Superior,I,FIXED OBJECT,RAISED CURB,3,0,CLEAR,,NO UNUSUAL CONDITIONS,,D,DARK-NO STREET LIGHTS,37.796875,-122.271523,,,,,A,NO PEDESTRIANS INVOLVED,2/14/2016 12:00:00 AM,A,22107,False,1,I-880 S/B FROM BROADWAY,,,2/28/2016 11:53:47 PM,A,S,330.0,Webster St,F,,D,2/28/2016 11:54:28 PM,2/28/2016 11:54:28 PM,,,2,,,,,,,
125042,9370-2016-1813,1,False,9370,2/14/2016 6:00:00 AM,600,55,14,109,Oakland,1,True,True,E,HIT OBJECT,,Sunday,Yes,False,,,False,True,True,Oakland Superior,I,FIXED OBJECT,concrete wall,1,0,CLEAR,,NO UNUSUAL CONDITIONS,,B,DUSK-DAWN,37.827485,-122.284221,,,,,A,NO PEDESTRIANS INVOLVED,2/14/2016 12:00:00 AM,A,23152(a),True,1,I-580 W/B,,,2/28/2016 3:43:16 PM,A,E,100.0,Hollis St,F,,D,2/28/2016 3:43:59 PM,2/28/2016 3:43:59 PM,,,2,,,,,,,
124936,9370-2016-1733,1,False,9370,2/6/2016 10:55:00 PM,2255,176,14,109,Oakland,1,True,True,B,SIDE SWIPE,,Saturday,NotApplicable,False,M,,False,True,True,Oakland Superior,C,OTHER MOTOR VEHICLE,,1,0,CLEAR,,NO UNUSUAL CONDITIONS,,D,DARK-NO STREET LIGHTS,37.46205,-122.132991,,,,,A,NO PEDESTRIANS INVOLVED,2/6/2016 12:00:00 AM,A,22107,False,1,I-880 N/B,,,2/27/2016 8:45:16 PM,A,S,894.0,Fruitvale Ave,F,,D,2/27/2016 8:46:18 PM,2/27/2016 8:46:18 PM,,,2,,,,,,,
124923,9370-2016-1812,1,False,9370,2/14/2016 3:30:00 PM,1530,55,14,109,Oakland,1,True,True,B,SIDE SWIPE,,Sunday,NotApplicable,False,M,,False,True,False,Oakland Superior,C,OTHER MOTOR VEHICLE,,0,0,CLEAR,,NO UNUSUAL CONDITIONS,,A,DAYLIGHT,37.8268,-122.2869,,,,,A,NO PEDESTRIANS INVOLVED,2/14/2016 12:00:00 AM,A,21658(a) VC,False,1,I-580 W/B TO I-80 E/B,,,2/27/2016 3:41:12 PM,A,E,450.0,Mandela Pky,F,,D,2/27/2016 3:41:41 PM,2/27/2016 3:41:41 PM,,,2,,,,,,,
124921,9370-2016-1807,1,False,9370,2/14/2016 2:55:00 AM,255,13,14,109,Oakland,1,True,True,E,HIT OBJECT,,Sunday,Yes,False,,,False,True,True,Oakland Superior,I,FIXED OBJECT,CONCRETE BARRIER,1,0,CLEAR,,NO UNUSUAL CONDITIONS,,C,DARK-STREET LIGHTS,37.8303,-122.2147,,,,,A,NO PEDESTRIANS INVOLVED,2/14/2016 12:00:00 AM,A,22107,False,1,SR-13 N/B,,,2/27/2016 3:13:08 PM,A,S,835.0,Moraga Ave,F,,D,2/27/2016 3:13:47 PM,2/27/2016 3:13:47 PM,,,2,,,,,,,
124885,9370-2016-1671,1,False,9370,2/2/2016 2:45:00 PM,1445,177,14,109,Oakland,1,True,True,D,BROADSIDE,,Tuesday,NotApplicable,False,,,False,True,False,Oakland Superior,C,OTHER MOTOR VEHICLE,,0,0,CLEAR,,NO UNUSUAL CONDITIONS,,A,DAYLIGHT,37.793,-122.263,,,,,A,NO PEDESTRIANS INVOLVED,2/2/2016 12:00:00 AM,A,21658(a),False,,I-880 N/B,,,2/27/2016 12:18:04 PM,A,S,1200.0,Oak St,F,,D,2/27/2016 12:18:34 PM,2/27/2016 12:18:34 PM,,,2,,,,,,,
124870,9370-2016-1806,1,False,9370,2/13/2016 10:05:00 PM,2205,177,14,109,Oakland,1,True,True,C,REAR END,,Saturday,NotApplicable,False,,,False,True,True,ALAMEDA,C,OTHER MOTOR VEHICLE,,0,0,CLEAR,,NO UNUSUAL CONDITIONS,,C,DARK-STREET LIGHTS,37.7958,-122.2684,,,,,A,NO PEDESTRIANS INVOLVED,2/13/2016 12:00:00 AM,A,21658(a),False,4,I-880 S/B,,,2/27/2016 11:31:10 AM,A,N,165.0,Madison St,F,,D,2/27/2016 11:31:53 AM,2/27/2016 11:31:53 AM,,,2,,,,,,,
124860,9370-2016-1803,1,False,9370,2/13/2016 10:55:00 AM,1055,54,14,109,Oakland,1,True,True,C,REAR END,,Saturday,NotApplicable,False,,,False,True,True,Oakland Superior,C,OTHER MOTOR VEHICLE,,0,0,CLEAR,,NO UNUSUAL CONDITIONS,,A,DAYLIGHT,37.819664,-122.254578,,,,,A,NO PEDESTRIANS INVOLVED,2/13/2016 12:00:00 AM,A,22350,False,1,I-580 W/B,,,2/27/2016 10:43:18 AM,A,W,27.0,Harrison St,F,,D,2/27/2016 10:43:47 AM,2/27/2016 10:43:47 AM,,,2,,,,,,,
124859,9370-2016-1639,2,False,9370,1/31/2016 2:00:00 PM,1400,55,14,109,Oakland,1,True,True,D,BROADSIDE,,Sunday,Yes,False,,,False,True,True,Oakland Superior,C,OTHER MOTOR VEHICLE,,1,0,CLEAR,,NO UNUSUAL CONDITIONS,,A,DAYLIGHT,37.4936,-122.1643,,,,,A,NO PEDESTRIANS INVOLVED,1/31/2016 12:00:00 AM,A,21658(a),False,1,I-580 W/B,,,6/4/2016 11:37:54 AM,A,W,50.0,San Pablo Ave,F,,D,2/27/2016 10:23:44 AM,6/4/2016 11:38:02 AM,,,2,,,,,,,
124858,9370-2016-1809,1,False,9370,2/13/2016 1:49:00 PM,1349,55,14,109,Oakland,1,True,True,B,SIDE SWIPE,,Saturday,NotApplicable,False,M,,False,True,False,Oakland Superior,C,OTHER MOTOR VEHICLE,,0,0,CLEAR,,NO UNUSUAL CONDITIONS,,A,DAYLIGHT,37.492652,-122.160128,,,,,A,NO PEDESTRIANS INVOLVED,2/13/2016 12:00:00 AM,A,21651(a),False,1,I-580 W/B,,,2/27/2016 10:21:04 AM,A,W,274.0,Telegraph Ave,F,,D,2/27/2016 10:21:36 AM,2/27/2016 10:21:36 AM,,,2,,,,,,,
124843,9370-2016-1802,1,False,9370,2/13/2016 2:07:00 PM,1407,52,14,109,Oakland,1,True,True,B,SIDE SWIPE,,Saturday,NotApplicable,False,M,,False,True,False,Oakland Superior,C,OTHER MOTOR VEHICLE,,0,0,CLEAR,,NO UNUSUAL CONDITIONS,,A,DAYLIGHT,37.45013,-122.090587,,,,,A,NO PEDESTRIANS INVOLVED,2/13/2016 12:00:00 AM,A,21658(a),False,1,I-580 W/B,,,2/27/2016 9:40:26 AM,A,E,1012.0,Golf Links Rd,F,,D,2/27/2016 9:41:05 AM,2/27/2016 9:41:05 AM,,,2,,,,,,,
124835,9370-2016-1801,1,False,9370,2/13/2016 10:35:00 AM,1035,176,14,109,Oakland,1,True,True,B,SIDE SWIPE,,Saturday,NotApplicable,False,,,False,True,False,Oakland Superior,C,OTHER MOTOR VEHICLE,,1,0,CLEAR,,NO UNUSUAL CONDITIONS,,A,DAYLIGHT,37.454275,-122.125467,,,,,A,NO PEDESTRIANS INVOLVED,2/13/2016 12:00:00 AM,A,21658(a),False,2,I-880 SOUTHBOUND,,,2/27/2016 8:59:44 AM,A,N,3500.0,66TH AVENUE,F,,D,2/27/2016 9:00:39 AM,2/27/2016 9:00:39 AM,,,2,,,,,,,
124827,9370-2016-1772,1,False,9370,2/10/2016 8:40:00 AM,840,177,14,109,Oakland,1,True,True,B,SIDE SWIPE,,Wednesday,NotApplicable,False,M,,False,True,False,Oakland Superior,C,OTHER MOTOR VEHICLE,,0,0,CLEAR,,NO UNUSUAL CONDITIONS,,A,DAYLIGHT,37.7987,-122.2738,,,,,A,NO PEDESTRIANS INVOLVED,2/10/2016 12:00:00 AM,A,21658(a),False,1,I-880 N/B,,,2/27/2016 7:54:52 AM,A,S,200.0,Broadway,F,,D,2/27/2016 7:55:29 AM,2/27/2016 7:55:29 AM,,,2,,,,,,,
124547,9370-2016-1797,1,False,9370,2/12/2016 8:40:00 AM,840,52,14,109,Oakland,1,True,True,C,REAR END,,Friday,NotApplicable,False,,,False,True,True,Oakland Superior,C,OTHER MOTOR VEHICLE,,0,0,CLEAR,,NO UNUSUAL CONDITIONS,,A,DAYLIGHT,37.4711,-122.1142,,,,,A,NO PEDESTRIANS INVOLVED,2/12/2016 12:00:00 AM,A,21703,False,3,I-580 W/B,,,2/26/2016 11:26:29 AM,A,E,150.0,High St,F,,D,2/26/2016 11:27:00 AM,2/26/2016 11:27:00 AM,,,2,,,,,,,
124227,9370-2016-1662,1,False,9370,2/1/2016 6:45:00 PM,1845,52,14,109,Oakland,1,True,True,B,SIDE SWIPE,,Monday,NotApplicable,False,M,,False,True,False,Oakland Superior,C,OTHER MOTOR VEHICLE,,0,0,CLEAR,,NO UNUSUAL CONDITIONS,,C,DARK-STREET LIGHTS,37.786909,-122.196353,,,,,A,NO PEDESTRIANS INVOLVED,2/1/2016 12:00:00 AM,A,21658(a),False,2,I-580 E/B,,,2/25/2016 6:07:22 PM,A,W,65.0,High St,F,,D,2/25/2016 6:07:54 PM,2/25/2016 6:07:54 PM,,,2,,,,,,,
124217,9370-2016-1633,1,False,9370,1/30/2016 4:20:00 PM,1620,52,14,109,Oakland,1,True,True,E,HIT OBJECT,,Saturday,NotApplicable,False,,,False,True,True,Oakland Superior,I,FIXED OBJECT,CONCRETE WALL,1,0,CLOUDY,,NO UNUSUAL CONDITIONS,,A,DAYLIGHT,37.75655,-122.148581,,,,,A,NO PEDESTRIANS INVOLVED,1/30/2016 12:00:00 AM,A,22107 VC,False,1,I-580 E/B,,,2/25/2016 5:27:17 PM,A,W,1258.0,98th Avenue,F,,D,2/25/2016 5:27:53 PM,2/25/2016 5:27:53 PM,,,2,,,,,,,
124120,9370-2016-1782,1,False,9370,2/11/2016 8:20:00 AM,820,13,14,109,Oakland,1,True,True,C,REAR END,,Thursday,NotApplicable,False,,,False,True,False,Oakland Superior,C,OTHER MOTOR VEHICLE,,0,0,CLEAR,,NO UNUSUAL CONDITIONS,,A,DAYLIGHT,37.8253,-122.21,,,,,A,NO PEDESTRIANS INVOLVED,2/11/2016 12:00:00 AM,A,22350 VC,False,1,SR-13 N/B,,,2/25/2016 3:53:16 PM,A,N,320.0,Park Blvd,F,,D,2/25/2016 3:55:06 PM,2/25/2016 3:55:06 PM,,,2,,,,,,,
123807,9335-2016-1889,2,False,9335,2/18/2016 2:15:00 PM,1415,82,14,109,Oakland,1,True,True,E,HIT OBJECT,,Thursday,NotApplicable,False,,,False,True,False,Oakland Superior,J,OTHER OBJECT,Unknown,0,0,CLEAR,,NO UNUSUAL CONDITIONS,,A,DAYLIGHT,,,E,1.0,80 SF 8.89,M,A,NO PEDESTRIANS INVOLVED,2/18/2016 12:00:00 AM,A,23114(a),False,1,I-80 W/B,,,4/19/2016 7:07:06 AM,A,E,1.0,SF/ALA COUNTY LINE,M,PAGE 3,D,2/25/2016 12:40:11 PM,4/19/2016 7:07:22 AM,,,2,,,,,,,
123743,9370-2016-1793,1,False,9370,2/11/2016 1:00:00 PM,1300,176,14,109,Oakland,1,True,True,C,REAR END,,Thursday,NotApplicable,False,,,False,True,False,Oakland Superior,C,OTHER MOTOR VEHICLE,,2,0,CLEAR,,NO UNUSUAL CONDITIONS,,A,DAYLIGHT,37.130307,-122.130307,,,,,A,NO PEDESTRIANS INVOLVED,2/11/2016 12:00:00 AM,A,22350,False,2,I-880 NORTHBOUND TO HIGH STREET,,,2/25/2016 11:43:19 AM,A,S,1388.0,High Street,F,,D,2/25/2016 11:43:58 AM,2/25/2016 11:43:58 AM,,,2,,,,,,,
123314,9370-2016-1696,1,False,9370,2/3/2016 8:30:00 AM,830,52,14,109,Oakland,1,True,True,B,SIDE SWIPE,,Wednesday,NotApplicable,False,,,False,True,False,Oakland Superior,C,OTHER MOTOR VEHICLE,,0,0,CLOUDY,,NO UNUSUAL CONDITIONS,,A,DAYLIGHT,37.451354,-122.9976,,,,,A,NO PEDESTRIANS INVOLVED,2/3/2016 12:00:00 AM,A,21658(a),False,1,I-580 E/B,,,2/24/2016 7:50:42 PM,A,W,250.0,Golf Links Rd,F,,D,2/24/2016 7:54:18 PM,2/24/2016 7:54:18 PM,,,2,,,,,,,
123159,9370-2016-1739,1,False,9370,2/8/2016 1:25:00 AM,125,98,14,109,Oakland,1,True,True,B,SIDE SWIPE,,Monday,Yes,False,M,,False,True,False,Oakland Superior,C,OTHER MOTOR VEHICLE,,0,0,CLEAR,,NO UNUSUAL CONDITIONS,,C,DARK-STREET LIGHTS,37.48315,-122.16348,,,,,A,NO PEDESTRIANS INVOLVED,2/8/2016 12:00:00 AM,A,23152(a),False,1,I-980 E/B TO 17TH STREET,,,2/24/2016 3:25:14 PM,A,W,26.0,17TH STREET,F,,A,2/24/2016 3:25:56 PM,2/24/2016 3:25:56 PM,,,2,,,,,,,
122795,9370-2016-1745,1,False,9370,2/8/2016 9:30:00 AM,930,98,14,109,Oakland,1,True,True,B,SIDE SWIPE,,Monday,Yes,False,M,,False,True,True,Oakland Superior,C,OTHER MOTOR VEHICLE,,1,0,CLEAR,,NO UNUSUAL CONDITIONS,,A,DAYLIGHT,37.8253,-122.2702,,,,,A,NO PEDESTRIANS INVOLVED,2/8/2016 12:00:00 AM,A,21658(a),False,1,I-980 E/B TO I-580 W/B,,,2/24/2016 11:28:55 AM,A,W,320.0,Martin Luther King Jr Way,F,,D,2/24/2016 11:29:38 AM,2/24/2016 11:29:38 AM,,,2,,,,,,,
122635,9335-2016-1924,1,False,9335,2/23/2016 8:33:00 AM,833,82,14,109,Oakland,1,True,True,C,REAR END,,Tuesday,Yes,False,,,False,True,True,Oakland Superior,C,OTHER MOTOR VEHICLE,,1,0,CLEAR,,NO UNUSUAL CONDITIONS,,A,DAYLIGHT,37.819919,-122.344424,,,,,A,NO PEDESTRIANS INVOLVED,2/23/2016 12:00:00 AM,A,21658(a),False,1,I-80 W/B,,,2/24/2016 9:41:49 AM,A,W,1.5,SFOBB TOLL PLAZA,M,,D,2/24/2016 9:42:30 AM,2/24/2016 9:42:30 AM,,,2,,,,,,,
122331,9370-2016-0288,1,False,9370,1/26/2016 12:46:00 PM,1246,54,14,109,Oakland,1,True,True,C,REAR END,,Tuesday,NotApplicable,False,,,False,True,False,Oakland Superior,C,OTHER MOTOR VEHICLE,,1,0,CLEAR,,NO UNUSUAL CONDITIONS,,A,DAYLIGHT,37.480254,-122.134205,,,,,A,NO PEDESTRIANS INVOLVED,1/26/2016 12:00:00 AM,A,22350,False,1,I-580 E/B,,,2/23/2016 7:48:55 PM,A,E,150.0,BEAUMONT AVENUE,F,,D,2/23/2016 7:50:35 PM,2/23/2016 7:50:35 PM,,,2,,,,,,,
122305,9370-2016-1752,1,False,9370,2/8/2016 7:34:00 PM,1934,8,14,109,Oakland,1,True,True,C,REAR END,,Monday,NotApplicable,False,,,False,True,True,Oakland Superior,C,OTHER MOTOR VEHICLE,,0,0,CLEAR,,NO UNUSUAL CONDITIONS,,D,DARK-NO STREET LIGHTS,37.8247,-122.2665,,,,,A,NO PEDESTRIANS INVOLVED,2/8/2016 12:00:00 AM,A,22350,False,1,I-80 W/B TO I-580 E/B,,,2/23/2016 5:43:50 PM,A,W,1800.0,POWELL STREET,F,,D,2/23/2016 5:44:25 PM,2/23/2016 5:44:25 PM,,,2,,,,,,,
122274,9370-2016-1732,1,False,9370,2/7/2016 5:35:00 PM,1735,177,14,109,Oakland,1,True,True,C,REAR END,,Sunday,NotApplicable,False,M,,False,True,True,Oakland Superior,C,OTHER MOTOR VEHICLE,,0,0,CLEAR,,NO UNUSUAL CONDITIONS,,B,DUSK-DAWN,37.774779,-122.232509,,,,,A,NO PEDESTRIANS INVOLVED,2/7/2016 12:00:00 AM,A,22350,False,1,I-880 N/B,,,2/23/2016 4:44:01 PM,A,N,1355.0,FRUITVALE AVENUE U/C,F,,D,2/23/2016 4:44:44 PM,2/23/2016 4:44:44 PM,,,2,,,,,,,