collision-id,report-number,report-version,is-preliminary,ncic-code,crash-date-time,crash-time-description,beat,city-id,city-code,city-name,county-code,city-is-active,city-is-incorporated,collision-type-code,collision-type-description,collision-type-other-desc,day-of-week,dispatch-notified,has-photographs,hit-run,is-attachments-mailed,is-deleted,is-highway-related,is-tow-away,judicial-district,motor-vehicle-involved-with-code,motor-vehicle-involved-with-desc,motor-vehicle-involved-with-other-desc,number-injured,number-killed,weather-1,weather-2,road-condition-1,road-condition-2,special-condition-lighting-code,lighting-description,latitude,longitude,milepost-direction,milepost-distance,milepost-marker,milepost-unit-of-measure,pedestrian-action-code,pedestrian-action-desc,prepared-date,primary-collision-factor-code,primary-collision-factor-violation,primary-collision-factor-is-cited,primary-collision-party-number,primary-road,reporting-district,reporting-district-code,reviewed-date,roadway-surface-code,secondary-direction,secondary-distance,secondary-road,secondary-unit-of-measure,sketch-desc,traffic-control-device-code,created-date,modified-date,is-county-road,is-freeway,chp-555-version,is-additonal-object-struck,notification-date,notification-time-description,has-digital-media-files,evidence-number,is-location-refer-to-narrative,is-aoi-one-same-as-location
143006,9370-2016-5655,1,False,9370,3/11/2016 7:15:00 AM,715,8,14,109,Oakland,1,True,True,C,REAR END,,Friday,NotApplicable,False,,,False,True,False,Oakland Superior,C,OTHER MOTOR VEHICLE,,0,0,RAINING,,NO UNUSUAL CONDITIONS,,A,DAYLIGHT,37.82628,-122.30065,,,,,A,NO PEDESTRIANS INVOLVED,3/11/2016 12:00:00 AM,A,22350,False,1,I-80 W/B,,,3/24/2016 11:17:59 AM,B,E,1000.0,West Grand Ave,F,,D,3/24/2016 11:18:28 AM,3/24/2016 11:18:28 AM,,,2,,,,,,,
143005,9370-2016-5629,1,False,9370,3/8/2016 12:35:00 PM,1235,54,14,109,Oakland,1,True,True,B,SIDE SWIPE,,Tuesday,NotApplicable,False,,,False,True,False,Oakland Superior,C,OTHER MOTOR VEHICLE,,0,0,CLOUDY,,NO UNUSUAL CONDITIONS,,On-Duty Emergency VehicleA,DAYLIGHT,37.481598,-122.14084,,,,,A,NO PEDESTRIANS INVOLVED,3/8/2016 12:00:00 AM,A,21658(a),False,1,I-580 W/B,,,3/24/2016 11:17:09 AM,A,W,65.0,Park Blvd,F,,D,3/24/2016 11:18:24 AM,3/24/2016 11:18:24 AM,,,2,,,,,,,
142972,9370-2016-5650,1,False,9370,3/10/2016 3:17:00 PM,1517,901,14,109,Oakland,1,True,True,B,SIDE SWIPE,,Thursday,Yes,False,,,False,False,False,Oakland Superior,C,OTHER MOTOR VEHICLE,,0,0,RAINING,,NO UNUSUAL CONDITIONS,,School Bus CollisionA,DAYLIGHT,37.757534,-122.185691,,,,,A,NO PEDESTRIANS INVOLVED,3/10/2016 12:00:00 AM,A,23152(a),True,1,76th Ave (1200 Block),,,3/24/2016 11:02:57 AM,B,W,317.0,International Blvd,F,,D,3/24/2016 11:03:48 AM,3/24/2016 11:03:48 AM,,,2,,,,,,,
142955,9370-2016-5630,1,False,9370,3/8/2016 2:59:00 PM,1459,53,14,109,Oakland,1,True,True,C,REAR END,,Tuesday,Yes,False,F,,False,True,True,Oakland Superior,C,OTHER MOTOR VEHICLE,,2,0,CLOUDY,,NO UNUSUAL CONDITIONS,,A,DAYLIGHT,37.48159,-122.133241,,,,,A,NO PEDESTRIANS INVOLVED,3/8/2016 12:00:00 AM,A,22350,False,1,I-580 W/B TO 14th AVE.,,,3/24/2016 10:54:43 AM,A,E,40.0,14th AVE.,F,,D,3/24/2016 10:55:24 AM,3/24/2016 10:55:24 AM,,,2,,,,,,,
142944,9370-2016-5615,1,False,9370,3/8/2016 7:50:00 AM,750,176,14,109,Oakland,1,True,True,C,REAR END,,Tuesday,Yes,True,M,,False,True,False,Oakland Superior,C,OTHER MOTOR VEHICLE,,0,0,CLEAR,,NO UNUSUAL CONDITIONS,,A,DAYLIGHT,37.75397,-122.20849,,,,,A,NO PEDESTRIANS INVOLVED,3/8/2016 12:00:00 AM,A,22350,False,2,I-880 S/B,,,3/24/2016 10:46:11 AM,A,N,30.0,66th Ave,F,,A,3/24/2016 10:47:00 AM,3/24/2016 10:47:00 AM,,,2,,,,,,,
142939,9370-2016-5628,1,False,9370,3/8/2016 12:00:00 PM,1200,54,14,109,Oakland,1,True,True,C,REAR END,,Tuesday,NotApplicable,False,,,False,True,False,Oakland Superior,C,OTHER MOTOR VEHICLE,,0,0,CLOUDY,,OBSTRUCTION ON ROADWAY*,,A,DAYLIGHT,37.481666,-122.14183,,,,,A,NO PEDESTRIANS INVOLVED,3/8/2016 12:00:00 AM,A,22350,False,1,I-580 W/B,,,3/24/2016 10:42:26 AM,A,W,168.0,Park Blvd,F,,D,3/24/2016 10:43:08 AM,3/24/2016 10:43:08 AM,,,2,,,,,,,
142932,9370-2016-5599,1,False,9370,3/7/2016 6:55:00 AM,655,176,14,109,Oakland,1,True,True,B,SIDE SWIPE,,Monday,NotApplicable,False,,,False,True,False,Oakland Superior,C,OTHER MOTOR VEHICLE,,0,0,RAINING,,CONSTRUCTION-REPAIR ZONE,,A,DAYLIGHT,37.7728,-122.2674,,,,,A,NO PEDESTRIANS INVOLVED,3/7/2016 12:00:00 AM,A,21658(a)VC,False,,I-880 N/B,,,3/24/2016 10:40:12 AM,B,S,898.0,23rd Ave,F,,D,3/24/2016 10:40:40 AM,3/24/2016 10:40:40 AM,,,2,,,,,,,
142902,9370-2016-5597,1,False,9370,3/7/2016 3:09:00 AM,309,24,14,109,Oakland,1,True,True,E,HIT OBJECT,,Monday,Yes,False,,,False,True,True,Oakland Superior,I,FIXED OBJECT,Concrete Wall,0,0,CLOUDY,RAINING,NO UNUSUAL CONDITIONS,,C,DARK-STREET LIGHTS,37.511597,-122.130349,,,,,A,NO PEDESTRIANS INVOLVED,3/7/2016 12:00:00 AM,A,23152(a),True,1,SR-24 E/B,,,3/24/2016 10:11:18 AM,B,W,80.0,Entrance to Bore #4,F,,D,3/24/2016 10:11:57 AM,3/24/2016 10:11:57 AM,,,2,,,,,,,
142882,9370-2016-5563,1,False,9370,3/5/2016 4:00:00 PM,1600,178,14,109,Oakland,1,True,True,E,HIT OBJECT,,Saturday,Yes,False,,,False,True,True,Oakland Superior,I,FIXED OBJECT,Concrete Median,1,0,RAINING,,NO UNUSUAL CONDITIONS,,A,DAYLIGHT,37.80237,-122.28482,,,,,A,NO PEDESTRIANS INVOLVED,3/5/2016 12:00:00 AM,A,22107,True,1,I-880 N/B,,,3/24/2016 9:56:36 AM,B,S,1000.0,7th St,F,,D,3/24/2016 9:57:16 AM,3/24/2016 9:57:16 AM,,,2,,,,,,,
142814,9370-2016-5699,1,False,9370,3/1/2016 2:30:00 PM,1430,176,14,109,Oakland,1,True,True,B,SIDE SWIPE,,Tuesday,NotApplicable,False,,,False,True,False,Oakland Superior,C,OTHER MOTOR VEHICLE,,0,0,CLEAR,,NO UNUSUAL CONDITIONS,,A,DAYLIGHT,37.7759,-122.2348,,,,,A,NO PEDESTRIANS INVOLVED,3/1/2016 12:00:00 AM,B,UNSAFE MERGE,,1,I-880 N/B,,,3/24/2016 9:08:50 AM,A,N,1955.0,Fruitvale Ave,F,,D,3/24/2016 9:09:19 AM,3/24/2016 9:09:19 AM,,,2,,,,,,,
142770,9370-2016-5520,1,False,9370,2/29/2016 8:40:00 AM,840,80,14,109,Oakland,1,True,True,B,SIDE SWIPE,,Monday,NotApplicable,True,,,False,True,False,Oakland Superior,C,OTHER MOTOR VEHICLE,,0,0,CLEAR,,NO UNUSUAL CONDITIONS,,A,DAYLIGHT,37.500095,-122.174143,,,,,A,NO PEDESTRIANS INVOLVED,2/29/2016 12:00:00 AM,A,21658(A) VC,False,1,I-80 W/B,,,3/24/2016 8:33:56 AM,A,W,1660.0,POWELL STREET,F,,D,3/24/2016 8:34:28 AM,3/24/2016 8:34:28 AM,,,2,,,,,,,
142765,9370-2016-5521,1,False,9370,2/29/2016 3:45:00 PM,1545,177,14,109,Oakland,1,True,True,B,SIDE SWIPE,,Monday,NotApplicable,False,M,,False,True,True,Oakland Superior,C,OTHER MOTOR VEHICLE,,0,0,CLEAR,,NO UNUSUAL CONDITIONS,,A,DAYLIGHT,37.464066,-122.141452,,,,,A,NO PEDESTRIANS INVOLVED,2/29/2016 12:00:00 AM,A,21658(A) VC,False,2,I-880 S/B,,,3/24/2016 8:31:28 AM,A,N,10.0,23RD AVENUE,F,,D,3/24/2016 8:32:00 AM,3/24/2016 8:32:00 AM,,,2,,,,,,,
142754,9370-2016-0329,1,False,9370,2/26/2016 4:50:00 AM,450,176,14,109,Oakland,1,True,True,E,HIT OBJECT,,Friday,NotApplicable,False,,,False,True,False,Oakland Superior,I,FIXED OBJECT,Concrete Median,0,0,CLEAR,,NO UNUSUAL CONDITIONS,,D,DARK-NO STREET LIGHTS,37.76569,-122.21822,,,,,A,NO PEDESTRIANS INVOLVED,2/26/2016 12:00:00 AM,A,22107,False,1,I-880 N/B,,,3/24/2016 8:26:55 AM,A,S,800.0,High St,F,,D,3/24/2016 8:27:24 AM,3/24/2016 8:27:24 AM,,,2,,,,,,,
142478,9370-2016-5676,1,False,9370,3/13/2016 8:35:00 AM,835,52,14,109,Oakland,1,True,True,C,REAR END,,Sunday,Yes,False,,,False,True,True,Oakland Superior,C,OTHER MOTOR VEHICLE,,4,0,RAINING,,NO UNUSUAL CONDITIONS,,A,DAYLIGHT,37.77814,-122.16791,,,,,A,NO PEDESTRIANS INVOLVED,3/13/2016 12:00:00 AM,A,22350,False,1,I-580 W/B,,,3/23/2016 5:36:50 PM,B,W,1500.0,Edwards Avenue,F,,D,3/23/2016 5:37:30 PM,3/23/2016 5:37:30 PM,,,2,,,,,,,
142467,9370-2016-5671,1,False,9370,3/13/2016 9:50:00 AM,950,176,14,109,Oakland,1,True,True,C,REAR END,,Sunday,NotApplicable,False,,,False,True,False,Oakland Superior,C,OTHER MOTOR VEHICLE,,0,0,RAINING,,NO UNUSUAL CONDITIONS,,A,DAYLIGHT,37.7393,-122.1968,,,,,A,NO PEDESTRIANS INVOLVED,3/13/2016 12:00:00 AM,A,22350 VC,False,1,I-880 S/B TO HEGENBERGER RD,,,3/23/2016 5:14:25 PM,B,N,20.0,Hegenberger Rd,F,,A,3/23/2016 5:15:18 PM,3/23/2016 5:15:18 PM,,,2,,,,,,,
142465,9370-2016-5677,1,False,9370,3/13/2016 5:15:00 PM,1715,8,14,109,Oakland,1,True,True,E,HIT OBJECT,,Sunday,NotApplicable,False,,,False,True,True,Oakland Superior,I,FIXED OBJECT,CONCRETE BARRIER,1,0,CLOUDY,RAINING,NO UNUSUAL CONDITIONS,,A,DAYLIGHT,37.827825,-122.294747,,,,,A,NO PEDESTRIANS INVOLVED,3/13/2016 12:00:00 AM,A,22350,False,1,I-80 E/B,,,3/23/2016 5:08:16 PM,A,W,50.0,I-580 W/B TO I-80 W/B O/C,F,,D,3/23/2016 5:08:59 PM,3/23/2016 5:08:59 PM,,,2,,,,,,,
142418,9370-2016-5659,1,False,9370,3/12/2016 5:40:00 PM,1740,178,14,109,Oakland,1,True,True,B,SIDE SWIPE,,Saturday,NotApplicable,False,,,False,True,False,Oakland Superior,C,OTHER MOTOR VEHICLE,,0,0,RAINING,,NO UNUSUAL CONDITIONS,,D,DARK-NO STREET LIGHTS,37.802222,-122.29315,,,,,A,NO PEDESTRIANS INVOLVED,3/12/2016 12:00:00 AM,A,21658(a),False,1,I-880 S/B,,,3/23/2016 4:21:58 PM,B,S,100.0,3RD sTREET U/C,F,,D,3/23/2016 4:22:33 PM,3/23/2016 4:22:33 PM,,,2,,,,,,,
142407,9370-2016-5665,1,False,9370,3/12/2016 11:15:00 PM,2315,8,14,109,Oakland,1,True,True,C,REAR END,,Saturday,Yes,False,,,False,True,True,Oakland Superior,C,OTHER MOTOR VEHICLE,,0,0,CLOUDY,,NO UNUSUAL CONDITIONS,,C,DARK-STREET LIGHTS,37.49519,-122.17357,,,,,A,NO PEDESTRIANS INVOLVED,3/12/2016 12:00:00 AM,A,23152(a),True,1,I-80 E/B,,,3/23/2016 4:11:16 PM,B,W,2500.0,Powell St,F,,D,3/23/2016 4:11:55 PM,3/23/2016 4:11:55 PM,,,2,,,,,,,
142062,9370-2016-5670,1,False,9370,3/12/2016 3:25:00 PM,1525,8,14,109,Oakland,1,True,True,B,SIDE SWIPE,,Saturday,NotApplicable,False,,,False,True,False,Oakland Superior,C,OTHER MOTOR VEHICLE,,0,0,RAINING,,NO UNUSUAL CONDITIONS,,A,DAYLIGHT,37.4952,-122.1735,,,,,A,NO PEDESTRIANS INVOLVED,3/12/2016 12:00:00 AM,A,21658(a),False,1,I-80 E/B,,,3/23/2016 11:41:35 AM,B,W,2630.0,Powell St,F,,D,3/23/2016 11:42:15 AM,3/23/2016 11:42:15 AM,,,2,,,,,,,
141645,9370-2016-5598,1,False,9370,3/7/2016 9:10:00 AM,910,13,14,109,Oakland,1,True,True,C,REAR END,,Monday,NotApplicable,False,,,False,True,False,Oakland Superior,C,OTHER MOTOR VEHICLE,,0,0,RAINING,,NO UNUSUAL CONDITIONS,,A,DAYLIGHT,37.49587,-122.13085,,,,,A,NO PEDESTRIANS INVOLVED,3/7/2016 12:00:00 AM,A,22350,False,1,SR-13 N/B,,,3/22/2016 7:01:55 PM,B,N,163.0,MORAGA AVE.,F,,D,3/22/2016 7:02:27 PM,3/22/2016 7:02:27 PM,,,2,,,,,,,
141636,9370-2016-5530,1,False,9370,3/1/2016 7:35:00 PM,1935,25,14,109,Oakland,1,True,True,B,SIDE SWIPE,,Tuesday,NotApplicable,False,,,False,True,True,Oakland Superior,C,OTHER MOTOR VEHICLE,,1,0,CLEAR,,NO UNUSUAL CONDITIONS,,D,DARK-NO STREET LIGHTS,37.500193,-122.500193,,,,,A,NO PEDESTRIANS INVOLVED,3/1/2016 12:00:00 AM,A,21658(a),False,1,SR-24 W/B FROM 51ST ST,,,3/22/2016 6:35:33 PM,A,E,115.0,45th St,F,,D,3/22/2016 6:36:09 PM,3/22/2016 6:36:09 PM,,,2,,,,,,,
141633,9370-2016-5632,1,False,9370,3/9/2016 11:00:00 AM,1100,55,14,109,Oakland,1,True,True,C,REAR END,,Wednesday,NotApplicable,False,,,False,True,False,Oakland Superior,C,OTHER MOTOR VEHICLE,,1,0,CLOUDY,,NO UNUSUAL CONDITIONS,,A,DAYLIGHT,37.493637,-122.17128,,,,,A,NO PEDESTRIANS INVOLVED,3/9/2016 12:00:00 AM,A,22350 VC,False,1,I-580 W/B,,,3/22/2016 6:26:12 PM,B,W,660.0,Hollis St,F,,D,3/22/2016 6:26:57 PM,3/22/2016 6:26:57 PM,,,2,,,,,,,
141627,9370-2016-5626,1,False,9370,3/8/2016 11:00:00 AM,1100,52,14,109,Oakland,1,True,True,D,BROADSIDE,,Tuesday,NotApplicable,False,,,False,True,True,Oakland Superior,C,OTHER MOTOR VEHICLE,,0,0,CLOUDY,,NO UNUSUAL CONDITIONS,,A,DAYLIGHT,37.454404,-122.08581,,,,,A,NO PEDESTRIANS INVOLVED,3/8/2016 12:00:00 AM,A,21658(a),False,1,I-580 E/B,,,3/22/2016 5:52:37 PM,A,E,1600.0,FONTAINE OVERPASS,F,,D,3/22/2016 5:53:08 PM,3/22/2016 5:53:08 PM,,,2,,,,,,,
141620,9370-2016-5654,1,False,9370,3/11/2016 11:10:00 PM,2310,24,14,109,Oakland,1,True,True,E,HIT OBJECT,,Friday,Yes,False,,,False,True,True,Oakland Superior,I,FIXED OBJECT,CONCRETE CURB,1,0,CLOUDY,,NO UNUSUAL CONDITIONS,,D,DARK-NO STREET LIGHTS,37.849091,-122.241689,,,,,A,NO PEDESTRIANS INVOLVED,3/11/2016 12:00:00 AM,A,23152(a),False,1,SR-24 E/B FROM BROADWAY,,,3/22/2016 5:29:50 PM,A,E,630.0,Patton St,F,,D,3/22/2016 5:31:46 PM,3/22/2016 5:31:46 PM,,,2,,,,,,,
141609,9370-2016-5639,1,False,9370,3/10/2016 10:45:00 AM,1045,176,14,109,Oakland,1,True,True,B,SIDE SWIPE,,Thursday,NotApplicable,False,M,,False,True,False,Oakland Superior,C,OTHER MOTOR VEHICLE,,0,0,CLOUDY,,NO UNUSUAL CONDITIONS,,A,DAYLIGHT,37.7392,-122.1953,,,,,A,NO PEDESTRIANS INVOLVED,3/10/2016 12:00:00 AM,A,21658(a),False,1,I-880 S/B,,,3/22/2016 5:05:03 PM,B,S,450.0,Hegenberger Rd,F,,D,3/22/2016 5:05:34 PM,3/22/2016 5:05:34 PM,,,2,,,,,,,
141601,9370-2016-5636,1,False,9370,3/10/2016 11:37:00 AM,1137,55,14,109,Oakland,1,True,True,B,SIDE SWIPE,,Thursday,NotApplicable,False,,,False,True,False,Oakland Superior,C,OTHER MOTOR VEHICLE,,0,0,CLEAR,,NO UNUSUAL CONDITIONS,,A,DAYLIGHT,37.4937,-122.1798,,,,,A,NO PEDESTRIANS INVOLVED,3/10/2016 12:00:00 AM,A,21658(a),False,1,I-580 W/B,,,3/22/2016 4:50:28 PM,B,W,400.0,San Pablo Ave,F,,D,3/22/2016 4:51:03 PM,3/22/2016 4:51:03 PM,,,2,,,,,,,
141536,9370-2016-5641,1,False,9370,3/10/2016 5:25:00 PM,1725,178,14,109,Oakland,1,True,True,E,HIT OBJECT,,Thursday,NotApplicable,False,,,False,True,True,Oakland Superior,I,FIXED OBJECT,concrete barrier,0,0,CLOUDY,RAINING,NO UNUSUAL CONDITIONS,,A,DAYLIGHT,37.802742,-122.286302,,,,,A,NO PEDESTRIANS INVOLVED,3/10/2016 12:00:00 AM,A,22350,False,1,I-880 N/B,,,3/22/2016 3:27:35 PM,B,N,995.0,market street u/c,F,,D,3/22/2016 3:28:41 PM,3/22/2016 3:28:41 PM,,,2,,,,,,,
141322,9370-2016-5638,1,False,9370,3/10/2016 2:40:00 PM,1440,8,14,109,Oakland,1,True,True,B,SIDE SWIPE,,Thursday,NotApplicable,False,,,False,True,True,Oakland Superior,C,OTHER MOTOR VEHICLE,,0,0,RAINING,,NO UNUSUAL CONDITIONS,,A,DAYLIGHT,37.8248,-122.3137,,,,,A,NO PEDESTRIANS INVOLVED,3/10/2016 12:00:00 AM,A,21658(a) VC,False,1,I-80 W/B,,,3/22/2016 12:39:12 PM,B,E,20.0,SFOBB TOLL PLAZA,F,,D,3/22/2016 12:39:43 PM,3/22/2016 12:39:43 PM,,,2,,,,,,,
141125,9370-2016-5627,1,False,9370,3/9/2016 8:00:00 AM,800,25,14,109,Oakland,1,True,True,B,SIDE SWIPE,,Wednesday,NotApplicable,False,,,False,True,False,Oakland Superior,C,OTHER MOTOR VEHICLE,,0,0,CLOUDY,,NO UNUSUAL CONDITIONS,,A,DAYLIGHT,37.8268,-122.2679,,,,,A,NO PEDESTRIANS INVOLVED,3/9/2016 12:00:00 AM,A,22107 VC,False,1,SR-24 W/B,,,3/22/2016 10:07:55 AM,B,W,60.0,WEST MACARTHUR BLVD,F,,D,3/22/2016 10:08:23 AM,3/22/2016 10:08:23 AM,,,2,,,,,,,
140968,9370-2016-0208,1,False,9370,1/19/2016 6:05:00 AM,605,54,14,109,Oakland,1,True,True,C,REAR END,,Tuesday,NotApplicable,False,,,False,True,True,Oakland Superior,C,OTHER MOTOR VEHICLE,,0,0,RAINING,,NO UNUSUAL CONDITIONS,,C,DARK-STREET LIGHTS,37.805153,-122.234573,,,,,A,NO PEDESTRIANS INVOLVED,1/19/2016 12:00:00 AM,A,22350,False,1,I-580 W/B,,,3/22/2016 8:25:49 AM,B,W,440.0,PARK BOULEVARD,F,,D,3/22/2016 8:26:18 AM,3/22/2016 8:26:18 AM,,,2,,,,,,,
140802,9370-2016-5608,1,False,9370,3/7/2016 6:35:00 PM,1835,13,14,109,Oakland,1,True,True,C,REAR END,,Monday,Yes,False,,,False,True,True,Oakland Superior,C,OTHER MOTOR VEHICLE,,2,0,RAINING,,NO UNUSUAL CONDITIONS,,D,DARK-NO STREET LIGHTS,37.84018,-122.22338,,,,,A,NO PEDESTRIANS INVOLVED,3/7/2016 12:00:00 AM,A,22350,False,1,SR-13 N/B,,,3/22/2016 3:57:25 AM,B,N,500.0,Broadway Ter,F,,D,3/22/2016 3:58:04 AM,3/22/2016 3:58:04 AM,,,2,,,,,,,
140801,9370-2016-5736,2,False,9370,3/19/2016 12:45:00 PM,1245,52,14,109,Oakland,1,True,True,B,SIDE SWIPE,,Saturday,NotApplicable,False,M,,False,True,True,Oakland Superior,C,OTHER MOTOR VEHICLE,,0,0,CLEAR,,NO UNUSUAL CONDITIONS,,A,DAYLIGHT,37.46558,-122.10303,,,,,A,NO PEDESTRIANS INVOLVED,3/19/2016 12:00:00 AM,A,21658(a),False,1,I-580 W/B,,,4/9/2016 7:55:19 PM,A,W,80.0,Kuhnle Ave.,F,,D,3/22/2016 3:08:15 AM,4/9/2016 7:55:39 PM,,,2,,,,,,,
140800,9370-2016-5709,1,False,9370,3/14/2016 9:40:00 PM,2140,176,14,109,Oakland,1,True,True,C,REAR END,,Monday,NotApplicable,False,,,False,True,False,Oakland Superior,C,OTHER MOTOR VEHICLE,,0,0,CLEAR,,NO UNUSUAL CONDITIONS,,D,DARK-NO STREET LIGHTS,37.451467,-122.123031,,,,,A,NO PEDESTRIANS INVOLVED,3/14/2016 12:00:00 AM,A,22350,False,1,I-880 S/B,,,3/22/2016 2:52:32 AM,A,N,50.0,66th Ave,F,,D,3/22/2016 2:53:06 AM,3/22/2016 2:53:06 AM,,,2,,,,,,,
140799,9370-2016-5723,1,False,9370,3/16/2016 10:17:00 PM,2217,8,14,109,Oakland,1,True,True,B,SIDE SWIPE,,Wednesday,NotApplicable,False,,,False,True,False,Oakland Superior,C,OTHER MOTOR VEHICLE,,0,0,CLEAR,,NO UNUSUAL CONDITIONS,,C,DARK-STREET LIGHTS,37.825101,-122.311408,,,,,A,NO PEDESTRIANS INVOLVED,3/16/2016 12:00:00 AM,A,21658(a),False,1,I-80 W/B,,,3/22/2016 2:27:31 AM,A,E,692.0,SFOBB TOLL PLAZA,F,,D,3/22/2016 2:28:10 AM,3/22/2016 2:28:10 AM,,,2,,,,,,,
140793,9370-2016-5721,1,False,9370,3/17/2016 7:10:00 PM,1910,176,14,109,Oakland,1,True,True,C,REAR END,,Thursday,NotApplicable,False,,,False,True,False,Oakland Superior,C,OTHER MOTOR VEHICLE,,0,0,CLEAR,,NO UNUSUAL CONDITIONS,,A,DAYLIGHT,37.435581,-122.112335,,,,,A,NO PEDESTRIANS INVOLVED,3/17/2016 12:00:00 AM,A,22350,False,1,I-880 S/B FROM 98TH AVENUE,,,3/22/2016 1:16:42 AM,A,N,290.0,98th Ave,F,,A,3/22/2016 1:17:10 AM,3/22/2016 1:17:10 AM,,,2,,,,,,,
140791,9370-2016-5694,1,False,9370,3/15/2016 5:35:00 PM,1735,176,14,109,Oakland,1,True,True,C,REAR END,,Tuesday,NotApplicable,False,,,False,True,False,Oakland Superior,C,OTHER MOTOR VEHICLE,,0,0,CLEAR,,OBSTRUCTION ON ROADWAY*,,A,DAYLIGHT,37.766563,-122.218817,,,,,A,NO PEDESTRIANS INVOLVED,3/15/2016 12:00:00 AM,A,22106,False,1,I-880 N/B,,,3/22/2016 12:37:34 AM,A,S,700.0,HIGH ST.,F,,D,3/22/2016 12:38:13 AM,3/22/2016 12:38:13 AM,,,2,,,,,,,
140790,9370-2016-5695,1,False,9370,3/15/2016 11:08:00 PM,2308,52,14,109,Oakland,1,True,True,E,HIT OBJECT,,Tuesday,Yes,False,,,False,True,True,Oakland Superior,I,FIXED OBJECT,Sign Post,1,0,CLEAR,,NO UNUSUAL CONDITIONS,,C,DARK-STREET LIGHTS,37.7846,-122.191,,,,,A,NO PEDESTRIANS INVOLVED,3/15/2016 12:00:00 AM,A,22107,False,1,I-580 E/B,,,3/22/2016 12:24:55 AM,A,E,800.0,Birdsall Avenue Pedestrian Overcrossing,F,,D,3/22/2016 12:25:38 AM,3/22/2016 12:25:38 AM,,,2,,,,,,,
140714,9370-2016-5491,1,False,9370,2/27/2016 4:50:00 PM,1650,24,14,109,Oakland,1,True,True,C,REAR END,,Saturday,NotApplicable,False,M,,False,True,False,Oakland Superior,C,OTHER MOTOR VEHICLE,,0,0,CLEAR,,NO UNUSUAL CONDITIONS,,A,DAYLIGHT,37.850294,-122.223159,,,,,A,NO PEDESTRIANS INVOLVED,2/27/2016 12:00:00 AM,D,,,,SR-24 E/B,,,3/21/2016 4:43:19 PM,A,W,125.0,KAY STREET O/C,F,,D,3/21/2016 4:44:43 PM,3/21/2016 4:44:43 PM,,,2,,,,,,,
140648,9370-2016-5616,1,False,9370,3/8/2016 10:26:00 AM,1026,176,14,109,Oakland,1,True,True,C,REAR END,,Tuesday,NotApplicable,False,,,False,True,False,Oakland Superior,C,OTHER MOTOR VEHICLE,,0,0,CLOUDY,,NO UNUSUAL CONDITIONS,,A,DAYLIGHT,37.7718,-122.2236,,,,,A,NO PEDESTRIANS INVOLVED,3/8/2016 12:00:00 AM,A,22350 VC,False,1,I-880 N/B FROM HIGH STREET,,,3/21/2016 3:20:08 PM,A,N,323.0,HIGH STREET,F,,D,3/21/2016 3:20:44 PM,3/21/2016 3:20:44 PM,,,2,,,,,,,
140324,9370-2016-5618,1,False,9370,3/8/2016 10:55:00 AM,1055,8,14,109,Oakland,1,True,True,C,REAR END,,Tuesday,NotApplicable,False,,,False,True,True,Oakland Superior,C,OTHER MOTOR VEHICLE,,0,0,CLOUDY,,NO UNUSUAL CONDITIONS,,A,DAYLIGHT,37.82614,-122.30234,,,,,A,NO PEDESTRIANS INVOLVED,3/8/2016 12:00:00 AM,A,22350,False,1,I-80 W/B,,,3/21/2016 11:19:48 AM,A,E,1000.0,I-880 N/B OVERCROSSING,F,,D,3/21/2016 11:21:11 AM,3/21/2016 11:21:11 AM,,,2,,,,,,,
139866,9335-2016-5545,1,False,9335,3/19/2016 2:10:00 PM,1410,84,14,109,Oakland,1,True,True,C,REAR END,,Saturday,NotApplicable,False,M,,False,True,False,Oakland Superior,C,OTHER MOTOR VEHICLE,,0,0,CLEAR,,NO UNUSUAL CONDITIONS,,A,DAYLIGHT,37.8188,-122.3498,,,,,A,NO PEDESTRIANS INVOLVED,3/19/2016 12:00:00 AM,A,21703,False,2,I-80 E/B,,,3/20/2016 1:18:31 PM,A,E,2847.0,THE SFOBB TOWER,F,,D,3/20/2016 1:19:01 PM,3/20/2016 1:19:01 PM,,,2,,,,,,,