collision-id,report-number,report-version,is-preliminary,ncic-code,crash-date-time,crash-time-description,beat,city-id,city-code,city-name,county-code,city-is-active,city-is-incorporated,collision-type-code,collision-type-description,collision-type-other-desc,day-of-week,dispatch-notified,has-photographs,hit-run,is-attachments-mailed,is-deleted,is-highway-related,is-tow-away,judicial-district,motor-vehicle-involved-with-code,motor-vehicle-involved-with-desc,motor-vehicle-involved-with-other-desc,number-injured,number-killed,weather-1,weather-2,road-condition-1,road-condition-2,special-condition-lighting-code,lighting-description,latitude,longitude,milepost-direction,milepost-distance,milepost-marker,milepost-unit-of-measure,pedestrian-action-code,pedestrian-action-desc,prepared-date,primary-collision-factor-code,primary-collision-factor-violation,primary-collision-factor-is-cited,primary-collision-party-number,primary-road,reporting-district,reporting-district-code,reviewed-date,roadway-surface-code,secondary-direction,secondary-distance,secondary-road,secondary-unit-of-measure,sketch-desc,traffic-control-device-code,created-date,modified-date,is-county-road,is-freeway,chp-555-version,is-additonal-object-struck,notification-date,notification-time-description,has-digital-media-files,evidence-number,is-location-refer-to-narrative,is-aoi-one-same-as-location
206188,9370-2016-7665,1,False,9370,6/17/2016 10:50:00 PM,2250,52,14,109,Oakland,1,True,True,B,SIDE SWIPE,,Friday,NotApplicable,False,M,,False,True,False,Oakland Superior,C,OTHER MOTOR VEHICLE,,0,0,CLEAR,,NO UNUSUAL CONDITIONS,,D,DARK-NO STREET LIGHTS,37.788719,-122.199374,,,,,A,NO PEDESTRIANS INVOLVED,6/17/2016 12:00:00 AM,A,22517,False,1,I-580 W/B,,,6/21/2016 10:37:19 AM,A,E,350.0,38th Ave,F,,D,6/21/2016 10:37:53 AM,6/21/2016 10:37:53 AM,,,2,,,,,,,
205945,9370-2016-7635,1,False,9370,6/15/2016 8:55:00 AM,855,8,14,109,Oakland,1,True,True,B,SIDE SWIPE,,Wednesday,NotApplicable,False,,,False,True,False,Oakland Superior,C,OTHER MOTOR VEHICLE,,0,0,CLEAR,,NO UNUSUAL CONDITIONS,,A,DAYLIGHT,37.824869,-122.312212,,,,,A,NO PEDESTRIANS INVOLVED,6/15/2016 12:00:00 AM,A,21658(a),False,,I-80 W/B,,,6/21/2016 8:20:13 AM,A,E,400.0,SF/Oakland bay bridge toll plaza,F,,D,6/21/2016 8:20:53 AM,6/21/2016 8:20:53 AM,,,2,,,,,,,
205916,9370-2016-7625,1,False,9370,6/14/2016 4:48:00 AM,448,176,14,109,Oakland,1,True,True,E,HIT OBJECT,,Tuesday,NotApplicable,False,M,,False,True,True,Richmond Superior,I,FIXED OBJECT,LIGHT POLE,0,0,CLEAR,,NO UNUSUAL CONDITIONS,,C,DARK-STREET LIGHTS,37.739711,-122.195972,,,,,A,NO PEDESTRIANS INVOLVED,6/14/2016 12:00:00 AM,A,22107,False,1,I-880 S/B,,,6/21/2016 7:52:26 AM,A,S,130.0,Hegenberger Rd,F,,D,6/21/2016 7:54:14 AM,6/21/2016 7:54:14 AM,,,2,,,,,,,
205883,9370-2016-7637,1,False,9370,6/15/2016 11:50:00 AM,1150,8,14,109,Oakland,1,True,True,C,REAR END,,Wednesday,NotApplicable,False,,,False,True,False,Oakland Superior,C,OTHER MOTOR VEHICLE,,0,0,CLEAR,,NO UNUSUAL CONDITIONS,,A,DAYLIGHT,37.82479,-122.31023,,,,,A,NO PEDESTRIANS INVOLVED,6/15/2016 12:00:00 AM,A,21703,False,1,I-80 W/B,,,6/21/2016 7:19:54 AM,A,E,1000.0,SF/Oakland Bay Bridge Toll Plaza,F,,D,6/21/2016 7:20:22 AM,6/21/2016 7:20:22 AM,,,2,,,,,,,
205867,9370-2016-7629,1,False,9370,6/14/2016 8:18:00 PM,2018,176,14,109,Oakland,1,True,True,B,SIDE SWIPE,,Tuesday,NotApplicable,False,,,False,True,False,Oakland Superior,C,OTHER MOTOR VEHICLE,,0,0,CLEAR,,NO UNUSUAL CONDITIONS,,B,DUSK-DAWN,37.791967,-122.262289,,,,,A,NO PEDESTRIANS INVOLVED,6/14/2016 12:00:00 AM,A,21658(a),False,,I-880 S/B,,,6/21/2016 6:59:20 AM,A,N,866.0,5th Ave,F,,D,6/21/2016 6:59:54 AM,6/21/2016 6:59:54 AM,,,2,,,,,,,
205848,9370-2016-7613,1,False,9370,6/13/2016 9:05:00 AM,905,8,14,109,Oakland,1,True,True,B,SIDE SWIPE,,Monday,NotApplicable,False,M,,False,True,False,Oakland Superior,C,OTHER MOTOR VEHICLE,,0,0,CLEAR,,NO UNUSUAL CONDITIONS,,A,DAYLIGHT,37.824829,-122.312459,,,,,A,NO PEDESTRIANS INVOLVED,6/13/2016 12:00:00 AM,A,21658(a),False,2,I-80 W/B,,,6/21/2016 6:43:39 AM,A,E,150.0,SF/Oakland Bay Bridge Toll Plaza,F,,D,6/21/2016 6:44:23 AM,6/21/2016 6:44:23 AM,,,2,,,,,,,
205834,9370-2016-7576,1,False,9370,6/10/2016 4:42:00 AM,442,8,14,109,Oakland,1,True,True,B,SIDE SWIPE,,Friday,NotApplicable,False,,,False,True,False,Oakland Superior,C,OTHER MOTOR VEHICLE,,2,0,CLEAR,,NO UNUSUAL CONDITIONS,,C,DARK-STREET LIGHTS,37.828494,-122.293601,,,,,A,NO PEDESTRIANS INVOLVED,6/10/2016 12:00:00 AM,A,21658(a),False,1,I-80 WB TO I-580 EB / I-880 SB,,,6/21/2016 6:28:08 AM,A,W,0.67,Powell St,M,,D,6/21/2016 6:28:44 AM,6/21/2016 6:28:44 AM,,,2,,,,,,,
205540,9370-2016-7640,1,False,9370,6/15/2016 2:40:00 PM,1440,8,14,109,Oakland,1,True,True,C,REAR END,,Wednesday,NotApplicable,False,,,False,True,False,Oakland Superior,C,OTHER MOTOR VEHICLE,,0,0,CLEAR,,NO UNUSUAL CONDITIONS,,A,DAYLIGHT,37.82385,-122.31335,,,,,A,NO PEDESTRIANS INVOLVED,6/15/2016 12:00:00 AM,A,22350,False,1,I-80 E/B,,,6/20/2016 2:31:18 PM,A,W,1110.0,WEST GRAND Avenue,F,,D,6/20/2016 2:31:46 PM,6/20/2016 2:31:46 PM,,,2,,,,,,,
205496,9370-2016-7642,1,False,9370,6/15/2016 3:10:00 PM,1510,176,14,109,Oakland,1,True,True,E,HIT OBJECT,,Wednesday,NotApplicable,False,M,,False,True,True,Oakland Superior,J,OTHER OBJECT,metal debris,0,0,CLEAR,,NO UNUSUAL CONDITIONS,,A,DAYLIGHT,37.75375,-122.20764,,,,,A,NO PEDESTRIANS INVOLVED,6/15/2016 12:00:00 AM,A,23115(a),False,1,I-880 N/B,,,6/20/2016 2:08:32 PM,A,S,20.0,Hegenberger Rd,F,,D,6/20/2016 2:09:01 PM,6/20/2016 2:09:01 PM,,,2,,,,,,,
205286,9370-2016-7587,1,False,9370,6/11/2016 2:20:00 AM,220,176,14,109,Oakland,1,True,True,E,HIT OBJECT,,Saturday,Yes,False,,,False,True,True,Oakland Superior,I,FIXED OBJECT,CONCRETE WALL,0,0,CLEAR,,NO UNUSUAL CONDITIONS,,C,DARK-STREET LIGHTS,37.764641,-122.21753,,,,,A,NO PEDESTRIANS INVOLVED,6/11/2016 12:00:00 AM,A,23152(a),True,1,I-880 S/B,,,6/20/2016 12:05:25 PM,A,S,1485.0,HIGH STREET,F,,D,6/20/2016 12:06:24 PM,6/20/2016 12:06:24 PM,,,2,,,,,,,
204887,9370-2016-7418,1,False,9370,5/28/2016 2:39:00 AM,239,176,14,109,Oakland,1,True,True,B,SIDE SWIPE,,Saturday,NotApplicable,False,M,,False,True,False,Oakland Superior,C,OTHER MOTOR VEHICLE,,0,0,CLEAR,,NO UNUSUAL CONDITIONS,,C,DARK-STREET LIGHTS,37.46888,-122.131456,,,,,A,NO PEDESTRIANS INVOLVED,5/28/2016 12:00:00 AM,A,21658(a),False,1,I-880 NORTHBOUND,,,6/20/2016 8:13:52 AM,A,N,300.0,high street,F,,D,6/20/2016 8:14:28 AM,6/20/2016 8:14:28 AM,,,2,,,,,,,
204825,9370-2016-7536,1,False,9370,6/3/2016 1:42:00 AM,142,24,14,109,Oakland,1,True,True,E,HIT OBJECT,,Friday,NotApplicable,False,,,False,True,True,Oakland Superior,I,FIXED OBJECT,CONCRETE wall,0,0,CLOUDY,,NO UNUSUAL CONDITIONS,,Counter Report / Late-ReportedC,DARK-STREET LIGHTS,37.492588,-122.16216,,,,,A,NO PEDESTRIANS INVOLVED,6/3/2016 12:00:00 AM,A,22107,False,1,SR-24 WESTBOUND TO I-580 EASTBOUND,,,6/20/2016 7:34:27 AM,A,E,360.0,Telegraph Ave,F,,D,6/20/2016 7:34:56 AM,6/20/2016 7:34:56 AM,,,2,,,,,,,
204695,9370-2016-7605,1,False,9370,6/10/2016 12:00:00 PM,1200,176,14,109,Oakland,1,True,True,C,REAR END,,Friday,NotApplicable,False,M,,False,True,False,Oakland Superior,C,OTHER MOTOR VEHICLE,,0,0,CLEAR,,NO UNUSUAL CONDITIONS,,A,DAYLIGHT,37.7288,-122.1859,,,,,A,NO PEDESTRIANS INVOLVED,6/10/2016 12:00:00 AM,A,22350,False,1,I-880 N/B,,,6/19/2016 6:18:48 PM,A,S,1250.0,98th Ave,F,,D,6/19/2016 6:19:19 PM,6/19/2016 6:19:19 PM,,,2,,,,,,,
204674,9370-2016-7659,1,False,9370,6/17/2016 2:40:00 PM,1440,55,14,109,Oakland,1,True,True,B,SIDE SWIPE,,Friday,NotApplicable,False,M,,False,True,False,Oakland Superior,C,OTHER MOTOR VEHICLE,,0,0,CLOUDY,,NO UNUSUAL CONDITIONS,,A,DAYLIGHT,37.82653,-122.2868,,,,,A,NO PEDESTRIANS INVOLVED,6/17/2016 12:00:00 AM,A,21658(a),False,1,I-580 E/B,,,6/19/2016 3:33:22 PM,A,E,600.0,MANDELA PARKWAY,F,,D,6/19/2016 3:34:53 PM,6/19/2016 3:34:53 PM,,,2,,,,,,,
204666,9370-2016-7583,3,False,9370,6/10/2016 2:55:00 PM,1455,13,14,109,Oakland,1,True,True,F,OVERTURNED,,Friday,Yes,False,F,,False,True,True,Oakland Superior,A,NON-COLLISION,,1,0,CLEAR,,NO UNUSUAL CONDITIONS,,A,DAYLIGHT,37.834347,-122.217957,,,,,A,NO PEDESTRIANS INVOLVED,6/10/2016 12:00:00 AM,A,21658(a),False,1,SR-13 N/B,,,9/4/2016 8:24:51 PM,A,N,1100.0,Moraga Ave,F,,D,6/19/2016 2:00:12 PM,9/4/2016 8:25:03 PM,,,2,,,,,,,
204658,9370-2016-7674,1,False,9370,6/18/2016 1:30:00 PM,1330,8,14,109,Oakland,1,True,True,C,REAR END,,Saturday,NotApplicable,False,,,False,True,False,Oakland Superior,C,OTHER MOTOR VEHICLE,,0,0,CLEAR,,NO UNUSUAL CONDITIONS,,A,DAYLIGHT,37.824857,-122.309358,,,,,A,NO PEDESTRIANS INVOLVED,6/18/2016 12:00:00 AM,A,22106,False,1,I-80 W/B,,,6/19/2016 1:00:25 PM,A,E,1067.0,SFOBB,F,,D,6/19/2016 1:01:03 PM,6/19/2016 1:01:03 PM,,,2,,,,,,,
204639,9370-2016-7669,1,False,9370,6/17/2016 11:30:00 AM,1130,8,14,109,Oakland,1,True,True,B,SIDE SWIPE,,Friday,NotApplicable,False,M,,False,True,False,Oakland Superior,C,OTHER MOTOR VEHICLE,,0,0,CLEAR,,NO UNUSUAL CONDITIONS,,A,DAYLIGHT,37.824755,-122.314381,,,,,A,NO PEDESTRIANS INVOLVED,6/17/2016 12:00:00 AM,A,21658(a),False,1,I-80 W/B,,,6/19/2016 11:41:53 AM,A,E,100.0,SFOBB TOLL PLAZA,F,,D,6/19/2016 11:42:35 AM,6/19/2016 11:42:35 AM,,,2,,,,,,,
204626,9370-2016-7656,1,False,9370,6/16/2016 9:10:00 PM,2110,24,14,109,Oakland,1,True,True,C,REAR END,,Thursday,NotApplicable,False,,,False,True,True,Oakland Superior,C,OTHER MOTOR VEHICLE,,0,0,CLEAR,,NO UNUSUAL CONDITIONS,,C,DARK-STREET LIGHTS,37.832647,-122.267095,,,,,A,NO PEDESTRIANS INVOLVED,6/16/2016 12:00:00 AM,A,22350,False,1,SR-24 W/B,,,6/19/2016 10:50:25 AM,A,W,300.0,45TH STREET,F,,D,6/19/2016 10:52:00 AM,6/19/2016 10:52:00 AM,,,2,,,,,,,
204601,9370-2016-7662,1,False,9370,6/17/2016 6:12:00 PM,1812,24,14,109,Oakland,1,True,True,B,SIDE SWIPE,,Friday,NotApplicable,False,,,False,True,False,Oakland Superior,C,OTHER MOTOR VEHICLE,,1,0,CLOUDY,,NO UNUSUAL CONDITIONS,,A,DAYLIGHT,37.505569,-122.1343,,,,,A,NO PEDESTRIANS INVOLVED,6/17/2016 12:00:00 AM,A,22350,False,2,SR-24 E/B,,,6/19/2016 9:08:39 AM,A,W,136.0,SR-13 N/B,F,,D,6/19/2016 9:09:12 AM,6/19/2016 9:09:12 AM,,,2,,,,,,,
204581,9335-2016-6227,1,False,9335,6/13/2016 2:19:00 AM,219,84,14,109,Oakland,1,True,True,C,REAR END,,Monday,Yes,False,,,False,True,True,Oakland Superior,C,OTHER MOTOR VEHICLE,,1,0,CLEAR,,NO UNUSUAL CONDITIONS,,C,DARK-STREET LIGHTS,37.819766,-122.342787,,,,,A,NO PEDESTRIANS INVOLVED,6/13/2016 12:00:00 AM,A,23152(e),True,1,I-80 E/B,,,6/19/2016 8:00:08 AM,A,E,847.0,SF/ALAMEDA CO LINE,F,,D,6/19/2016 8:00:49 AM,6/19/2016 8:00:49 AM,,,2,,,,,,,
204543,9370-2016-7655,1,False,9370,6/16/2016 8:30:00 PM,2030,54,14,109,Oakland,1,True,True,E,HIT OBJECT,,Thursday,NotApplicable,False,,,False,True,True,Oakland Superior,I,FIXED OBJECT,ASPHALT ROADWAY,0,0,CLEAR,,NO UNUSUAL CONDITIONS,,A,DAYLIGHT,37.810495,-122.249355,,,,,A,NO PEDESTRIANS INVOLVED,6/16/2016 12:00:00 AM,C,,,,I-580 W/B,,,6/18/2016 7:25:04 PM,A,W,400.0,Grand Ave,F,,D,6/18/2016 7:25:37 PM,6/18/2016 7:25:37 PM,,,2,,,,,,,
204534,9370-2016-7672,1,False,9370,6/18/2016 3:20:00 PM,1520,177,14,109,Oakland,1,True,True,C,REAR END,,Saturday,NotApplicable,False,,,False,True,True,Oakland Superior,C,OTHER MOTOR VEHICLE,,0,0,CLEAR,,NO UNUSUAL CONDITIONS,,A,DAYLIGHT,37.473196,-122.154647,,,,,A,NO PEDESTRIANS INVOLVED,6/18/2016 12:00:00 AM,A,22107,False,1,I-880 S/B,,,6/18/2016 6:04:22 PM,A,S,1460.0,Oak St,F,,D,6/18/2016 6:04:52 PM,6/18/2016 6:04:52 PM,,,2,,,,,,,
204500,9370-2016-7670,1,False,9370,6/17/2016 11:30:00 AM,1130,8,14,109,Oakland,1,True,True,C,REAR END,,Friday,NotApplicable,False,,,False,True,False,Oakland Superior,C,OTHER MOTOR VEHICLE,,1,0,CLOUDY,,NO UNUSUAL CONDITIONS,,A,DAYLIGHT,37.823609,-122.319879,,,,,A,NO PEDESTRIANS INVOLVED,6/17/2016 12:00:00 AM,A,22350,False,3,I-80 W/B,,,6/18/2016 1:39:19 PM,A,E,130.0,sfobb toll plaza,F,,D,6/18/2016 1:39:55 PM,6/18/2016 1:39:55 PM,,,2,,,,,,,
204437,9370-2016-7650,2,False,9370,6/16/2016 7:00:00 AM,700,8,14,109,Oakland,1,True,True,B,SIDE SWIPE,,Thursday,NotApplicable,False,,,False,True,False,Oakland Superior,C,OTHER MOTOR VEHICLE,,0,0,CLEAR,,NO UNUSUAL CONDITIONS,,A,DAYLIGHT,37.825905,-122.303276,,,,,A,NO PEDESTRIANS INVOLVED,6/16/2016 12:00:00 AM,A,22107,False,1,I-80 W/B,,,7/30/2016 10:44:18 AM,A,E,3194.0,SFOBB TOLL PLAZA,F,,D,6/18/2016 8:36:18 AM,7/30/2016 10:46:26 AM,,,2,,,,,,,
204408,9370-2016-7607,1,False,9370,6/12/2016 5:10:00 PM,1710,8,14,109,Oakland,1,True,True,C,REAR END,,Sunday,NotApplicable,False,,,False,True,False,Oakland Superior,C,OTHER MOTOR VEHICLE,,0,0,CLEAR,,NO UNUSUAL CONDITIONS,,A,DAYLIGHT,37.825323,-122.305355,,,,,A,NO PEDESTRIANS INVOLVED,6/12/2016 12:00:00 AM,A,22350,False,2,I-80 W/B,,,6/17/2016 7:36:42 PM,A,E,75.0,I-880 N/B,F,,D,6/17/2016 7:37:17 PM,6/17/2016 7:37:17 PM,,,2,,,,,,,
204371,9370-2016-7651,1,False,9370,6/16/2016 1:55:00 PM,1355,80,14,109,Oakland,1,True,True,C,REAR END,,Thursday,NotApplicable,False,,,False,True,False,Oakland Superior,C,OTHER MOTOR VEHICLE,,0,0,CLEAR,,NO UNUSUAL CONDITIONS,,A,DAYLIGHT,37.843098,-122.297677,,,,,A,NO PEDESTRIANS INVOLVED,6/16/2016 12:00:00 AM,A,22350,False,1,I-80 W/B,,,6/17/2016 5:01:33 PM,A,E,1719.0,Powell St,F,,D,6/17/2016 5:02:10 PM,6/17/2016 5:02:10 PM,,,2,,,,,,,
204358,9335-2016-6246,1,False,9335,6/15/2016 6:00:00 PM,1800,82,14,109,Oakland,1,True,True,C,REAR END,,Wednesday,NotApplicable,False,M,,False,True,False,Oakland Superior,C,OTHER MOTOR VEHICLE,,0,0,CLEAR,,NO UNUSUAL CONDITIONS,,A,DAYLIGHT,,,E,200.0,80 ALA 1.554,F,A,NO PEDESTRIANS INVOLVED,6/15/2016 12:00:00 AM,A,22350,False,2,I-80 W/B,,,6/17/2016 4:40:05 PM,A,E,200.0,SFOBB Metering lights,F,,A,6/17/2016 4:40:50 PM,6/17/2016 4:40:50 PM,,,2,,,,,,,
204229,9370-2016-7646,1,False,9370,6/16/2016 5:25:00 AM,525,176,14,109,Oakland,1,True,True,E,HIT OBJECT,,Thursday,NotApplicable,False,,,False,True,False,Oakland Superior,J,OTHER OBJECT,LADDER,0,0,CLEAR,,NO UNUSUAL CONDITIONS,,B,DUSK-DAWN,37.75456,-122.2085,,,,,A,NO PEDESTRIANS INVOLVED,6/16/2016 12:00:00 AM,A,23114(a),False,1,I-880 N/B,,,6/17/2016 2:13:56 PM,A,N,125.0,66th Ave,F,,D,6/17/2016 2:14:59 PM,6/17/2016 2:14:59 PM,,,2,,,,,,,
204087,9370-2016-7614,1,False,9370,6/13/2016 7:05:00 AM,705,8,14,109,Oakland,1,True,True,B,SIDE SWIPE,,Monday,NotApplicable,False,M,,False,True,False,Oakland Superior,C,OTHER MOTOR VEHICLE,,0,0,CLEAR,,NO UNUSUAL CONDITIONS,,A,DAYLIGHT,37.82512,-122.313637,,,,,A,NO PEDESTRIANS INVOLVED,6/13/2016 12:00:00 AM,A,21658(a),False,2,I-80 W/B,,,6/17/2016 11:48:35 AM,A,E,200.0,SFOBB TOLL PLAZA,F,,D,6/17/2016 11:49:16 AM,6/17/2016 11:49:16 AM,,,2,,,,,,,
203941,9370-2016-7606,1,False,9370,6/12/2016 2:35:00 AM,235,8,14,109,Oakland,1,True,True,B,SIDE SWIPE,,Sunday,Yes,False,,,False,True,True,Oakland Superior,C,OTHER MOTOR VEHICLE,,0,0,CLEAR,,NO UNUSUAL CONDITIONS,,C,DARK-STREET LIGHTS,37.827452,-122.294585,,,,,A,NO PEDESTRIANS INVOLVED,6/12/2016 12:00:00 AM,A,23152(a),True,1,i-80 e/b to I-580 e/b,,,6/17/2016 10:01:26 AM,A,E,3300.0,W. GRAND AVENUE,F,,D,6/17/2016 10:02:21 AM,6/17/2016 10:02:21 AM,,,2,,,,,,,
203762,9370-2016-7599,1,False,9370,6/11/2016 3:50:00 AM,350,8,14,109,Oakland,1,True,True,B,SIDE SWIPE,,Saturday,Yes,False,,,False,True,True,Oakland Superior,C,OTHER MOTOR VEHICLE,,0,0,CLEAR,,NO UNUSUAL CONDITIONS,,D,DARK-NO STREET LIGHTS,37.49358,-122.17542,,,,,A,NO PEDESTRIANS INVOLVED,6/11/2016 12:00:00 AM,A,23152(a),True,1,I-80 E/B (EASTSHORE FREEWAY),,,6/17/2016 7:44:13 AM,A,E,2000.0,WEST GRAND AVE,F,,D,6/17/2016 7:44:52 AM,6/17/2016 7:44:52 AM,,,2,,,,,,,
203661,9370-2016-7528,1,False,9370,6/6/2016 4:55:00 AM,455,55,14,109,Oakland,1,True,True,C,REAR END,,Monday,NotApplicable,False,,,False,True,True,Oakland Superior,C,OTHER MOTOR VEHICLE,,0,0,CLOUDY,,NO UNUSUAL CONDITIONS,,C,DARK-STREET LIGHTS,37.827396,-122.281145,,,,,A,NO PEDESTRIANS INVOLVED,6/6/2016 12:00:00 AM,A,22350,False,1,I-580 W/B,,,6/16/2016 9:52:45 PM,A,W,80.0,Peralta St,F,,D,6/16/2016 9:53:13 PM,6/16/2016 9:53:13 PM,,,2,,,,,,,
203658,9370-2016-7616,1,False,9370,6/13/2016 1:15:00 PM,1315,176,14,109,Oakland,1,True,True,C,REAR END,,Monday,NotApplicable,False,M,,False,True,True,Oakland Superior,C,OTHER MOTOR VEHICLE,,0,0,CLEAR,,NO UNUSUAL CONDITIONS,,A,DAYLIGHT,37.467,-122.13302,,,,,A,NO PEDESTRIANS INVOLVED,6/13/2016 12:00:00 AM,A,22350,False,2,I-880 S/B,,,6/16/2016 9:13:42 PM,A,N,1450.0,High St,F,,D,6/16/2016 9:14:11 PM,6/16/2016 9:14:11 PM,,,2,,,,,,,
203654,9370-2016-7631,1,False,9370,6/14/2016 10:23:00 PM,2223,13,14,109,Oakland,1,True,True,C,REAR END,,Tuesday,NotApplicable,False,,,False,True,True,Oakland Superior,C,OTHER MOTOR VEHICLE,,0,0,CLEAR,,NO UNUSUAL CONDITIONS,,C,DARK-STREET LIGHTS,37.50279,-122.133304,,,,,A,NO PEDESTRIANS INVOLVED,6/14/2016 12:00:00 AM,A,22350,False,3,SR-13 S/B,,,6/16/2016 8:19:42 PM,A,N,50.0,Broadway Ter,F,,A,6/16/2016 8:20:12 PM,6/16/2016 8:20:12 PM,,,2,,,,,,,
203640,9370-2016-7639,1,False,9370,6/13/2016 7:52:00 AM,752,54,14,109,Oakland,1,True,True,C,REAR END,,Monday,NotApplicable,False,,,False,True,False,Oakland Superior,C,OTHER MOTOR VEHICLE,,0,0,CLOUDY,,NO UNUSUAL CONDITIONS,,A,DAYLIGHT,37.803406,-122.23172,,,,,A,NO PEDESTRIANS INVOLVED,6/13/2016 12:00:00 AM,A,22350,False,2,I-580 W/B,,,6/16/2016 7:21:19 PM,A,W,335.0,13th Ave,F,,D,6/16/2016 7:21:48 PM,6/16/2016 7:21:48 PM,,,2,,,,,,,
203632,9370-2016-7520,1,False,9370,6/5/2016 2:07:00 PM,1407,53,14,109,Oakland,1,True,True,C,REAR END,,Sunday,NotApplicable,False,M,,False,True,False,Oakland Superior,C,OTHER MOTOR VEHICLE,,0,0,CLEAR,,NO UNUSUAL CONDITIONS,,A,DAYLIGHT,37.475954,-122.132875,,,,,A,NO PEDESTRIANS INVOLVED,6/5/2016 12:00:00 AM,A,22350,False,1,I-580 E/B,,,6/16/2016 6:56:38 PM,A,W,45.0,Ardley Ave,F,,D,6/16/2016 6:57:36 PM,6/16/2016 6:57:36 PM,,,2,,,,,,,
203609,9370-2016-7647,1,False,9370,6/14/2016 11:15:00 AM,1115,176,14,109,Oakland,1,True,True,B,SIDE SWIPE,,Tuesday,No,False,,,False,True,False,Oakland Juvenile,C,OTHER MOTOR VEHICLE,,0,0,CLEAR,,NO UNUSUAL CONDITIONS,,A,DAYLIGHT,37.774554,-122.232273,,,,,A,NO PEDESTRIANS INVOLVED,6/15/2016 12:00:00 AM,A,21658(a),False,1,I-880 S/B,,,6/16/2016 5:52:58 PM,A,N,0.2,Fruitvale Ave,M,,A,6/16/2016 5:53:33 PM,6/16/2016 5:53:33 PM,,,2,,,,,,,
203595,9370-2016-7624,1,False,9370,6/13/2016 11:00:00 PM,2300,177,14,109,Oakland,1,True,True,B,SIDE SWIPE,,Monday,NotApplicable,False,M,,False,True,False,Oakland Superior,C,OTHER MOTOR VEHICLE,,0,0,CLEAR,,NO UNUSUAL CONDITIONS,,C,DARK-STREET LIGHTS,37.790228,-122.259296,,,,,A,NO PEDESTRIANS INVOLVED,6/13/2016 12:00:00 AM,A,21658(a),False,2,I-880 S/B,,,6/16/2016 5:06:58 PM,A,S,200.0,5th Ave,F,,D,6/16/2016 5:07:32 PM,6/16/2016 5:07:32 PM,,,2,,,,,,,
203585,9370-2016-7619,1,False,9370,6/13/2016 4:50:00 PM,1650,81,14,109,Oakland,1,True,True,C,REAR END,,Monday,NotApplicable,False,,,False,True,False,Oakland Superior,C,OTHER MOTOR VEHICLE,,0,0,CLEAR,,NO UNUSUAL CONDITIONS,,A,DAYLIGHT,37.8669,-122.30403,,,,,A,NO PEDESTRIANS INVOLVED,6/13/2016 12:00:00 AM,A,22350,False,1,I-80 W/B,,,6/16/2016 4:46:27 PM,A,E,300.0,University Ave,F,,D,6/16/2016 4:47:00 PM,6/16/2016 4:47:00 PM,,,2,,,,,,,
203569,9370-2016-7621,1,False,9370,6/13/2016 7:55:00 PM,1955,176,14,109,Oakland,1,True,True,C,REAR END,,Monday,NotApplicable,False,,,False,True,False,Oakland Superior,C,OTHER MOTOR VEHICLE,,0,0,CLEAR,,NO UNUSUAL CONDITIONS,,A,DAYLIGHT,37.462435,-122.134235,,,,,A,NO PEDESTRIANS INVOLVED,6/13/2016 12:00:00 AM,A,22350,False,1,I-880 N/B,,,6/16/2016 4:12:24 PM,A,N,70.0,Fruitvale Ave,F,,D,6/16/2016 4:13:40 PM,6/16/2016 4:13:40 PM,,,2,,,,,,,
203518,9370-2016-7611,1,False,9370,6/12/2016 9:30:00 PM,2130,176,14,109,Oakland,1,True,True,B,SIDE SWIPE,,Sunday,NotApplicable,False,,,False,True,False,OAKLAND SUPERIOR,C,OTHER MOTOR VEHICLE,,0,0,CLEAR,,CONSTRUCTION-REPAIR ZONE,,D,DARK-NO STREET LIGHTS,37.774831,-122.233042,,,,,A,NO PEDESTRIANS INVOLVED,6/12/2016 12:00:00 AM,A,21658(a),False,1,I-880 S/B,,,6/16/2016 3:26:33 PM,A,N,0.28,FRUITVALE  AVE.,F,,D,6/16/2016 3:27:02 PM,6/16/2016 3:27:02 PM,,,2,,,,,,,
203437,9370-2016-7409,1,False,9370,5/27/2016 7:10:00 AM,710,52,14,109,Oakland,1,True,True,B,SIDE SWIPE,,Friday,NotApplicable,False,M,,False,True,True,Oakland Superior,C,OTHER MOTOR VEHICLE,,0,0,CLEAR,,NO UNUSUAL CONDITIONS,,A,DAYLIGHT,37.767419,-122.153183,,,,,A,NO PEDESTRIANS INVOLVED,5/27/2016 12:00:00 AM,A,21658(a),False,1,I-580 E/B,,,6/16/2016 2:32:13 PM,A,W,500.0,Fontaine St,F,,D,6/16/2016 2:32:54 PM,6/16/2016 2:32:54 PM,,,2,,,,,,,