collision-id,report-number,report-version,is-preliminary,ncic-code,crash-date-time,crash-time-description,beat,city-id,city-code,city-name,county-code,city-is-active,city-is-incorporated,collision-type-code,collision-type-description,collision-type-other-desc,day-of-week,dispatch-notified,has-photographs,hit-run,is-attachments-mailed,is-deleted,is-highway-related,is-tow-away,judicial-district,motor-vehicle-involved-with-code,motor-vehicle-involved-with-desc,motor-vehicle-involved-with-other-desc,number-injured,number-killed,weather-1,weather-2,road-condition-1,road-condition-2,special-condition-lighting-code,lighting-description,latitude,longitude,milepost-direction,milepost-distance,milepost-marker,milepost-unit-of-measure,pedestrian-action-code,pedestrian-action-desc,prepared-date,primary-collision-factor-code,primary-collision-factor-violation,primary-collision-factor-is-cited,primary-collision-party-number,primary-road,reporting-district,reporting-district-code,reviewed-date,roadway-surface-code,secondary-direction,secondary-distance,secondary-road,secondary-unit-of-measure,sketch-desc,traffic-control-device-code,created-date,modified-date,is-county-road,is-freeway,chp-555-version,is-additonal-object-struck,notification-date,notification-time-description,has-digital-media-files,evidence-number,is-location-refer-to-narrative,is-aoi-one-same-as-location
228794,9370-2016-7921,1,False,9370,7/14/2016 8:05:00 AM,805,52,14,109,Oakland,1,True,True,C,REAR END,,Thursday,Yes,False,,,False,True,True,Oakland Superior,C,OTHER MOTOR VEHICLE,,2,0,CLEAR,,NO UNUSUAL CONDITIONS,,A,DAYLIGHT,37.46455,-122.10124,,,,,A,NO PEDESTRIANS INVOLVED,7/14/2016 12:00:00 AM,A,22350,False,1,I-580 W/B,,,7/23/2016 4:51:16 PM,A,W,1700.0,Edwards Ave,F,,D,7/23/2016 4:52:22 PM,7/23/2016 4:52:22 PM,,,2,,,,,,,
228775,9370-2016-7914,1,False,9370,7/13/2016 5:25:00 PM,1725,176,14,109,Oakland,1,True,True,C,REAR END,,Wednesday,NotApplicable,False,M,,False,True,False,Oakland Superior,C,OTHER MOTOR VEHICLE,,0,0,CLEAR,,NO UNUSUAL CONDITIONS,,A,DAYLIGHT,37.73125,-122.18797,,,,,A,NO PEDESTRIANS INVOLVED,7/13/2016 12:00:00 AM,A,22350 VC,False,1,I-880 N/B,,,7/23/2016 12:50:33 PM,A,S,200.0,98th Ave,F,,D,7/23/2016 12:51:48 PM,7/23/2016 12:51:48 PM,,,2,,,,,,,
228766,9370-2016-7899,1,False,9370,7/12/2016 4:45:00 AM,445,177,14,109,Oakland,1,True,True,B,SIDE SWIPE,,Tuesday,NotApplicable,True,,,False,True,False,Oakland Superior,C,OTHER MOTOR VEHICLE,,0,0,CLEAR,,NO UNUSUAL CONDITIONS,,On-Duty Emergency VehicleD,DARK-NO STREET LIGHTS,37.785693,-122.24443,,,,,A,NO PEDESTRIANS INVOLVED,7/12/2016 12:00:00 AM,A,21658(a),False,2,I-880 S/B,,,7/23/2016 11:44:49 AM,A,S,10.0,16TH AVE. O/C,F,,D,7/23/2016 11:45:26 AM,7/23/2016 11:45:26 AM,,,2,,,,,,,
228752,9370-2016-7856,1,False,9370,6/9/2016 2:47:00 PM,1447,177,14,109,Oakland,1,True,True,C,REAR END,,Thursday,NotApplicable,False,M,,False,True,False,Oakland Superior,C,OTHER MOTOR VEHICLE,,0,0,CLEAR,,NO UNUSUAL CONDITIONS,,Counter ReportA,DAYLIGHT,37.47987,-122.1443,,,,,A,NO PEDESTRIANS INVOLVED,6/9/2016 12:00:00 AM,A,22350,False,1,I-880 S/B,,,7/23/2016 10:04:51 AM,A,N,300.0,16th Ave.,F,,D,7/23/2016 10:05:34 AM,7/23/2016 10:05:34 AM,,,2,,,,,,,
228463,9370-2016-7933,1,False,9370,7/15/2016 2:20:00 PM,1420,81,14,109,Oakland,1,True,True,C,REAR END,,Friday,NotApplicable,False,M,,False,True,True,Oakland Superior,C,OTHER MOTOR VEHICLE,,0,0,CLEAR,,NO UNUSUAL CONDITIONS,,A,DAYLIGHT,37.515557,-122.181171,,,,,A,NO PEDESTRIANS INVOLVED,7/15/2016 12:00:00 AM,A,22350,False,3,I-80 EASTBOUND,,,7/22/2016 12:39:13 PM,A,W,300.0,UNIVERSITY AVENUE,F,,D,7/22/2016 12:39:46 PM,7/22/2016 12:39:46 PM,,,2,,,,,,,
228442,9370-2016-7831,1,False,9370,7/5/2016 4:50:00 PM,1650,177,14,109,Oakland,1,True,True,B,SIDE SWIPE,,Tuesday,Yes,False,M,,False,True,True,Oakland Superior,C,OTHER MOTOR VEHICLE,,1,0,CLEAR,,NO UNUSUAL CONDITIONS,,A,DAYLIGHT,37.46483,-122.14172,,,,,A,NO PEDESTRIANS INVOLVED,7/5/2016 12:00:00 AM,A,22107,False,1,I-880 N/B,,,7/22/2016 12:21:29 PM,A,N,740.0,23rd Ave,F,,D,7/22/2016 12:22:18 PM,7/22/2016 12:22:18 PM,,,2,,,,,,,
228413,9370-2016-7903,1,False,9370,7/13/2016 8:15:00 AM,815,52,14,109,Oakland,1,True,True,C,REAR END,,Wednesday,NotApplicable,False,,,False,True,False,Oakland Superior,C,OTHER MOTOR VEHICLE,,0,0,CLEAR,,NO UNUSUAL CONDITIONS,,A,DAYLIGHT,37.786342,-122.194759,,,,,A,NO PEDESTRIANS INVOLVED,7/13/2016 12:00:00 AM,A,22350,False,1,I-580 W/B (Macarthur Freeway),,,7/22/2016 11:59:19 AM,A,E,300.0,High Street,F,,D,7/22/2016 12:00:01 PM,7/22/2016 12:00:01 PM,,,2,,,,,,,
228399,9370-2016-7844,1,False,9370,7/6/2016 8:35:00 PM,2035,24,14,109,Oakland,1,True,True,E,HIT OBJECT,,Wednesday,NotApplicable,False,,,False,True,True,Oakland Superior,J,OTHER OBJECT,TIRE,0,0,CLEAR,,NO UNUSUAL CONDITIONS,,A,DAYLIGHT,37.833677,-122.365412,,,,,A,NO PEDESTRIANS INVOLVED,7/6/2016 12:00:00 AM,C,,,,SR-24 E/B,,,7/22/2016 11:47:43 AM,A,W,91.0,45th St,F,,D,7/22/2016 11:48:12 AM,7/22/2016 11:48:12 AM,,,2,,,,,,,
228395,9370-2016-7905,1,False,9370,7/13/2016 9:45:00 AM,945,178,14,109,Oakland,1,True,True,B,SIDE SWIPE,,Wednesday,NotApplicable,False,M,,False,True,False,Oakland Superior,C,OTHER MOTOR VEHICLE,,0,0,CLEAR,,NO UNUSUAL CONDITIONS,,A,DAYLIGHT,37.8021,-122.28358,,,,,A,NO PEDESTRIANS INVOLVED,7/13/2016 12:00:00 AM,A,21658A,False,1,I-880 N/B,,,7/22/2016 11:41:11 AM,A,N,200.0,MARKET STREET,F,,D,7/22/2016 11:42:44 AM,7/22/2016 11:42:44 AM,,,2,,,,,,,
228323,9370-2016-7845,1,False,9370,7/6/2016 8:36:00 PM,2036,25,14,109,Oakland,1,True,True,E,HIT OBJECT,,Wednesday,NotApplicable,False,,,False,True,True,Oakland Superior,J,OTHER OBJECT,TIRE,0,0,CLEAR,,NO UNUSUAL CONDITIONS,,A,DAYLIGHT,37.833677,-122.265412,,,,,A,NO PEDESTRIANS INVOLVED,7/6/2016 12:00:00 AM,C,,,,SR-24 E/B,,,7/22/2016 10:46:28 AM,A,W,50.0,45th St,F,,D,7/22/2016 10:47:35 AM,7/22/2016 10:47:35 AM,,,2,,,,,,,
228304,9370-2016-7898,1,False,9370,7/12/2016 6:10:00 PM,1810,176,14,109,Oakland,1,True,True,E,HIT OBJECT,,Tuesday,NotApplicable,False,M,,False,True,False,Oakland Superior,J,OTHER OBJECT,METAL DEBRIS,0,0,CLEAR,,NO UNUSUAL CONDITIONS,,A,DAYLIGHT,37.76696,-122.21943,,,,,A,NO PEDESTRIANS INVOLVED,7/12/2016 12:00:00 AM,A,23114(a) VC,False,1,I-880 S/B,,,7/22/2016 10:35:44 AM,A,N,1700.0,42nd Ave,F,,D,7/22/2016 10:36:17 AM,7/22/2016 10:36:17 AM,,,2,,,,,,,
228289,9370-2016-7906,1,False,9370,7/12/2016 3:24:00 PM,1524,54,14,109,Oakland,1,True,True,B,SIDE SWIPE,,Tuesday,Yes,False,,,False,True,True,Oakland Superior,C,OTHER MOTOR VEHICLE,,1,0,CLEAR,,NO UNUSUAL CONDITIONS,,A,DAYLIGHT,37.48299,-122.14312,,,,,A,NO PEDESTRIANS INVOLVED,7/12/2016 12:00:00 AM,A,21658(a),False,1,I-580 E/B,,,7/22/2016 10:27:33 AM,A,W,2850.0,Park Ave,F,,D,7/22/2016 10:28:26 AM,7/22/2016 10:28:26 AM,,,2,,,,,,,
228286,9370-2016-7849,1,False,9370,7/7/2016 5:55:00 PM,1755,176,14,109,Oakland,1,True,True,B,SIDE SWIPE,,Thursday,Yes,False,,,False,True,True,Oakland Superior,C,OTHER MOTOR VEHICLE,,1,0,CLEAR,,NO UNUSUAL CONDITIONS,,A,DAYLIGHT,37.7631,-122.216092,,,,,A,NO PEDESTRIANS INVOLVED,7/7/2016 12:00:00 AM,A,21658(a),False,1,I-880 N/B,,,7/22/2016 10:25:29 AM,A,S,2210.0,High St,F,,D,7/22/2016 10:26:17 AM,7/22/2016 10:26:17 AM,,,2,,,,,,,
228144,9370-2016-7825,1,False,9370,7/4/2016 9:35:00 PM,2135,8,14,109,Oakland,1,True,True,C,REAR END,,Monday,NotApplicable,False,,,False,True,False,Oakland Superior,C,OTHER MOTOR VEHICLE,,0,0,CLEAR,,NO UNUSUAL CONDITIONS,,C,DARK-STREET LIGHTS,37.825579,-122.304795,,,,,A,NO PEDESTRIANS INVOLVED,7/4/2016 12:00:00 AM,A,22350,False,1,I-80 W/B,,,7/22/2016 8:47:01 AM,A,E,1320.0,w. grand avenue,F,,D,7/22/2016 8:47:33 AM,7/22/2016 8:47:33 AM,,,2,,,,,,,
228139,9370-2016-7762,1,False,9370,6/28/2016 12:15:00 PM,1215,176,14,109,Oakland,1,True,True,B,SIDE SWIPE,,Tuesday,Yes,False,M,,False,True,True,Oakland Superior,C,OTHER MOTOR VEHICLE,,0,0,CLEAR,,NO UNUSUAL CONDITIONS,,C,DARK-STREET LIGHTS,37.443486,-122.115403,,,,,A,NO PEDESTRIANS INVOLVED,6/28/2016 12:00:00 AM,A,23152(a),True,3,I-880 N/B,,,7/22/2016 8:42:52 AM,A,N,900.0,Hegenberger Rd,F,,D,7/22/2016 8:43:31 AM,7/22/2016 8:43:31 AM,,,2,,,,,,,
227524,9370-2016-7982,1,False,9370,7/19/2016 7:20:00 AM,720,13,14,109,Oakland,1,True,True,E,HIT OBJECT,,Tuesday,NotApplicable,False,,,False,True,True,Oakland Superior,I,FIXED OBJECT,METAL GUARD RAIL,0,0,CLOUDY,,OBSTRUCTION ON ROADWAY*,,A,DAYLIGHT,37.79131,-122.18111,,,,,A,NO PEDESTRIANS INVOLVED,7/19/2016 12:00:00 AM,A,22107 VC,False,1,SR-13 S/B,,,7/21/2016 12:41:46 PM,D,S,478.0,CARSON STREET,F,,D,7/21/2016 12:42:19 PM,7/21/2016 12:42:19 PM,,,2,,,,,,,
227514,9370-2016-7997,1,False,9370,7/21/2016 9:05:00 AM,905,82,14,109,Oakland,1,True,True,C,REAR END,,Thursday,NotApplicable,False,,,False,True,False,Oakland Superior,C,OTHER MOTOR VEHICLE,,0,0,CLEAR,,NO UNUSUAL CONDITIONS,,A,DAYLIGHT,37.9019,-122.31158,,,,,A,NO PEDESTRIANS INVOLVED,7/21/2016 12:00:00 AM,A,22350 VC,False,1,I-80 W/B,,,7/21/2016 12:31:41 PM,A,E,105.0,Central Ave,F,,D,7/21/2016 12:32:10 PM,7/21/2016 12:32:10 PM,,,2,,,,,,,
227488,9370-2016-7981,1,False,9370,7/19/2016 8:25:00 AM,825,24,14,109,Oakland,1,True,True,C,REAR END,,Tuesday,NotApplicable,False,,,False,True,False,Oakland Superior,C,OTHER MOTOR VEHICLE,,0,0,CLOUDY,,NO UNUSUAL CONDITIONS,,A,DAYLIGHT,37.85651,-122.21552,,,,,A,NO PEDESTRIANS INVOLVED,7/19/2016 12:00:00 AM,A,22350 VC,False,1,SR-24 W/B,,,7/21/2016 12:05:15 PM,A,E,130.0,WEST TUNNEL EDGE,F,,D,7/21/2016 12:05:43 PM,7/21/2016 12:05:43 PM,,,2,,,,,,,
227485,9370-2016-7967,1,False,9370,7/18/2016 10:48:00 AM,1048,177,14,109,Oakland,1,True,True,E,HIT OBJECT,,Monday,NotApplicable,False,,,False,True,True,Oakland Superior,I,FIXED OBJECT,CONCRETE WALL,1,0,CLOUDY,,NO UNUSUAL CONDITIONS,,A,DAYLIGHT,37.77985,-122.2382,,,,,A,NO PEDESTRIANS INVOLVED,7/18/2016 12:00:00 AM,A,22107 VC,False,1,I-880 S/B,,,7/21/2016 12:01:18 PM,A,N,288.0,23rd Ave,F,,D,7/21/2016 12:01:53 PM,7/21/2016 12:01:53 PM,,,2,,,,,,,
227483,9370-2016-7894,1,False,9370,7/12/2016 12:20:00 PM,1220,177,14,109,Oakland,1,True,True,B,SIDE SWIPE,,Tuesday,NotApplicable,False,M,,False,True,False,Oakland Superior,C,OTHER MOTOR VEHICLE,,0,0,CLEAR,,NO UNUSUAL CONDITIONS,,A,DAYLIGHT,37.82527,-122.31179,,,,,A,NO PEDESTRIANS INVOLVED,7/12/2016 12:00:00 AM,A,21658A,False,1,I-880 N/B,,,7/21/2016 11:56:58 AM,A,S,900.0,OAKLAND/S.F BAY BRIDGE TOLL PLAZA,F,,D,7/21/2016 11:57:27 AM,7/21/2016 11:57:27 AM,,,2,,,,,,,
227473,9370-2016-7917,1,False,9370,7/12/2016 9:15:00 PM,2115,13,14,109,Oakland,1,True,True,C,REAR END,,Tuesday,NotApplicable,False,M,,False,True,True,Oakland Superior,C,OTHER MOTOR VEHICLE,,0,0,CLEAR,,NO UNUSUAL CONDITIONS,,D,DARK-NO STREET LIGHTS,37.847716,-122.227109,,,,,A,NO PEDESTRIANS INVOLVED,7/12/2016 12:00:00 AM,A,22350,False,1,SR-13 NB TO SR-24 EB,,,7/21/2016 11:44:35 AM,A,N,0.43,BROADWAY TERRACE,M,,D,7/21/2016 11:45:36 AM,7/21/2016 11:45:36 AM,,,2,,,,,,,
227468,9370-2016-7869,1,False,9370,7/9/2016 4:32:00 AM,432,55,14,109,Oakland,1,True,True,C,REAR END,,Saturday,Yes,False,,,False,True,False,Oakland Superior,C,OTHER MOTOR VEHICLE,,1,0,CLEAR,,NO UNUSUAL CONDITIONS,,C,DARK-STREET LIGHTS,37.493295,-122.163229,,,,,A,NO PEDESTRIANS INVOLVED,7/9/2016 12:00:00 AM,A,22107,False,2,I-580 E/B TO SR-24 E/B,,,7/21/2016 11:37:06 AM,A,W,101.0,Market St,F,,D,7/21/2016 11:37:45 AM,7/21/2016 11:37:45 AM,,,2,,,,,,,
227459,9370-2016-7930,1,False,9370,7/9/2016 5:00:00 PM,1700,52,14,109,Oakland,1,True,True,C,REAR END,,Saturday,Yes,False,,,False,True,True,Oakland Superior,C,OTHER MOTOR VEHICLE,,1,0,CLEAR,,NO UNUSUAL CONDITIONS,,A,DAYLIGHT,37.769105,-122.153935,,,,,A,NO PEDESTRIANS INVOLVED,7/9/2016 12:00:00 AM,A,23152(a),True,2,I-580 W/B,,,7/21/2016 11:22:13 AM,A,W,230.0,FONTAINE ST O/C,F,,D,7/21/2016 11:22:53 AM,7/21/2016 11:22:53 AM,,,2,,,,,,,
225167,9335-2016-6449,1,False,9335,7/13/2016 9:15:00 AM,915,82,14,109,Oakland,1,True,True,B,SIDE SWIPE,,Wednesday,NotApplicable,True,,,False,True,False,Oakland Superior,C,OTHER MOTOR VEHICLE,,0,0,CLEAR,,NO UNUSUAL CONDITIONS,,A,DAYLIGHT,37.824767,-122.314288,,,,,A,NO PEDESTRIANS INVOLVED,7/13/2016 12:00:00 AM,A,21658(a),False,1,I-80 W/B,,,7/19/2016 6:24:38 AM,A,W,115.0,SFOBB TOLL PLAZA,F,,A,7/19/2016 6:25:18 AM,7/19/2016 6:25:18 AM,,,2,,,,,,,
224190,9370-2016-7886,1,False,9370,7/11/2016 5:45:00 PM,1745,55,14,109,Oakland,1,True,True,C,REAR END,,Monday,NotApplicable,False,,,False,True,True,Oakland Superior,C,OTHER MOTOR VEHICLE,,1,0,CLEAR,,NO UNUSUAL CONDITIONS,,A,DAYLIGHT,37.82427,-122.26829,,,,,A,NO PEDESTRIANS INVOLVED,7/11/2016 12:00:00 AM,A,22350 VC,False,1,I-580 E/B,,,7/17/2016 1:18:33 PM,A,E,300.0,Martin Luther King Jr Way,F,,D,7/17/2016 1:20:34 PM,7/17/2016 1:20:34 PM,,,2,,,,,,,
224176,9370-2016-7940,1,False,9370,7/15/2016 12:25:00 PM,1225,8,14,109,Oakland,1,True,True,C,REAR END,,Friday,NotApplicable,False,,,False,True,False,Oakland Superior,C,OTHER MOTOR VEHICLE,,0,0,CLEAR,,NO UNUSUAL CONDITIONS,,A,DAYLIGHT,37.830572,-122.293623,,,,,A,NO PEDESTRIANS INVOLVED,7/15/2016 12:00:00 AM,A,22350,False,1,I-80 E/B,,,7/17/2016 11:34:54 AM,A,W,2735.0,Powell St,F,,D,7/17/2016 11:36:12 AM,7/17/2016 11:36:12 AM,,,2,,,,,,,
224171,9370-2016-7943,1,False,9370,7/16/2016 10:15:00 AM,1015,24,14,109,Oakland,1,True,True,B,SIDE SWIPE,,Saturday,NotApplicable,False,,,False,True,False,Oakland Superior,C,OTHER MOTOR VEHICLE,,0,0,CLEAR,,NO UNUSUAL CONDITIONS,,A,DAYLIGHT,37.849739,-122.241177,,,,,A,NO PEDESTRIANS INVOLVED,7/16/2016 12:00:00 AM,A,22350,False,1,SR-24 W/B,,,7/17/2016 11:19:08 AM,A,W,385.0,Golden Gate Ave,F,,D,7/17/2016 11:20:12 AM,7/17/2016 11:20:12 AM,,,2,,,,,,,
224170,9370-2016-7919,1,False,9370,7/10/2016 4:05:00 PM,1605,8,14,109,Oakland,1,True,True,B,SIDE SWIPE,,Sunday,NotApplicable,False,,,False,True,False,Oakland Superior,C,OTHER MOTOR VEHICLE,,0,0,CLEAR,,NO UNUSUAL CONDITIONS,,A,DAYLIGHT,37.82434,-122.31501,,,,,A,NO PEDESTRIANS INVOLVED,7/10/2016 12:00:00 AM,A,21658(a),False,2,I-80 W/B,,,7/17/2016 11:15:11 AM,A,E,189.0,SFOBB Toll Plaza,F,,D,7/17/2016 11:15:46 AM,7/17/2016 11:15:46 AM,,,2,,,,,,,
224162,9370-2016-7922,1,False,9370,7/14/2016 8:01:00 AM,801,176,14,109,Oakland,1,True,True,B,SIDE SWIPE,,Thursday,NotApplicable,False,,,False,True,False,Oakland Superior,C,OTHER MOTOR VEHICLE,,0,0,CLEAR,,NO UNUSUAL CONDITIONS,,A,DAYLIGHT,37.737268,-122.193226,,,,,A,NO PEDESTRIANS INVOLVED,7/14/2016 12:00:00 AM,A,21658(a),False,1,I-880 N/B,,,7/17/2016 10:15:21 AM,A,S,1485.0,Hegenberger Rd,F,,D,7/17/2016 10:15:51 AM,7/17/2016 10:15:51 AM,,,2,,,,,,,
224161,9370-2016-7920,1,False,9370,7/14/2016 6:50:00 AM,650,176,14,109,Oakland,1,True,True,B,SIDE SWIPE,,Thursday,NotApplicable,False,,,False,True,False,Oakland Superior,C,OTHER MOTOR VEHICLE,,0,0,CLEAR,,NO UNUSUAL CONDITIONS,,A,DAYLIGHT,37.773865,-122.229613,,,,,A,NO PEDESTRIANS INVOLVED,7/14/2016 12:00:00 AM,A,21658(a),False,1,I-880 N/B,,,7/17/2016 10:05:02 AM,A,N,480.0,Fruitvale Ave,F,,D,7/17/2016 10:05:45 AM,7/17/2016 10:05:45 AM,,,2,,,,,,,
224160,9370-2016-7955,1,False,9370,7/16/2016 3:50:00 PM,1550,176,14,109,Oakland,1,True,True,C,REAR END,,Saturday,NotApplicable,False,,,False,True,False,Oakland Superior,C,OTHER MOTOR VEHICLE,,0,0,CLEAR,,NO UNUSUAL CONDITIONS,,A,DAYLIGHT,37.462178,-122.13357,,,,,A,NO PEDESTRIANS INVOLVED,7/16/2016 12:00:00 AM,A,22350,False,2,I-880 S/B,,,7/17/2016 9:54:15 AM,A,S,370.0,Fruitvale Ave,F,,D,7/17/2016 9:54:49 AM,7/17/2016 9:54:49 AM,,,2,,,,,,,
224106,9370-2016-7904,1,False,9370,7/13/2016 7:45:00 AM,745,55,14,109,Oakland,1,True,True,C,REAR END,,Wednesday,NotApplicable,False,,,False,True,True,Oakland Superior,C,OTHER MOTOR VEHICLE,,0,0,CLEAR,,NO UNUSUAL CONDITIONS,,A,DAYLIGHT,37.826786,-122.278294,,,,,A,NO PEDESTRIANS INVOLVED,7/13/2016 12:00:00 AM,A,22350,False,1,I-580 W/B (Macarthur Freeway),,,7/16/2016 5:03:23 PM,A,E,30.0,San Pablo Avenue,F,,D,7/16/2016 5:03:54 PM,7/16/2016 5:03:54 PM,,,2,,,,,,,
224103,9370-2016-7874,1,False,9370,7/10/2016 12:45:00 PM,1245,53,14,109,Oakland,1,True,True,F,OVERTURNED,,Sunday,Yes,False,,,False,True,True,Oakland Superior,A,NON-COLLISION,,1,0,CLEAR,,NO UNUSUAL CONDITIONS,,A,DAYLIGHT,37.48347,-122.13448,,,,,A,NO PEDESTRIANS INVOLVED,7/10/2016 12:00:00 AM,A,22107,False,1,I-580 E/B,,,7/16/2016 4:52:33 PM,A,W,5.0,Beaumont Ave,F,,D,7/16/2016 4:53:13 PM,7/16/2016 4:53:13 PM,,,2,,,,,,,
224070,9370-2016-7880,1,False,9370,7/10/2016 10:50:00 PM,2250,177,14,109,Oakland,1,True,True,C,REAR END,,Sunday,NotApplicable,False,,,False,True,False,Oakland Superior,C,OTHER MOTOR VEHICLE,,0,0,CLEAR,,NO UNUSUAL CONDITIONS,,D,DARK-NO STREET LIGHTS,37.78541,-122.243889,,,,,A,NO PEDESTRIANS INVOLVED,7/10/2016 12:00:00 AM,A,22350 VC,False,1,i-880 southbound,,,7/16/2016 2:28:20 PM,A,S,205.0,the 16th avenue overcrossing,F,,D,7/16/2016 2:28:53 PM,7/16/2016 2:28:53 PM,,,2,,,,,,,
224043,9370-2016-7858,1,False,9370,7/9/2016 1:50:00 PM,1350,8,14,109,Oakland,1,True,True,B,SIDE SWIPE,,Saturday,NotApplicable,False,,,False,True,False,Oakland Superior,C,OTHER MOTOR VEHICLE,,0,0,CLEAR,,NO UNUSUAL CONDITIONS,,A,DAYLIGHT,37.84295,-122.31269,,,,,A,NO PEDESTRIANS INVOLVED,7/9/2016 12:00:00 AM,A,21658(a),False,1,I-80 W/B,,,7/16/2016 12:32:34 PM,A,W,300.0,SFOBB Toll Plaza,F,,D,7/16/2016 12:33:04 PM,7/16/2016 12:33:04 PM,,,2,,,,,,,
224032,9370-2016-7861,1,False,9370,7/9/2016 12:55:00 PM,1255,176,14,109,Oakland,1,True,True,C,REAR END,,Saturday,NotApplicable,False,M,,False,True,False,Oakland Superior,C,OTHER MOTOR VEHICLE,,0,0,CLEAR,,NO UNUSUAL CONDITIONS,,A,DAYLIGHT,37.77221,-122.2253,,,,,A,NO PEDESTRIANS INVOLVED,7/9/2016 12:00:00 AM,A,22350,False,1,I-880 S/B,,,7/16/2016 11:45:42 AM,A,N,1300.0,42nd Avenue,F,,D,7/16/2016 11:46:30 AM,7/16/2016 11:46:30 AM,,,2,,,,,,,
224030,9370-2016-7862,1,False,9370,7/9/2016 12:56:00 PM,1256,176,14,109,Oakland,1,True,True,C,REAR END,,Saturday,NotApplicable,False,M,,False,True,False,Oakland Superior,C,OTHER MOTOR VEHICLE,,1,0,CLEAR,,NO UNUSUAL CONDITIONS,,A,DAYLIGHT,37.461968,-122.13295,,,,,A,NO PEDESTRIANS INVOLVED,7/9/2016 12:00:00 AM,A,22350,False,3,I-880 SOUTHBOUND,,,7/16/2016 11:31:48 AM,A,N,1400.0,42ND AVENUE,F,,D,7/16/2016 11:32:20 AM,7/16/2016 11:32:20 AM,,,2,,,,,,,
223965,9370-2016-7866,1,False,9370,7/9/2016 12:35:00 AM,35,98,14,109,Oakland,1,True,True,C,REAR END,,Saturday,NotApplicable,False,M,,False,True,False,Oakland Superior,C,OTHER MOTOR VEHICLE,,0,0,CLEAR,,NO UNUSUAL CONDITIONS,,D,DARK-NO STREET LIGHTS,37.816379,-122.27086,,,,,A,NO PEDESTRIANS INVOLVED,7/9/2016 12:00:00 AM,A,22350 VC,False,1,I-980 westbound,,,7/15/2016 7:15:36 PM,A,W,125.0,27th street,F,,D,7/15/2016 7:16:07 PM,7/15/2016 7:16:07 PM,,,2,,,,,,,
223964,9370-2016-7872,1,False,9370,7/9/2016 12:45:00 PM,1245,55,14,109,Oakland,1,True,True,C,REAR END,,Saturday,NotApplicable,False,,,False,True,True,Oakland Superior,C,OTHER MOTOR VEHICLE,,0,0,CLEAR,,NO UNUSUAL CONDITIONS,,A,DAYLIGHT,37.492612,-122.155949,,,,,A,NO PEDESTRIANS INVOLVED,7/9/2016 12:00:00 AM,A,22350,False,1,I-580 W/B,,,7/15/2016 7:02:10 PM,A,E,850.0,Martin Luther King Jr Way,F,,D,7/15/2016 7:02:42 PM,7/15/2016 7:02:42 PM,,,2,,,,,,,
223950,9370-2016-7817,1,False,9370,7/2/2016 3:00:00 PM,1500,25,14,109,Oakland,1,True,True,E,HIT OBJECT,,Saturday,NotApplicable,False,,,False,True,True,Oakland Superior,I,FIXED OBJECT,3' CONCRETE WALL,0,0,CLEAR,,NO UNUSUAL CONDITIONS,,A,DAYLIGHT,37.841136,-122.262118,,,,,A,NO PEDESTRIANS INVOLVED,7/2/2016 12:00:00 AM,A,22107,False,1,SR-24 W/B,,,7/15/2016 5:00:02 PM,A,W,325.0,Telegraph Ave,F,,D,7/15/2016 5:00:35 PM,7/15/2016 5:00:35 PM,,,2,,,,,,,
223902,9370-2016-7774,1,False,9370,6/29/2016 9:50:00 AM,950,98,14,109,Oakland,1,True,True,C,REAR END,,Wednesday,NotApplicable,False,,,False,True,False,Oakland Superior,C,OTHER MOTOR VEHICLE,,1,0,CLEAR,,NO UNUSUAL CONDITIONS,,A,DAYLIGHT,37.81224,-122.27425,,,,,A,NO PEDESTRIANS INVOLVED,6/29/2016 12:00:00 AM,A,22350VC,False,1,I-980 W/B TO 18TH STREET,,,7/15/2016 3:21:13 PM,A,E,389.0,18TH STREET,F,,D,7/15/2016 3:21:53 PM,7/15/2016 3:21:53 PM,,,2,,,,,,,