collision-id,report-number,report-version,is-preliminary,ncic-code,crash-date-time,crash-time-description,beat,city-id,city-code,city-name,county-code,city-is-active,city-is-incorporated,collision-type-code,collision-type-description,collision-type-other-desc,day-of-week,dispatch-notified,has-photographs,hit-run,is-attachments-mailed,is-deleted,is-highway-related,is-tow-away,judicial-district,motor-vehicle-involved-with-code,motor-vehicle-involved-with-desc,motor-vehicle-involved-with-other-desc,number-injured,number-killed,weather-1,weather-2,road-condition-1,road-condition-2,special-condition-lighting-code,lighting-description,latitude,longitude,milepost-direction,milepost-distance,milepost-marker,milepost-unit-of-measure,pedestrian-action-code,pedestrian-action-desc,prepared-date,primary-collision-factor-code,primary-collision-factor-violation,primary-collision-factor-is-cited,primary-collision-party-number,primary-road,reporting-district,reporting-district-code,reviewed-date,roadway-surface-code,secondary-direction,secondary-distance,secondary-road,secondary-unit-of-measure,sketch-desc,traffic-control-device-code,created-date,modified-date,is-county-road,is-freeway,chp-555-version,is-additonal-object-struck,notification-date,notification-time-description,has-digital-media-files,evidence-number,is-location-refer-to-narrative,is-aoi-one-same-as-location
306413,9370-2016-9190,1,False,9370,10/26/2016 8:35:00 AM,835,52,14,109,Oakland,1,True,True,C,REAR END,,Wednesday,NotApplicable,False,,,False,True,False,Oakland Superior,C,OTHER MOTOR VEHICLE,,0,0,CLEAR,,NO UNUSUAL CONDITIONS,,A,DAYLIGHT,37.74964,-122.15115,,,,,A,NO PEDESTRIANS INVOLVED,10/26/2016 12:00:00 AM,A,22350,False,2,I-580 W/B,,,10/29/2016 3:09:02 PM,A,E,1424.0,Golf Links Rd,F,,D,10/29/2016 3:09:32 PM,10/29/2016 3:09:32 PM,,,2,,,,,,,
306389,9370-2016-9217,1,False,9370,10/28/2016 11:55:00 AM,1155,24,14,109,Oakland,1,True,True,B,SIDE SWIPE,,Friday,NotApplicable,False,,,False,True,False,Oakland Superior,C,OTHER MOTOR VEHICLE,,0,0,CLOUDY,RAINING,NO UNUSUAL CONDITIONS,,A,DAYLIGHT,37.50569,-122.13513,,,,,A,NO PEDESTRIANS INVOLVED,10/28/2016 12:00:00 AM,A,21658(a),False,1,SR-24 W/B,,,10/29/2016 1:30:43 PM,B,W,575.0,SR-13 S/B,F,,D,10/29/2016 1:31:37 PM,10/29/2016 1:31:37 PM,,,2,,,,,,,
306377,9370-2016-9117,1,False,9370,10/20/2016 3:13:00 PM,1513,901,14,109,Oakland,1,True,True,C,REAR END,,Thursday,NotApplicable,False,M,,False,False,False,Oakland Superior,C,OTHER MOTOR VEHICLE,,0,0,CLEAR,,NO UNUSUAL CONDITIONS,,Private Property / School Bus CollisionA,DAYLIGHT,37.808282,-122.282525,,,,,A,NO PEDESTRIANS INVOLVED,10/20/2016 12:00:00 AM,B,UNSAFE BACKING,,1,991 14th Street- PARKING LOT,,,10/29/2016 12:47:53 PM,A,N,375.0,12th St,F,,D,10/29/2016 12:50:19 PM,10/29/2016 12:50:19 PM,,,2,,,,,,,
306340,9370-2016-9127,1,False,9370,9/2/2016 3:30:00 PM,1530,52,14,109,Oakland,1,True,True,C,REAR END,,Friday,NotApplicable,False,M,,False,True,False,Oakland Superior,C,OTHER MOTOR VEHICLE,,0,0,CLEAR,,NO UNUSUAL CONDITIONS,,Counter Report / Late-ReportedA,DAYLIGHT,37.778368,-122.168686,,,,,A,NO PEDESTRIANS INVOLVED,9/2/2016 12:00:00 AM,A,22350,False,1,I-580 E/B,,,10/29/2016 10:03:01 AM,A,W,1450.0,Keller Ave,F,,D,10/29/2016 10:03:40 AM,10/29/2016 10:03:40 AM,,,2,,,,,,,
306281,9370-2016-9140,1,False,9370,10/22/2016 8:00:00 AM,800,177,14,109,Oakland,1,True,True,E,HIT OBJECT,,Saturday,Yes,False,,,False,True,True,Oakland Superior,I,FIXED OBJECT,CONCRETE WALL,1,0,CLEAR,,NO UNUSUAL CONDITIONS,,A,DAYLIGHT,37.78656,-122.2459,,,,,A,NO PEDESTRIANS INVOLVED,10/22/2016 12:00:00 AM,A,22107,False,1,I-880 N/B,,,10/28/2016 7:28:17 PM,A,N,459.0,16th Avenue,F,,D,10/28/2016 7:29:22 PM,10/28/2016 7:29:22 PM,,,2,,,,,,,
306276,9370-2016-9045,1,False,9370,10/15/2016 6:20:00 PM,1820,24,14,109,Oakland,1,True,True,B,SIDE SWIPE,,Saturday,Yes,False,,,False,True,True,Oakland Superior,C,OTHER MOTOR VEHICLE,,2,0,RAINING,,NO UNUSUAL CONDITIONS,,C,DARK-STREET LIGHTS,37.85009,-122.23932,,,,,A,NO PEDESTRIANS INVOLVED,10/15/2016 12:00:00 AM,A,22107,False,1,SR-24 W/B,,,10/28/2016 7:02:51 PM,B,E,130.0,Golden Gate Ave,F,,D,10/28/2016 7:03:32 PM,10/28/2016 7:03:32 PM,,,2,,,,,,,
306259,9370-2016-9131,1,False,9370,10/21/2016 6:00:00 PM,1800,176,14,109,Oakland,1,True,True,C,REAR END,,Friday,Yes,False,,,False,True,False,Oakland Superior,C,OTHER MOTOR VEHICLE,,1,0,CLEAR,,NO UNUSUAL CONDITIONS,,A,DAYLIGHT,37.74216,-122.19736,,,,,A,NO PEDESTRIANS INVOLVED,10/21/2016 12:00:00 AM,A,22350,False,1,I-880 N/B FROM HEGENBERGER ROAD,,,10/28/2016 5:56:22 PM,A,N,800.0,HEGENBERGER ROAD,F,,A,10/28/2016 5:57:09 PM,10/28/2016 5:57:09 PM,,,2,,,,,,,
306207,9370-2016-9099,1,False,9370,10/18/2016 10:05:00 PM,2205,177,14,109,Oakland,1,True,True,B,SIDE SWIPE,,Tuesday,NotApplicable,True,M,,False,True,False,Oakland Superior,C,OTHER MOTOR VEHICLE,,0,0,CLEAR,,NO UNUSUAL CONDITIONS,,C,DARK-STREET LIGHTS,37.79078,-122.26022,,,,,A,NO PEDESTRIANS INVOLVED,10/18/2016 12:00:00 AM,A,21658(a),False,1,I-880 S/B,,,10/28/2016 4:06:24 PM,A,N,200.0,5th Ave,F,,D,10/28/2016 4:07:06 PM,10/28/2016 4:07:06 PM,,,2,,,,,,,
306111,9370-2016-9100,1,False,9370,10/19/2016 2:20:00 AM,220,13,14,109,Oakland,1,True,True,C,REAR END,,Wednesday,Yes,False,,,False,True,True,Oakland Superior,C,OTHER MOTOR VEHICLE,,2,0,CLEAR,,NO UNUSUAL CONDITIONS,,D,DARK-NO STREET LIGHTS,37.824025,-122.209083,,,,,A,NO PEDESTRIANS INVOLVED,10/19/2016 12:00:00 AM,A,23152(a),False,1,SR-13 N/B,,,10/28/2016 2:45:20 PM,A,S,880.0,La Salle Ave,F,,D,10/28/2016 2:46:00 PM,10/28/2016 2:46:00 PM,,,2,,,,,,,
305834,9370-2016-8705,1,False,9370,9/17/2016 1:55:00 PM,1355,176,14,109,Oakland,1,True,True,B,SIDE SWIPE,,Saturday,NotApplicable,False,M,,False,True,False,Oakland Superior,C,OTHER MOTOR VEHICLE,,0,0,CLEAR,,NO UNUSUAL CONDITIONS,,A,DAYLIGHT,37.7442,-122.19976,,,,,A,NO PEDESTRIANS INVOLVED,9/17/2016 12:00:00 AM,A,21658(a),False,2,I-880 S/B,,,10/28/2016 10:50:46 AM,A,N,450.0,Hegenberger Rd,F,,D,10/28/2016 10:51:23 AM,10/28/2016 10:51:23 AM,,,2,,,,,,,
302707,9335-2016-7278,1,False,9335,10/16/2016 6:20:00 AM,620,84,14,109,Oakland,1,True,True,C,REAR END,,Sunday,NotApplicable,False,,,False,True,True,Northern Court,C,OTHER MOTOR VEHICLE,,0,0,CLOUDY,,NO UNUSUAL CONDITIONS,,B,DUSK-DAWN,37.821391,-122.3315,,,,,A,NO PEDESTRIANS INVOLVED,10/16/2016 12:00:00 AM,A,22350,False,1,I-80 E/B,,,10/27/2016 9:07:54 AM,B,W,555.0,CALTRANS SERVICE RD TO BURMA RD,F,,D,10/27/2016 9:08:22 AM,10/27/2016 9:08:22 AM,,,2,,,,,,,
302365,9335-2016-7241,1,False,9335,10/13/2016 9:50:00 AM,950,82,14,109,Oakland,1,True,True,B,SIDE SWIPE,,Thursday,NotApplicable,False,,,False,True,False,Oakland Superior,C,OTHER MOTOR VEHICLE,,1,0,CLEAR,,NO UNUSUAL CONDITIONS,,A,DAYLIGHT,37.824403,-122.314587,,,,,A,NO PEDESTRIANS INVOLVED,10/13/2016 12:00:00 AM,A,21658(a) VC,False,2,I-80 W/B,,,10/26/2016 7:56:22 PM,A,W,224.0,TOLL PLAZA,F,,D,10/26/2016 7:56:58 PM,10/26/2016 7:56:58 PM,,,2,,,,,,,
302298,9370-2016-9179,1,False,9370,10/25/2016 8:50:00 AM,850,52,14,109,Oakland,1,True,True,C,REAR END,,Tuesday,NotApplicable,False,,,False,True,False,Oakland Superior,C,OTHER MOTOR VEHICLE,,1,0,CLOUDY,,NO UNUSUAL CONDITIONS,,A,DAYLIGHT,37.783594,-122.378111,,,,,A,NO PEDESTRIANS INVOLVED,10/25/2016 12:00:00 AM,A,22350,False,1,I-580 W/B,,,10/26/2016 5:23:07 PM,A,E,120.0,SR-13 S/B,F,,D,10/26/2016 5:25:35 PM,10/26/2016 5:25:35 PM,,,2,,,,,,,
302248,9370-2016-9064,1,False,9370,10/17/2016 3:01:00 AM,301,8,14,109,Oakland,1,True,True,E,HIT OBJECT,,Monday,NotApplicable,False,M,,False,True,True,Oakland Superior,I,FIXED OBJECT,CONCRETE WALL,0,0,CLEAR,,NO UNUSUAL CONDITIONS,,D,DARK-NO STREET LIGHTS,37.824567,-122.307281,,,,,A,NO PEDESTRIANS INVOLVED,10/17/2016 12:00:00 AM,A,22107,False,1,I-80 E/B,,,10/26/2016 4:25:31 PM,A,E,1742.0,SFOBB Toll Plaza Administration Building,F,,D,10/26/2016 4:25:59 PM,10/26/2016 4:25:59 PM,,,2,,,,,,,
302196,9370-2016-9178,1,False,9370,10/25/2016 11:50:00 AM,1150,176,14,109,Oakland,1,True,True,C,REAR END,,Tuesday,NotApplicable,False,M,,False,True,False,Oakland Superior,C,OTHER MOTOR VEHICLE,,0,0,CLOUDY,,NO UNUSUAL CONDITIONS,,A,DAYLIGHT,37.772688,-122.226665,,,,,A,NO PEDESTRIANS INVOLVED,10/25/2016 12:00:00 AM,A,22350,False,1,I-880 S/B,,,10/26/2016 3:34:55 PM,A,S,397.0,Fruitvale Ave,F,,D,10/26/2016 3:35:24 PM,10/26/2016 3:35:24 PM,,,2,,,,,,,
302192,9370-2016-9177,1,False,9370,10/25/2016 6:05:00 AM,605,178,14,109,Oakland,1,True,True,E,HIT OBJECT,,Tuesday,Yes,False,,,False,True,True,Oakland Superior,I,FIXED OBJECT,CONCRETE WALL,2,0,RAINING,,NO UNUSUAL CONDITIONS,,D,DARK-NO STREET LIGHTS,37.802389,-122.284598,,,,,A,NO PEDESTRIANS INVOLVED,10/25/2016 12:00:00 AM,A,22107,False,1,I-880 N/B,,,10/26/2016 3:28:58 PM,B,N,359.0,Market St,F,,D,10/26/2016 3:29:37 PM,10/26/2016 3:29:37 PM,,,2,,,,,,,
302151,9370-2016-9175,1,False,9370,10/25/2016 2:38:00 AM,238,55,14,109,Oakland,1,True,True,E,HIT OBJECT,,Tuesday,Yes,False,,,False,True,True,Oakland Superior,I,FIXED OBJECT,CONCRETE WALL,1,0,CLOUDY,,NO UNUSUAL CONDITIONS,,C,DARK-STREET LIGHTS,37.49804,-122.17597,,,,,A,NO PEDESTRIANS INVOLVED,10/25/2016 12:00:00 AM,A,22350,False,1,I-580 W/B to I-80 E/B,,,10/26/2016 3:10:01 PM,B,W,3013.0,Powell St,F,,D,10/26/2016 3:10:45 PM,10/26/2016 3:10:45 PM,,,2,,,,,,,
302066,9370-2016-9171,1,False,9370,10/24/2016 1:50:00 PM,1350,176,14,109,Oakland,1,True,True,C,REAR END,,Monday,NotApplicable,False,,,False,False,True,Oakland Superior,C,OTHER MOTOR VEHICLE,,1,0,CLOUDY,,NO UNUSUAL CONDITIONS,,A,DAYLIGHT,37.77248,-122.225889,,,,,A,NO PEDESTRIANS INVOLVED,10/24/2016 12:00:00 AM,A,22350,False,4,I-880 S/B,,,10/26/2016 2:29:31 PM,A,S,650.0,Fruitvale Ave,F,,D,10/26/2016 2:30:17 PM,10/26/2016 2:30:17 PM,,,2,,,,,,,
301870,9370-2016-9170,1,False,9370,10/24/2016 11:00:00 AM,1100,176,14,109,Oakland,1,True,True,B,SIDE SWIPE,,Monday,NotApplicable,False,,,False,False,False,Oakland Superior,C,OTHER MOTOR VEHICLE,,0,0,CLOUDY,,NO UNUSUAL CONDITIONS,,A,DAYLIGHT,37.774916,-122.233381,,,,,A,NO PEDESTRIANS INVOLVED,10/24/2016 12:00:00 AM,A,21658(a),False,1,I-880 S/B,,,10/26/2016 12:54:54 PM,A,S,1262.0,23rd Ave,F,,D,10/26/2016 12:55:25 PM,10/26/2016 12:55:25 PM,,,2,,,,,,,
301517,9370-2016-9172,1,False,9370,10/24/2016 5:50:00 PM,1750,13,14,109,Oakland,1,True,True,C,REAR END,,Monday,Yes,False,,,False,True,False,Oakland Superior,C,OTHER MOTOR VEHICLE,,1,0,CLOUDY,,NO UNUSUAL CONDITIONS,,A,DAYLIGHT,37.84424,-122.22675,,,,,A,NO PEDESTRIANS INVOLVED,10/24/2016 12:00:00 AM,A,22350,False,1,SR-13 S/B,,,10/26/2016 8:52:15 AM,A,N,1115.0,Broadway Ter,F,,D,10/26/2016 8:53:00 AM,10/26/2016 8:53:00 AM,,,2,,,,,,,
301488,9370-2016-9143,1,False,9370,10/21/2016 10:40:00 PM,2240,178,14,109,Oakland,1,True,True,C,REAR END,,Friday,NotApplicable,False,,,False,True,False,Oakland Juvenile,C,OTHER MOTOR VEHICLE,,0,0,CLEAR,,NO UNUSUAL CONDITIONS,,C,DARK-STREET LIGHTS,37.80464,-122.30291,,,,,A,NO PEDESTRIANS INVOLVED,10/21/2016 12:00:00 AM,A,22350,False,1,I-880 N/B,,,10/26/2016 8:36:48 AM,A,S,2000.0,7th St,F,,D,10/26/2016 8:37:21 AM,10/26/2016 8:37:21 AM,,,2,,,,,,,
301471,9370-2016-9163,1,False,9370,10/23/2016 8:40:00 PM,2040,25,14,109,Oakland,1,True,True,B,SIDE SWIPE,,Sunday,NotApplicable,False,,,False,True,False,Oakland Superior,C,OTHER MOTOR VEHICLE,,0,0,CLEAR,,NO UNUSUAL CONDITIONS,,C,DARK-STREET LIGHTS,37.82992,-122.26743,,,,,A,NO PEDESTRIANS INVOLVED,10/23/2016 12:00:00 AM,A,21658(a),False,1,SR-24 W/B TO I-580,,,10/26/2016 8:28:16 AM,A,E,100.0,40th St,F,,D,10/26/2016 8:29:44 AM,10/26/2016 8:29:44 AM,,,2,,,,,,,
301451,9370-2016-9093,1,False,9370,10/18/2016 6:12:00 PM,1812,25,14,109,Oakland,1,True,True,B,SIDE SWIPE,,Tuesday,Yes,False,,,False,True,True,Oakland Superior,C,OTHER MOTOR VEHICLE,,2,0,CLEAR,,NO UNUSUAL CONDITIONS,,E,DARK-STREET LIGHTS NOT FUNCTIONING*,37.49445,-122.16324,,,,,A,NO PEDESTRIANS INVOLVED,10/18/2016 12:00:00 AM,A,21658(a),False,1,SR-24 W/B,,,10/26/2016 8:14:11 AM,A,E,700.0,West Macarthur Blvd,F,,D,10/26/2016 8:15:45 AM,10/26/2016 8:15:45 AM,,,2,,,,,,,
301437,9370-2016-8961,1,False,9370,10/8/2016 4:00:00 PM,1600,55,14,109,Oakland,1,True,True,C,REAR END,,Saturday,Yes,False,,,False,True,True,Oakland Superior,C,OTHER MOTOR VEHICLE,,1,0,CLEAR,,NO UNUSUAL CONDITIONS,,A,DAYLIGHT,37.826902,-122.278906,,,,,A,NO PEDESTRIANS INVOLVED,10/8/2016 12:00:00 AM,A,22350,False,1,I-580 W/B,,,10/26/2016 7:59:02 AM,A,E,240.0,San Pablo Ave,F,,D,10/26/2016 7:59:43 AM,10/26/2016 7:59:43 AM,,,2,,,,,,,
301407,9370-2016-9054,1,False,9370,10/14/2016 10:45:00 AM,1045,25,14,109,Oakland,1,True,True,E,HIT OBJECT,,Friday,NotApplicable,False,,,False,True,True,Oakland Superior,I,FIXED OBJECT,LIGHT POLE,0,0,CLOUDY,RAINING,FLOODED*,,A,DAYLIGHT,37.822953,-122.263434,,,,,A,NO PEDESTRIANS INVOLVED,10/14/2016 12:00:00 AM,A,22107,False,1,SR-24 W/B TO I-580 E/B,,,10/26/2016 7:36:12 AM,B,W,263.0,Webster St,F,,D,10/26/2016 7:36:45 AM,10/26/2016 7:36:45 AM,,,2,,,,,,,
300998,9370-2016-8970,1,False,9370,10/8/2016 11:17:00 PM,2317,8,14,109,Oakland,1,True,True,B,SIDE SWIPE,,Saturday,NotApplicable,False,M,,False,True,False,Oakland Superior,C,OTHER MOTOR VEHICLE,,0,0,CLEAR,,NO UNUSUAL CONDITIONS,,C,DARK-STREET LIGHTS,37.824545,-122.31356,,,,,A,NO PEDESTRIANS INVOLVED,10/8/2016 12:00:00 AM,A,21658(a),False,1,I-80 W/B,,,10/25/2016 2:55:02 PM,A,E,100.0,SFOBB TOLL PLAZA,F,,D,10/25/2016 2:55:32 PM,10/25/2016 2:55:32 PM,,,2,,,,,,,
300860,9370-2016-9009,1,False,9370,10/4/2016 9:25:00 AM,925,176,14,109,Oakland,1,True,True,B,SIDE SWIPE,,Tuesday,NotApplicable,False,M,,False,True,False,Oakland Superior,C,OTHER MOTOR VEHICLE,,0,0,CLEAR,,NO UNUSUAL CONDITIONS,,A,DAYLIGHT,37.113826,-122.113826,,,,,A,NO PEDESTRIANS INVOLVED,10/4/2016 12:00:00 AM,A,21658(a),False,1,I-880 N/B,,,10/25/2016 1:53:16 PM,A,S,1130.0,Hegenberger Rd,F,,D,10/25/2016 1:53:46 PM,10/25/2016 1:53:46 PM,,,2,,,,,,,
300814,9375-2016-6671,1,False,9375,10/16/2016 12:15:00 AM,15,21,14,109,Oakland,1,True,True,E,HIT OBJECT,,Sunday,Yes,False,,,False,False,True,Oakland Superior,I,FIXED OBJECT,FENCE,0,0,RAINING,,NO UNUSUAL CONDITIONS,,C,DARK-STREET LIGHTS,37.682583,-122.123609,,,,,A,NO PEDESTRIANS INVOLVED,10/16/2016 12:00:00 AM,A,23152(a),True,1,Paseo Grande,,,10/25/2016 1:25:55 PM,B,W,93.0,Via Granada,F,,D,10/25/2016 1:26:35 PM,10/25/2016 1:26:35 PM,,,2,,,,,,,
300580,9370-2016-9110,1,False,9370,10/19/2016 8:00:00 PM,2000,177,14,109,Oakland,1,True,True,B,SIDE SWIPE,,Wednesday,NotApplicable,False,,,False,True,False,Oakland Superior,C,OTHER MOTOR VEHICLE,,0,0,CLEAR,,NO UNUSUAL CONDITIONS,,C,DARK-STREET LIGHTS,37.472298,-122.15272,,,,,A,NO PEDESTRIANS INVOLVED,10/19/2016 12:00:00 AM,A,21658(a),False,1,I-880 S/B,,,10/25/2016 11:24:38 AM,A,S,812.0,5th Ave,F,,D,10/25/2016 11:25:19 AM,10/25/2016 11:25:19 AM,,,2,,,,,,,
300498,9335-2016-7183,1,False,9335,10/5/2016 7:15:00 PM,1915,84,14,109,Oakland,1,True,True,B,SIDE SWIPE,,Wednesday,Yes,False,,,False,True,True,Oakland Superior,C,OTHER MOTOR VEHICLE,,1,0,CLEAR,,NO UNUSUAL CONDITIONS,,B,DUSK-DAWN,,,E,0.2,80 ALA .000,M,A,NO PEDESTRIANS INVOLVED,10/5/2016 12:00:00 AM,A,21658(a),False,1,I-80 E/B,,,10/25/2016 10:54:54 AM,A,E,0.2,ALAMEDA COUNTY LINE,M,,D,10/25/2016 10:55:31 AM,10/25/2016 10:55:31 AM,,,2,,,,,,,
300467,9335-2016-7168,1,False,9335,10/4/2016 8:50:00 PM,2050,84,14,109,Oakland,1,True,True,B,SIDE SWIPE,,Tuesday,Yes,False,,,False,True,False,Oakland Superior,C,OTHER MOTOR VEHICLE,,0,0,CLEAR,,NO UNUSUAL CONDITIONS,,C,DARK-STREET LIGHTS,,,W,0.3,80 ALA 1.989,M,A,NO PEDESTRIANS INVOLVED,10/4/2016 12:00:00 AM,A,21658(a),False,1,I-80 E/B,,,10/25/2016 10:42:40 AM,A,W,0.3,SFOBB Toll Plaza,M,,D,10/25/2016 10:43:22 AM,10/25/2016 10:43:22 AM,,,2,,,,,,,
300427,9370-2016-9106,1,False,9370,10/19/2016 8:50:00 AM,850,24,14,109,Oakland,1,True,True,C,REAR END,,Wednesday,NotApplicable,False,,,False,True,True,Oakland Superior,C,OTHER MOTOR VEHICLE,,0,0,CLEAR,,NO UNUSUAL CONDITIONS,,A,DAYLIGHT,37.855226,-122.217584,,,,,A,NO PEDESTRIANS INVOLVED,10/19/2016 12:00:00 AM,A,22350,False,1,SR-24 W/B,,,10/25/2016 10:26:59 AM,A,E,1500.0,Caldecott Ln,F,,D,10/25/2016 10:27:45 AM,10/25/2016 10:27:45 AM,,,2,,,,,,,
300356,9370-2016-9090,1,False,9370,10/18/2016 1:00:00 PM,1300,176,14,109,Oakland,1,True,True,C,REAR END,,Tuesday,NotApplicable,False,M,,False,True,False,Oakland Superior,C,OTHER MOTOR VEHICLE,,0,0,CLEAR,,NO UNUSUAL CONDITIONS,,A,DAYLIGHT,37.74443,-122.199712,,,,,A,NO PEDESTRIANS INVOLVED,10/18/2016 12:00:00 AM,A,22350,False,1,I-880 N/B,,,10/25/2016 10:01:27 AM,A,N,1500.0,Hegenberger Rd,F,,D,10/25/2016 10:01:57 AM,10/25/2016 10:01:57 AM,,,2,,,,,,,
300115,9370-2016-9070,1,False,9370,10/17/2016 12:20:00 PM,1220,52,14,109,Oakland,1,True,True,B,SIDE SWIPE,,Monday,NotApplicable,False,,,False,True,False,Oakland Superior,C,OTHER MOTOR VEHICLE,,0,0,CLEAR,,NO UNUSUAL CONDITIONS,,A,DAYLIGHT,37.772217,-122.156636,,,,,A,NO PEDESTRIANS INVOLVED,10/17/2016 12:00:00 AM,A,21658(a),False,1,I-580 W/B,,,10/25/2016 8:23:07 AM,A,W,300.0,Keller Ave,F,,D,10/25/2016 8:23:40 AM,10/25/2016 8:23:40 AM,,,2,,,,,,,
299934,9335-2016-7230,1,False,9335,10/12/2016 8:25:00 AM,825,82,14,109,Oakland,1,True,True,C,REAR END,,Wednesday,Yes,False,,,False,True,True,Oakland Superior,C,OTHER MOTOR VEHICLE,,1,0,CLOUDY,,NO UNUSUAL CONDITIONS,,A,DAYLIGHT,,,E,100.0,77 ALA 5.348,F,A,NO PEDESTRIANS INVOLVED,10/12/2016 12:00:00 AM,A,22350,False,1,I-80 W/B,,,10/25/2016 5:21:22 AM,A,E,100.0,SAN FRANCISCO COUNTY LINE,F,,D,10/25/2016 5:22:23 AM,10/25/2016 5:22:23 AM,,,2,,,,,,,
299898,9335-2016-7231,1,False,9335,10/12/2016 7:00:00 AM,700,82,14,109,Oakland,1,True,True,B,SIDE SWIPE,,Wednesday,NotApplicable,False,,,False,True,False,Oakland Superior,C,OTHER MOTOR VEHICLE,,1,0,CLOUDY,,NO UNUSUAL CONDITIONS,,A,DAYLIGHT,37.8232,-122.3199,W,300.0,80 ALA 1.932,F,A,NO PEDESTRIANS INVOLVED,10/12/2016 12:00:00 AM,A,21658A,False,1,I-80 W/B,,,10/24/2016 7:11:29 PM,A,W,300.0,SFOBB METERING LIGHTS,F,,D,10/24/2016 7:15:44 PM,10/24/2016 7:15:44 PM,,,2,,,,,,,
298796,9335-2016-7211,1,False,9335,10/9/2016 12:27:00 PM,1227,82,14,109,Oakland,1,True,True,C,REAR END,,Sunday,NotApplicable,True,,,False,True,False,Oakland Superior,C,OTHER MOTOR VEHICLE,,0,0,CLEAR,,NO UNUSUAL CONDITIONS,,A,DAYLIGHT,37.824059,-122.316945,,,,,A,NO PEDESTRIANS INVOLVED,10/9/2016 12:00:00 AM,A,22350,False,1,I-80 W/B,,,10/23/2016 8:00:06 PM,A,W,917.0,TOLL PLAZA,F,,A,10/23/2016 8:00:42 PM,10/23/2016 8:00:42 PM,,,2,,,,,,,
298793,9370-2016-9158,1,False,9370,10/23/2016 11:55:00 AM,1155,54,14,109,Oakland,1,True,True,C,REAR END,,Sunday,Yes,False,,,False,True,True,Oakland Superior,C,OTHER MOTOR VEHICLE,,1,0,CLEAR,,NO UNUSUAL CONDITIONS,,A,DAYLIGHT,37.483627,-122.145311,,,,,A,NO PEDESTRIANS INVOLVED,10/23/2016 12:00:00 AM,A,21658(a),False,1,I-580 E/B,,,10/23/2016 7:16:23 PM,A,W,575.0,Lakeshore Ave.,F,,D,10/23/2016 7:17:13 PM,10/23/2016 7:17:13 PM,,,2,,,,,,,
298790,9370-2016-9038,1,False,9370,10/15/2016 8:35:00 AM,835,8,14,109,Oakland,1,True,True,E,HIT OBJECT,,Saturday,NotApplicable,False,,,False,True,True,Oakland Superior,I,FIXED OBJECT,impact attenuator,0,0,CLEAR,,NO UNUSUAL CONDITIONS,,A,DAYLIGHT,37.824942,-122.313741,,,,,A,NO PEDESTRIANS INVOLVED,10/15/2016 12:00:00 AM,A,22107 VC,False,1,I-80 W/B,,,10/23/2016 6:50:39 PM,A,E,30.0,the S.F.O.B.B. Toll Plaza,F,,A,10/23/2016 6:51:09 PM,10/23/2016 6:51:09 PM,,,2,,,,,,,
298738,9370-2016-8976,1,False,9370,10/9/2016 8:00:00 AM,800,52,14,109,Oakland,1,True,True,B,SIDE SWIPE,,Sunday,NotApplicable,False,,,False,True,False,Oakland Superior,C,OTHER MOTOR VEHICLE,,0,0,CLEAR,,NO UNUSUAL CONDITIONS,,A,DAYLIGHT,37.757841,-122.148047,,,,,A,NO PEDESTRIANS INVOLVED,10/9/2016 12:00:00 AM,A,21658(a),False,,I-580 E/B,,,10/23/2016 3:05:13 PM,A,E,300.0,Twin Oaks Way,F,,D,10/23/2016 3:05:53 PM,10/23/2016 3:05:53 PM,,,2,,,,,,,
298698,9370-2016-9129,1,False,9370,10/21/2016 4:55:00 PM,1655,53,14,109,Oakland,1,True,True,C,REAR END,,Friday,NotApplicable,False,,,False,True,False,Oakland Superior,C,OTHER MOTOR VEHICLE,,0,0,CLEAR,,NO UNUSUAL CONDITIONS,,A,DAYLIGHT,37.472699,-122.120815,,,,,A,NO PEDESTRIANS INVOLVED,10/21/2016 12:00:00 AM,A,22350,False,3,I-580 E/B,,,10/23/2016 1:36:59 PM,A,E,500.0,35th Ave,F,,D,10/23/2016 1:37:40 PM,10/23/2016 1:37:40 PM,,,2,,,,,,,