collision-id,report-number,report-version,is-preliminary,ncic-code,crash-date-time,crash-time-description,beat,city-id,city-code,city-name,county-code,city-is-active,city-is-incorporated,collision-type-code,collision-type-description,collision-type-other-desc,day-of-week,dispatch-notified,has-photographs,hit-run,is-attachments-mailed,is-deleted,is-highway-related,is-tow-away,judicial-district,motor-vehicle-involved-with-code,motor-vehicle-involved-with-desc,motor-vehicle-involved-with-other-desc,number-injured,number-killed,weather-1,weather-2,road-condition-1,road-condition-2,special-condition-lighting-code,lighting-description,latitude,longitude,milepost-direction,milepost-distance,milepost-marker,milepost-unit-of-measure,pedestrian-action-code,pedestrian-action-desc,prepared-date,primary-collision-factor-code,primary-collision-factor-violation,primary-collision-factor-is-cited,primary-collision-party-number,primary-road,reporting-district,reporting-district-code,reviewed-date,roadway-surface-code,secondary-direction,secondary-distance,secondary-road,secondary-unit-of-measure,sketch-desc,traffic-control-device-code,created-date,modified-date,is-county-road,is-freeway,chp-555-version,is-additonal-object-struck,notification-date,notification-time-description,has-digital-media-files,evidence-number,is-location-refer-to-narrative,is-aoi-one-same-as-location
313026,9370-2016-9295,1,False,9370,11/4/2016 7:15:00 PM,1915,53,14,109,Oakland,1,True,True,C,REAR END,,Friday,NotApplicable,False,M,,False,True,False,Oakland Superior,C,OTHER MOTOR VEHICLE,,0,0,CLEAR,,NO UNUSUAL CONDITIONS,,C,DARK-STREET LIGHTS,38.779144,-122.169814,,,,,A,NO PEDESTRIANS INVOLVED,11/4/2016 12:00:00 AM,A,22350,False,1,I-580 W/B,,,11/7/2016 1:12:16 PM,A,E,1320.0,Kuhnle Ave,F,,D,11/7/2016 1:12:46 PM,11/7/2016 1:12:46 PM,,,2,,,,,,,
312980,9370-2016-9311,1,False,9370,11/3/2016 3:25:00 PM,1525,177,14,109,Oakland,1,True,True,B,SIDE SWIPE,,Thursday,NotApplicable,False,,,False,True,False,Oakland Superior,C,OTHER MOTOR VEHICLE,,0,0,CLEAR,,NO UNUSUAL CONDITIONS,,A,DAYLIGHT,37.798955,-122.276261,,,,,A,NO PEDESTRIANS INVOLVED,11/3/2016 12:00:00 AM,A,21658(a),False,1,I-880 S/B,,,11/7/2016 12:52:46 PM,A,S,853.0,I-980 W/B,F,,D,11/7/2016 12:53:19 PM,11/7/2016 12:53:19 PM,,,2,,,,,,,
312969,9370-2016-9276,1,False,9370,11/2/2016 7:55:00 AM,755,176,14,109,Oakland,1,True,True,C,REAR END,,Wednesday,NotApplicable,False,,,False,False,False,Oakland Superior,C,OTHER MOTOR VEHICLE,,0,0,CLEAR,,NO UNUSUAL CONDITIONS,,A,DAYLIGHT,37.455498,-122.130551,,,,,A,NO PEDESTRIANS INVOLVED,11/2/2016 12:00:00 AM,A,22350 VC,False,1,I-880 S/B,,,11/7/2016 12:47:24 PM,A,S,1198.0,High St,F,,A,11/7/2016 12:47:56 PM,11/7/2016 12:47:56 PM,,,2,,,,,,,
312803,9370-2016-9237,1,False,9370,10/30/2016 1:12:00 PM,1312,24,14,109,Oakland,1,True,True,F,OVERTURNED,,Sunday,Yes,False,,,False,True,True,Oakland Superior,I,FIXED OBJECT,Dirt embankment,1,0,RAINING,,NO UNUSUAL CONDITIONS,,A,DAYLIGHT,37.51024,-122.13257,,,,,A,NO PEDESTRIANS INVOLVED,10/30/2016 12:00:00 AM,A,22107,False,1,SR-24 W/B,,,11/7/2016 11:21:36 AM,B,W,350.0,Kay Ave.,F,,D,11/7/2016 11:22:16 AM,11/7/2016 11:22:16 AM,,,2,,,,,,,
312308,9335-2016-7471,1,False,9335,9/23/2016 5:50:00 AM,550,82,14,109,Oakland,1,True,True,B,SIDE SWIPE,,Friday,NotApplicable,False,M,,False,True,False,Oakland Superior,C,OTHER MOTOR VEHICLE,,0,0,CLEAR,,NO UNUSUAL CONDITIONS,,Late-ReportedA,DAYLIGHT,37.824295,-122.314999,,,,,A,NO PEDESTRIANS INVOLVED,9/23/2016 12:00:00 AM,D,,,,I-80 W/B,,,11/7/2016 5:39:03 AM,A,W,345.0,TOLL PLAZA,F,,D,11/7/2016 5:39:32 AM,11/7/2016 5:39:32 AM,,,2,,,,,,,
312182,9370-2016-9243,1,False,9370,10/28/2016 8:15:00 AM,815,901,14,109,Oakland,1,True,True,B,SIDE SWIPE,,Friday,NotApplicable,False,,,False,False,False,Oakland Superior,C,OTHER MOTOR VEHICLE,,0,0,CLOUDY,,NO UNUSUAL CONDITIONS,,School Bus CollisionA,DAYLIGHT,37.790406,-122.202757,,,,,A,NO PEDESTRIANS INVOLVED,10/28/2016 12:00:00 AM,A,22107,False,1,Loma Vista Way (3300 BLOCK),,,11/6/2016 11:39:44 AM,B,N,131.0,Suter St,F,,D,11/6/2016 11:40:28 AM,11/6/2016 11:40:28 AM,,,2,,,,,,,
312082,9370-2016-9245,1,False,9370,10/28/2016 10:50:00 AM,1050,52,14,109,Oakland,1,True,True,B,SIDE SWIPE,,Friday,NotApplicable,False,M,,False,True,False,Oakland Superior,C,OTHER MOTOR VEHICLE,,0,0,CLEAR,,NO UNUSUAL CONDITIONS,,A,DAYLIGHT,37.780485,-122.172327,,,,,A,NO PEDESTRIANS INVOLVED,10/28/2016 12:00:00 AM,A,21658(a),False,1,I-580 W/B,,,11/6/2016 7:24:07 AM,A,E,464.0,Kuhnle Ave,F,,D,11/6/2016 7:24:58 AM,11/6/2016 7:24:58 AM,,,2,,,,,,,
312064,9370-2016-9162,1,False,9370,10/23/2016 3:55:00 PM,1555,8,14,109,Oakland,1,True,True,B,SIDE SWIPE,,Sunday,NotApplicable,False,,,False,True,False,Oakland Superior,C,OTHER MOTOR VEHICLE,,0,0,CLEAR,,NO UNUSUAL CONDITIONS,,A,DAYLIGHT,37.824979,-122.305565,,,,,A,NO PEDESTRIANS INVOLVED,10/23/2016 12:00:00 AM,A,21658(a),False,1,I-80 E/B,,,11/5/2016 7:52:31 PM,A,E,1035.0,WEST GRAND AVENUE OFF RAMP O/C,F,,D,11/5/2016 7:53:05 PM,11/5/2016 7:53:05 PM,,,2,,,,,,,
312058,9370-2016-9238,1,False,9370,10/30/2016 1:55:00 AM,155,177,14,109,Oakland,1,True,True,B,SIDE SWIPE,,Sunday,Yes,False,M,,False,True,True,Oakland Superior,C,OTHER MOTOR VEHICLE,,0,0,CLEAR,CLOUDY,NO UNUSUAL CONDITIONS,,D,DARK-NO STREET LIGHTS,37.794368,-122.265082,,,,,A,NO PEDESTRIANS INVOLVED,10/30/2016 12:00:00 AM,A,21658(a),False,2,I-880 S/B,,,11/5/2016 7:25:05 PM,B,S,490.0,Oak St,F,,D,11/5/2016 7:26:26 PM,11/5/2016 7:26:26 PM,,,2,,,,,,,
312049,9370-2016-9298,1,False,9370,11/3/2016 12:50:00 PM,1250,176,14,109,Oakland,1,True,True,C,REAR END,,Thursday,NotApplicable,False,,,False,True,True,Oakland Superior,C,OTHER MOTOR VEHICLE,,0,0,CLEAR,,NO UNUSUAL CONDITIONS,,A,DAYLIGHT,37.772208,-122.225041,,,,,A,NO PEDESTRIANS INVOLVED,11/3/2016 12:00:00 AM,A,22350,False,1,I-880 S/B,,,11/5/2016 5:19:32 PM,A,N,1440.0,42nd Ave,F,,D,11/5/2016 5:20:10 PM,11/5/2016 5:20:10 PM,,,2,,,,,,,
312046,9370-2016-9246,1,False,9370,10/30/2016 10:10:00 AM,1010,54,14,109,Oakland,1,True,True,C,REAR END,,Sunday,NotApplicable,False,,,False,True,True,Oakland Superior,C,OTHER MOTOR VEHICLE,,0,0,RAINING,,NO UNUSUAL CONDITIONS,,A,DAYLIGHT,37.808366,-122.241613,,,,,A,NO PEDESTRIANS INVOLVED,10/30/2016 12:00:00 AM,A,22107,False,1,I-580 W/B,,,11/5/2016 4:46:57 PM,B,E,66.0,Lake Park Ave,F,,D,11/5/2016 4:47:28 PM,11/5/2016 4:47:28 PM,,,2,,,,,,,
311988,9370-2016-9286,1,False,9370,11/3/2016 11:00:00 AM,1100,177,14,109,Oakland,1,True,True,B,SIDE SWIPE,,Thursday,NotApplicable,False,,,False,True,False,Oakland Superior,C,OTHER MOTOR VEHICLE,,0,0,CLEAR,,NO UNUSUAL CONDITIONS,,A,DAYLIGHT,37.788382,-122.251121,,,,,A,NO PEDESTRIANS INVOLVED,11/3/2016 12:00:00 AM,A,24002(a),False,1,I-880 S/B,,,11/5/2016 9:36:27 AM,A,N,2051.0,16th Ave,F,,D,11/5/2016 9:36:57 AM,11/5/2016 9:36:57 AM,,,2,,,,,,,
311986,9370-2016-9233,1,False,9370,10/30/2016 4:25:00 AM,425,98,14,109,Oakland,1,True,True,E,HIT OBJECT,,Sunday,NotApplicable,False,,,False,True,True,Oakland Superior,I,FIXED OBJECT,CEMENT WALL,0,0,CLEAR,,NO UNUSUAL CONDITIONS,,D,DARK-NO STREET LIGHTS,37.82329,-122.26728,,,,,A,NO PEDESTRIANS INVOLVED,10/30/2016 12:00:00 AM,A,22107,False,1,I-980 E/B TO I-580 E/B,,,11/5/2016 9:24:49 AM,A,W,1500.0,Telegraph Ave,F,,D,11/5/2016 9:25:30 AM,11/5/2016 9:25:30 AM,,,2,,,,,,,
311985,9370-2016-9164,1,False,9370,10/23/2016 8:30:00 PM,2030,178,14,109,Oakland,1,True,True,B,SIDE SWIPE,,Sunday,NotApplicable,False,M,,False,True,False,Oakland Superior,C,OTHER MOTOR VEHICLE,,0,0,CLEAR,,NO UNUSUAL CONDITIONS,,D,DARK-NO STREET LIGHTS,37.82031,-122.2969,,,,,A,NO PEDESTRIANS INVOLVED,10/23/2016 12:00:00 AM,A,21658(a),False,1,I-880 S/B FROM I-80 E/B,,,11/5/2016 9:18:40 AM,A,S,1000.0,WEST GRAND AVENUE,F,,D,11/5/2016 9:19:10 AM,11/5/2016 9:19:10 AM,,,2,,,,,,,
311983,9370-2016-9041,1,False,9370,9/27/2016 8:50:00 AM,850,24,14,109,Oakland,1,True,True,C,REAR END,,Tuesday,NotApplicable,False,M,,False,True,False,Oakland Superior,C,OTHER MOTOR VEHICLE,,0,0,CLEAR,,NO UNUSUAL CONDITIONS,,Counter Report / Late-ReportedA,DAYLIGHT,37.857292,-122.214191,,,,,A,NO PEDESTRIANS INVOLVED,9/27/2016 12:00:00 AM,A,22350,False,1,SR-24 W/B,,,11/5/2016 9:06:34 AM,A,E,3500.0,KAY AVE,F,,D,11/5/2016 9:07:18 AM,11/5/2016 9:07:18 AM,,,2,,,,,,,
311974,9370-2016-9292,1,False,9370,11/4/2016 8:30:00 AM,830,53,14,109,Oakland,1,True,True,C,REAR END,,Friday,NotApplicable,False,,,False,True,False,Oakland Superior,C,OTHER MOTOR VEHICLE,,0,0,CLEAR,,NO UNUSUAL CONDITIONS,,A,DAYLIGHT,37.79856,-122.2177,,,,,A,NO PEDESTRIANS INVOLVED,11/4/2016 12:00:00 AM,A,22350,False,1,I-580 W/B,,,11/4/2016 10:08:03 PM,A,W,300.0,Fruitvale Avenue,F,,A,11/4/2016 10:08:41 PM,11/4/2016 10:08:41 PM,,,2,,,,,,,
311965,9370-2016-9145,1,False,9370,10/22/2016 4:05:00 PM,1605,52,14,109,Oakland,1,True,True,E,HIT OBJECT,,Saturday,NotApplicable,False,M,,False,True,False,Oakland Superior,I,FIXED OBJECT,CEMENT WALL,0,0,CLEAR,,NO UNUSUAL CONDITIONS,,A,DAYLIGHT,37.733872,-122.139557,,,,,A,NO PEDESTRIANS INVOLVED,10/22/2016 12:00:00 AM,A,21658(a),False,1,I-580 W/B,,,11/4/2016 8:57:11 PM,A,E,330.0,Dutton Ave,F,SEE PAGE 4.,D,11/4/2016 8:57:44 PM,11/4/2016 8:57:44 PM,,,2,,,,,,,
311948,9370-2016-9124,1,False,9370,10/21/2016 1:25:00 PM,1325,81,14,109,Oakland,1,True,True,B,SIDE SWIPE,,Friday,NotApplicable,False,,,False,True,True,Oakland Superior,C,OTHER MOTOR VEHICLE,,0,0,CLEAR,,NO UNUSUAL CONDITIONS,,A,DAYLIGHT,37.849035,-122.300014,,,,,A,NO PEDESTRIANS INVOLVED,10/21/2016 12:00:00 AM,A,21658(a),False,1,I-80 W/B TO ASHBY AVENUE,,,11/4/2016 6:26:01 PM,A,E,45.0,Ashby Ave,F,,D,11/4/2016 6:26:33 PM,11/4/2016 6:26:33 PM,,,2,,,,,,,
311941,9370-2016-9121,1,False,9370,10/20/2016 1:18:00 PM,1318,52,14,109,Oakland,1,True,True,E,HIT OBJECT,,Thursday,Yes,False,,,False,True,True,Oakland Superior,I,FIXED OBJECT,LIGHT POLE,1,0,CLEAR,,NO UNUSUAL CONDITIONS,,A,DAYLIGHT,37.756042,-122.148627,,,,,A,NO PEDESTRIANS INVOLVED,10/20/2016 12:00:00 AM,C,,,,I-580 W/B,,,11/4/2016 6:03:11 PM,A,E,1012.0,Twin Oaks Way,F,,D,11/4/2016 6:03:52 PM,11/4/2016 6:03:52 PM,,,2,,,,,,,
310605,9370-2016-9150,1,False,9370,10/22/2016 5:45:00 PM,1745,25,14,109,Oakland,1,True,True,C,REAR END,,Saturday,Yes,False,,,False,True,True,Oakland Superior,C,OTHER MOTOR VEHICLE,,1,0,CLEAR,,NO UNUSUAL CONDITIONS,,A,DAYLIGHT,37.49586,-122.16004,,,,,A,NO PEDESTRIANS INVOLVED,10/22/2016 12:00:00 AM,A,22350,False,4,SR-24 W/B,,,11/3/2016 12:20:22 PM,A,W,200.0,45th St,F,,D,11/3/2016 12:21:29 PM,11/3/2016 12:21:29 PM,,,2,,,,,,,
310491,9370-2016-8887,1,False,9370,9/30/2016 11:50:00 PM,2350,53,14,109,Oakland,1,True,True,C,REAR END,,Friday,NotApplicable,False,M,,False,True,True,Oakland Superior,C,OTHER MOTOR VEHICLE,,1,0,CLEAR,,NO UNUSUAL CONDITIONS,,C,DARK-STREET LIGHTS,37.79518,-122.207338,,,,,A,NO PEDESTRIANS INVOLVED,9/30/2016 12:00:00 AM,A,22350,False,1,I-580 W/B,,,11/3/2016 11:12:15 AM,A,E,1100.0,Coolidge Ave,F,,D,11/3/2016 11:13:04 AM,11/3/2016 11:13:04 AM,,,2,,,,,,,
310387,9370-2016-8407,1,False,9370,8/25/2016 5:40:00 AM,540,176,14,109,Oakland,1,True,True,E,HIT OBJECT,,Thursday,Yes,True,,,False,True,True,Oakland Superior,I,FIXED OBJECT,METAL GUARDRAIL,0,1,CLEAR,,NO UNUSUAL CONDITIONS,,FatalD,DARK-NO STREET LIGHTS,37.74658,-122.20194,,,,,A,NO PEDESTRIANS INVOLVED,8/25/2016 12:00:00 AM,A,23152(e),False,1,I-880 S/B,,,11/3/2016 10:08:16 AM,A,N,2662.0,Hegenberger Road,F,,D,11/3/2016 10:09:00 AM,11/3/2016 10:09:00 AM,,,2,,,,,,,
310046,9370-2016-9274,1,False,9370,11/2/2016 9:00:00 AM,900,176,14,109,Oakland,1,True,True,C,REAR END,,Wednesday,NotApplicable,False,M,,False,True,False,Oakland Superior,C,OTHER MOTOR VEHICLE,,0,0,CLEAR,,NO UNUSUAL CONDITIONS,,A,DAYLIGHT,37.7742,-122.2304,,,,,A,NO PEDESTRIANS INVOLVED,11/2/2016 12:00:00 AM,A,22350,False,1,I-880 N/B,,,11/2/2016 5:20:35 PM,A,S,1000.0,29th Ave,F,,D,11/2/2016 5:21:05 PM,11/2/2016 5:21:05 PM,,,2,,,,,,,
309657,9370-2016-9220,1,False,9370,10/29/2016 3:50:00 AM,350,55,14,109,Oakland,1,True,True,E,HIT OBJECT,,Saturday,Yes,False,,,False,True,True,Oakland Superior,I,FIXED OBJECT,CONCRETE WALL,0,0,RAINING,,NO UNUSUAL CONDITIONS,,C,DARK-STREET LIGHTS,37.82521,-122.26715,,,,,A,NO PEDESTRIANS INVOLVED,10/29/2016 12:00:00 AM,A,23152(a),True,1,I-580 W/B TO SR-24 E/B,,,11/2/2016 12:57:00 PM,B,N,376.0,I-580,F,,D,11/2/2016 12:58:54 PM,11/2/2016 12:58:54 PM,,,2,,,,,,,
309616,9370-2016-9211,1,False,9370,10/27/2016 5:05:00 PM,1705,176,14,109,Oakland,1,True,True,C,REAR END,,Thursday,NotApplicable,False,,,False,True,False,Oakland Superior,C,OTHER MOTOR VEHICLE,,0,0,CLOUDY,RAINING,NO UNUSUAL CONDITIONS,,A,DAYLIGHT,37.740241,-122.195983,,,,,A,NO PEDESTRIANS INVOLVED,10/27/2016 12:00:00 AM,A,22350,False,1,I-880 N/B,,,11/2/2016 12:36:48 PM,B,S,108.0,Hegenberger Rd,F,,D,11/2/2016 12:37:22 PM,11/2/2016 12:37:22 PM,,,2,,,,,,,
309475,9370-2016-9248,1,False,9370,10/29/2016 10:00:00 PM,2200,55,14,109,Oakland,1,True,True,C,REAR END,,Saturday,NotApplicable,False,,,False,True,True,Oakland Superior,C,OTHER MOTOR VEHICLE,,0,0,CLOUDY,,NO UNUSUAL CONDITIONS,,C,DARK-STREET LIGHTS,37.827029,-122.27928,,,,,A,NO PEDESTRIANS INVOLVED,10/29/2016 12:00:00 AM,A,22350,False,1,I-580 W/B,,,11/2/2016 10:59:45 AM,A,E,125.0,Adeline St,F,,D,11/2/2016 11:01:03 AM,11/2/2016 11:01:03 AM,,,2,,,,,,,
309434,9370-2016-9225,1,False,9370,10/29/2016 2:35:00 PM,1435,177,14,109,Oakland,1,True,True,B,SIDE SWIPE,,Saturday,NotApplicable,False,,,False,True,True,Oakland Superior,C,OTHER MOTOR VEHICLE,,0,0,CLEAR,,NO UNUSUAL CONDITIONS,,A,DAYLIGHT,37.472328,-122.152981,,,,,A,NO PEDESTRIANS INVOLVED,10/29/2016 12:00:00 AM,A,21658(a),False,1,I-880 S/B,,,11/2/2016 10:35:49 AM,A,S,545.0,5th Ave,F,,D,11/2/2016 10:38:22 AM,11/2/2016 10:38:22 AM,,,2,,,,,,,
309350,9370-2016-9236,1,False,9370,10/30/2016 10:49:00 AM,1049,98,14,109,Oakland,1,True,True,C,REAR END,,Sunday,NotApplicable,False,,,False,True,True,Oakland Superior,C,OTHER MOTOR VEHICLE,,0,0,RAINING,,FLOODED*,,A,DAYLIGHT,37.475583,-122.16358,,,,,A,NO PEDESTRIANS INVOLVED,10/30/2016 12:00:00 AM,A,22350,False,2,I-980 W/B to I-880 S/B,,,11/2/2016 9:47:57 AM,B,N,105.0,Washington St,F,,D,11/2/2016 9:48:25 AM,11/2/2016 9:48:25 AM,,,2,,,,,,,
309339,9370-2016-8993,1,False,9370,10/11/2016 5:02:00 PM,1702,55,14,109,Oakland,1,True,True,B,SIDE SWIPE,,Tuesday,NotApplicable,False,,,False,True,True,Oakland Superior,C,OTHER MOTOR VEHICLE,,0,0,CLEAR,,NO UNUSUAL CONDITIONS,,A,DAYLIGHT,37.82698,-122.286094,,,,,A,NO PEDESTRIANS INVOLVED,10/11/2016 12:00:00 AM,A,22350,False,1,I-580 W/B,,,11/2/2016 9:41:00 AM,A,W,429.0,Hollis St,F,,D,11/2/2016 9:41:43 AM,11/2/2016 9:41:43 AM,,,2,,,,,,,
309333,9370-2016-9268,1,False,9370,11/1/2016 12:47:00 PM,1247,177,14,109,Oakland,1,True,True,C,REAR END,,Tuesday,NotApplicable,False,,,False,True,False,Oakland Superior,C,OTHER MOTOR VEHICLE,,0,0,CLOUDY,,NO UNUSUAL CONDITIONS,,A,DAYLIGHT,37.7904,-122.2602,,,,,A,NO PEDESTRIANS INVOLVED,11/1/2016 12:00:00 AM,A,22350,False,1,I-880 S/B,,,11/2/2016 9:34:43 AM,A,S,300.0,5th Ave,F,,D,11/2/2016 9:40:25 AM,11/2/2016 9:40:25 AM,,,2,,,,,,,
309294,9370-2016-9263,1,False,9370,11/1/2016 10:15:00 AM,1015,177,14,109,Oakland,1,True,True,C,REAR END,,Tuesday,NotApplicable,False,M,,False,True,False,Oakland Superior,C,OTHER MOTOR VEHICLE,,0,0,CLOUDY,,NO UNUSUAL CONDITIONS,,A,DAYLIGHT,37.7944,-122.2645,,,,,A,NO PEDESTRIANS INVOLVED,11/1/2016 12:00:00 AM,A,22350,False,1,I-880 N/B,,,11/2/2016 9:11:13 AM,A,S,100.0,5th Ave,F,,D,11/2/2016 9:11:41 AM,11/2/2016 9:11:41 AM,,,2,,,,,,,
309285,9370-2016-9267,1,False,9370,11/1/2016 11:25:00 AM,1125,178,14,109,Oakland,1,True,True,B,SIDE SWIPE,,Tuesday,NotApplicable,False,,,False,True,False,Oakland Superior,C,OTHER MOTOR VEHICLE,,0,0,CLOUDY,,NO UNUSUAL CONDITIONS,,A,DAYLIGHT,37.8263,-122.3061,,,,,A,NO PEDESTRIANS INVOLVED,11/1/2016 12:00:00 AM,A,21755,False,1,I-880 N/B,,,11/2/2016 9:03:21 AM,A,N,100.0,I-80 WB,F,,D,11/2/2016 9:03:50 AM,11/2/2016 9:03:50 AM,,,2,,,,,,,
309272,9370-2016-9250,1,False,9370,10/31/2016 7:20:00 AM,720,176,14,109,Oakland,1,True,True,C,REAR END,,Monday,NotApplicable,False,,,False,True,False,Oakland Superior,C,OTHER MOTOR VEHICLE,,0,0,CLOUDY,,NO UNUSUAL CONDITIONS,,A,DAYLIGHT,37.75353,-122.20856,,,,,A,NO PEDESTRIANS INVOLVED,10/31/2016 12:00:00 AM,A,22350 VC,False,1,I-880 S/B FROM 66TH AVE E/B,,,11/2/2016 8:57:41 AM,B,S,148.0,66th Ave,F,,D,11/2/2016 8:58:11 AM,11/2/2016 8:58:11 AM,,,2,,,,,,,
309258,9370-2016-9264,1,False,9370,11/1/2016 10:40:00 AM,1040,8,14,109,Oakland,1,True,True,B,SIDE SWIPE,,Tuesday,NotApplicable,False,,,False,True,False,Oakland Superior,C,OTHER MOTOR VEHICLE,,0,0,CLEAR,,NO UNUSUAL CONDITIONS,,A,DAYLIGHT,37.82556,-122.30547,,,,,A,NO PEDESTRIANS INVOLVED,11/1/2016 12:00:00 AM,A,22107,False,1,I-80 W/B,,,11/2/2016 8:45:59 AM,A,E,650.0,i-880 n/b overcrossing,F,,D,11/2/2016 8:47:54 AM,11/2/2016 8:47:54 AM,,,2,,,,,,,
309236,9370-2016-9206,1,False,9370,10/27/2016 9:20:00 AM,920,13,14,109,Oakland,1,True,True,B,SIDE SWIPE,,Thursday,NotApplicable,False,,,False,True,False,Oakland Superior,C,OTHER MOTOR VEHICLE,,0,0,CLOUDY,,NO UNUSUAL CONDITIONS,,A,DAYLIGHT,37.847534,-122.227712,,,,,A,NO PEDESTRIANS INVOLVED,10/27/2016 12:00:00 AM,A,21658(a),False,1,SR-13 S/B,,,11/2/2016 8:34:09 AM,A,S,250.0,Broadway,F,,D,11/2/2016 8:34:42 AM,11/2/2016 8:34:42 AM,,,2,,,,,,,
309223,9370-2016-9253,1,False,9370,10/31/2016 6:30:00 PM,1830,176,14,109,Oakland,1,True,True,C,REAR END,,Monday,NotApplicable,False,,,False,True,True,Oakland Superior,C,OTHER MOTOR VEHICLE,,0,0,CLOUDY,,NO UNUSUAL CONDITIONS,,C,DARK-STREET LIGHTS,37.75947,-122.21275,,,,,A,NO PEDESTRIANS INVOLVED,10/31/2016 12:00:00 AM,A,22350,False,1,I-880 N/B,,,11/2/2016 8:24:55 AM,A,N,2400.0,66th Ave,F,,D,11/2/2016 8:25:31 AM,11/2/2016 8:25:31 AM,,,2,,,,,,,
309207,9370-2016-9215,1,False,9370,10/28/2016 5:18:00 AM,518,178,14,109,Oakland,1,True,True,C,REAR END,,Friday,NotApplicable,False,,,False,True,True,Oakland Superior,C,OTHER MOTOR VEHICLE,,0,0,CLOUDY,RAINING,NO UNUSUAL CONDITIONS,,C,DARK-STREET LIGHTS,37.82236,-122.28451,,,,,A,NO PEDESTRIANS INVOLVED,10/28/2016 12:00:00 AM,A,22350,False,1,I-880 N/B,,,11/2/2016 8:11:02 AM,B,N,850.0,Market St,F,,D,11/2/2016 8:15:32 AM,11/2/2016 8:15:32 AM,,,2,,,,,,,
309078,9370-2016-9074,1,False,9370,10/18/2016 6:20:00 AM,620,8,14,109,Oakland,1,True,True,B,SIDE SWIPE,,Tuesday,NotApplicable,False,M,,False,True,False,Oakland Superior,C,OTHER MOTOR VEHICLE,,0,0,CLEAR,,NO UNUSUAL CONDITIONS,,B,DUSK-DAWN,37.823775,-122.319577,,,,,A,NO PEDESTRIANS INVOLVED,10/18/2016 12:00:00 AM,A,21658(a),False,1,I-80 W/B,,,11/2/2016 6:10:28 AM,A,E,75.0,SFOBB TOLL PLAZA,F,,D,11/2/2016 6:11:07 AM,11/2/2016 6:11:07 AM,,,2,,,,,,,
309069,9370-2016-9198,1,False,9370,10/26/2016 3:40:00 PM,1540,176,14,109,Oakland,1,True,True,B,SIDE SWIPE,,Wednesday,NotApplicable,False,,,False,True,False,Oakland Superior,C,OTHER MOTOR VEHICLE,,0,0,CLEAR,,NO UNUSUAL CONDITIONS,,A,DAYLIGHT,37.749477,-122.204264,,,,,A,NO PEDESTRIANS INVOLVED,10/26/2016 12:00:00 AM,A,22107,False,1,I-880 S/B,,,11/2/2016 5:52:49 AM,A,S,1500.0,66th Ave,F,,D,11/2/2016 5:53:23 AM,11/2/2016 5:53:23 AM,,,2,,,,,,,
308918,9370-2016-9197,1,False,9370,10/26/2016 11:00:00 AM,1100,176,14,109,Oakland,1,True,True,C,REAR END,,Wednesday,Yes,False,,,False,True,True,Oakland Superior,C,OTHER MOTOR VEHICLE,,1,0,CLEAR,,NO UNUSUAL CONDITIONS,,A,DAYLIGHT,37.758956,-122.212329,,,,,A,NO PEDESTRIANS INVOLVED,10/26/2016 12:00:00 AM,A,22350,False,1,I-880 N/B,,,11/1/2016 3:44:08 PM,A,N,2060.0,66th Ave,F,,D,11/1/2016 3:44:53 PM,11/1/2016 3:44:53 PM,,,2,,,,,,,
308891,9370-2016-9104,1,False,9370,10/19/2016 6:30:00 AM,630,8,14,109,Oakland,1,True,True,B,SIDE SWIPE,,Wednesday,NotApplicable,False,M,,False,True,False,Oakland Superior,C,OTHER MOTOR VEHICLE,,0,0,CLEAR,,NO UNUSUAL CONDITIONS,,A,DAYLIGHT,37.492993,-122.184736,,,,,A,NO PEDESTRIANS INVOLVED,10/19/2016 12:00:00 AM,A,21658(A) VC,False,2,I-80 W/B,,,11/1/2016 3:23:58 PM,A,W,200.0,W. GRAND AVENUE,F,,D,11/1/2016 3:24:26 PM,11/1/2016 3:24:26 PM,,,2,,,,,,,
308663,9370-2016-9168,1,False,9370,10/24/2016 6:50:00 AM,650,55,14,109,Oakland,1,True,True,B,SIDE SWIPE,,Monday,NotApplicable,False,,,False,True,False,Oakland Superior,C,OTHER MOTOR VEHICLE,,0,0,CLEAR,,NO UNUSUAL CONDITIONS,,A,DAYLIGHT,37.826521,-122.285943,,,,,A,NO PEDESTRIANS INVOLVED,10/24/2016 12:00:00 AM,A,21658(a),False,1,I-580 W/B,,,11/1/2016 1:32:58 PM,A,W,520.0,Mandela Pky,F,,D,11/1/2016 1:33:26 PM,11/1/2016 1:33:26 PM,,,2,,,,,,,