collision-id,report-number,report-version,is-preliminary,ncic-code,crash-date-time,crash-time-description,beat,city-id,city-code,city-name,county-code,city-is-active,city-is-incorporated,collision-type-code,collision-type-description,collision-type-other-desc,day-of-week,dispatch-notified,has-photographs,hit-run,is-attachments-mailed,is-deleted,is-highway-related,is-tow-away,judicial-district,motor-vehicle-involved-with-code,motor-vehicle-involved-with-desc,motor-vehicle-involved-with-other-desc,number-injured,number-killed,weather-1,weather-2,road-condition-1,road-condition-2,special-condition-lighting-code,lighting-description,latitude,longitude,milepost-direction,milepost-distance,milepost-marker,milepost-unit-of-measure,pedestrian-action-code,pedestrian-action-desc,prepared-date,primary-collision-factor-code,primary-collision-factor-violation,primary-collision-factor-is-cited,primary-collision-party-number,primary-road,reporting-district,reporting-district-code,reviewed-date,roadway-surface-code,secondary-direction,secondary-distance,secondary-road,secondary-unit-of-measure,sketch-desc,traffic-control-device-code,created-date,modified-date,is-county-road,is-freeway,chp-555-version,is-additonal-object-struck,notification-date,notification-time-description,has-digital-media-files,evidence-number,is-location-refer-to-narrative,is-aoi-one-same-as-location
319784,9370-2016-9383,1,False,9370,11/11/2016 9:30:00 AM,930,178,14,109,Oakland,1,True,True,B,SIDE SWIPE,,Friday,NotApplicable,False,,,False,True,False,Oakland Superior,C,OTHER MOTOR VEHICLE,,0,0,CLEAR,,NO UNUSUAL CONDITIONS,,A,DAYLIGHT,37.482822,-122.181896,,,,,A,NO PEDESTRIANS INVOLVED,11/11/2016 12:00:00 AM,A,22107,False,2,I-880 S/B from 7th Street,,,11/15/2016 11:14:10 AM,A,S,10.0,7th Street,F,,A,11/15/2016 11:14:39 AM,11/15/2016 11:14:39 AM,,,2,,,,,,,
319688,9370-2016-9373,1,False,9370,11/9/2016 10:00:00 PM,2200,55,14,109,Oakland,1,True,True,E,HIT OBJECT,,Wednesday,NotApplicable,False,M,,False,True,True,Oakland Superior,I,FIXED OBJECT,CONCRETE WALL,0,0,CLEAR,,NO UNUSUAL CONDITIONS,,D,DARK-NO STREET LIGHTS,37.827209,-122.28359,,,,,A,NO PEDESTRIANS INVOLVED,11/9/2016 12:00:00 AM,A,22107,False,1,I-580 E/B,,,11/15/2016 10:21:44 AM,A,E,239.0,Hollis St,F,,D,11/15/2016 10:22:12 AM,11/15/2016 10:22:12 AM,,,2,,,,,,,
319678,9370-2016-9367,1,False,9370,11/10/2016 10:55:00 AM,1055,55,14,109,Oakland,1,True,True,C,REAR END,,Thursday,NotApplicable,False,,,False,True,False,Oakland Superior,C,OTHER MOTOR VEHICLE,,0,0,CLEAR,,NO UNUSUAL CONDITIONS,,A,DAYLIGHT,37.821976,-122.259734,,,,,A,NO PEDESTRIANS INVOLVED,11/10/2016 12:00:00 AM,A,22350,False,1,I-580 E/B,,,11/15/2016 10:15:44 AM,A,W,1672.0,Harrison St,F,,D,11/15/2016 10:16:16 AM,11/15/2016 10:16:16 AM,,,2,,,,,,,
319673,9370-2016-7276,1,False,9370,5/14/2016 1:37:00 AM,137,177,14,109,Oakland,1,True,True,E,HIT OBJECT,,Saturday,NotApplicable,False,,,False,True,True,Oakland Superior,I,FIXED OBJECT,CONCRETE BARRIER,0,0,CLEAR,,NO UNUSUAL CONDITIONS,,Late-ReportedC,DARK-STREET LIGHTS,37.797311,-122.272334,,,,,A,NO PEDESTRIANS INVOLVED,5/14/2016 12:00:00 AM,A,22107,False,1,I-880 S/B,,,11/15/2016 10:14:00 AM,A,N,90.0,WEBSTER STREET,F,,D,11/15/2016 10:14:30 AM,11/15/2016 10:14:30 AM,,,2,,,,,,,
319549,9370-2016-7275,1,False,9370,5/14/2016 1:38:00 AM,138,177,14,109,Oakland,1,True,True,B,SIDE SWIPE,,Saturday,NotApplicable,False,,,False,True,True,Oakland Superior,C,OTHER MOTOR VEHICLE,,0,0,CLOUDY,,NO UNUSUAL CONDITIONS,,Late-ReportedC,DARK-STREET LIGHTS,37.797311,-122.272334,,,,,A,NO PEDESTRIANS INVOLVED,5/14/2016 12:00:00 AM,A,22350,False,2,I-880 S/B,,,11/15/2016 9:09:13 AM,A,S,64.0,Webster St,F,,D,11/15/2016 9:09:44 AM,11/15/2016 9:09:44 AM,,,2,,,,,,,
342840,9335-2016-7716,1,False,9335,12/2/2016 2:40:00 AM,240,82,14,109,Oakland,1,True,True,C,REAR END,,Friday,NotApplicable,False,,,False,True,False,Oakland Superior,C,OTHER MOTOR VEHICLE,,0,0,CLEAR,,NO UNUSUAL CONDITIONS,,C,DARK-STREET LIGHTS,37.82294,-122.32181,,,,,A,NO PEDESTRIANS INVOLVED,12/2/2016 12:00:00 AM,A,22350,False,1,I-80 W/B,,,12/12/2016 6:56:08 PM,A,W,480.0,SFOBB METERING LIGHTS,F,,D,12/12/2016 6:56:39 PM,12/12/2016 6:56:39 PM,,,2,,,,,,,
342729,9370-2016-9640,1,False,9370,12/3/2016 6:40:00 PM,1840,13,14,109,Oakland,1,True,True,C,REAR END,,Saturday,NotApplicable,False,,,False,True,True,Oakland Superior,C,OTHER MOTOR VEHICLE,,0,0,CLEAR,,NO UNUSUAL CONDITIONS,,D,DARK-NO STREET LIGHTS,37.780974,-122.174069,,,,,A,NO PEDESTRIANS INVOLVED,12/3/2016 12:00:00 AM,A,22350,False,1,SR-13 S/B,,,12/12/2016 3:47:31 PM,A,N,100.0,Sunnymere Ave,F,,D,12/12/2016 3:48:00 PM,12/12/2016 3:48:00 PM,,,2,,,,,,,
342690,9370-2016-9650,1,False,9370,12/3/2016 9:00:00 PM,2100,98,14,109,Oakland,1,True,True,B,SIDE SWIPE,,Saturday,Yes,False,M,,False,True,True,Oakland Superior,C,OTHER MOTOR VEHICLE,,1,0,CLEAR,,NO UNUSUAL CONDITIONS,,B,DUSK-DAWN,37.81572,-122.27107,,,,,A,NO PEDESTRIANS INVOLVED,12/3/2016 12:00:00 AM,A,21658(a),False,1,I-980 W/B,,,12/12/2016 3:11:57 PM,A,E,1000.0,west grand ave.,F,,D,12/12/2016 3:12:37 PM,12/12/2016 3:12:37 PM,,,2,,,,,,,
342682,9370-2016-9702,1,False,9370,12/8/2016 2:20:00 PM,1420,8,14,109,Oakland,1,True,True,C,REAR END,,Thursday,NotApplicable,False,M,,False,True,False,Oakland Superior,C,OTHER MOTOR VEHICLE,,0,0,RAINING,,NO UNUSUAL CONDITIONS,,A,DAYLIGHT,37.82769,-122.29496,,,,,A,NO PEDESTRIANS INVOLVED,12/8/2016 12:00:00 AM,A,22350,False,1,I-80 E/B,,,12/12/2016 3:04:17 PM,B,W,200.0,i-580 tran overcrossing,F,,D,12/12/2016 3:04:50 PM,12/12/2016 3:04:50 PM,,,2,,,,,,,
342664,9370-2016-9627,1,False,9370,12/2/2016 4:25:00 PM,1625,13,14,109,Oakland,1,True,True,C,REAR END,,Friday,NotApplicable,False,,,False,True,False,Oakland Superior,C,OTHER MOTOR VEHICLE,,0,0,CLEAR,,NO UNUSUAL CONDITIONS,,A,DAYLIGHT,37.46493,-122.10226,,,,,A,NO PEDESTRIANS INVOLVED,12/2/2016 12:00:00 AM,A,22350,False,2,SR-13 S/B TO I-580 E/B,,,12/12/2016 2:53:26 PM,A,S,230.0,Kuhnle Ave,F,,D,12/12/2016 2:53:59 PM,12/12/2016 2:53:59 PM,,,2,,,,,,,
342657,9370-2016-9698,1,False,9370,12/8/2016 10:45:00 AM,1045,8,14,109,Oakland,1,True,True,D,BROADSIDE,,Thursday,NotApplicable,False,,,False,True,True,Oakland Superior,C,OTHER MOTOR VEHICLE,,0,0,CLEAR,RAINING,NO UNUSUAL CONDITIONS,,A,DAYLIGHT,37.8277,-122.29476,,,,,A,NO PEDESTRIANS INVOLVED,12/8/2016 12:00:00 AM,A,22107,False,1,I-80 E/B,,,12/12/2016 2:48:24 PM,D,W,100.0,I-580 w/b transition overcrossing,F,,D,12/12/2016 2:49:17 PM,12/12/2016 2:49:17 PM,,,2,,,,,,,
342628,9370-2016-9685,1,False,9370,12/7/2016 2:20:00 PM,1420,901,14,109,Oakland,1,True,True,C,REAR END,,Wednesday,NotApplicable,False,,,False,False,False,Oakland Superior,C,OTHER MOTOR VEHICLE,,0,0,CLOUDY,RAINING,NO UNUSUAL CONDITIONS,,School Bus CollisionA,DAYLIGHT,37.820817,-122.278964,,,,,A,NO PEDESTRIANS INVOLVED,12/7/2016 12:00:00 AM,A,22106,False,1,FILBERT STREET- 2800 BLOCK,,,12/12/2016 2:25:41 PM,B,S,400.0,30TH STREET,F,,D,12/12/2016 2:26:28 PM,12/12/2016 2:26:28 PM,,,2,,,,,,,
342603,9370-2016-9611,1,False,9370,12/1/2016 5:20:00 PM,1720,177,14,109,Oakland,1,True,True,C,REAR END,,Thursday,NotApplicable,False,,,False,True,False,Oakland Superior,C,OTHER MOTOR VEHICLE,,0,0,CLEAR,,NO UNUSUAL CONDITIONS,,C,DARK-STREET LIGHTS,37.47238,-122.15263,,,,,A,NO PEDESTRIANS INVOLVED,12/1/2016 12:00:00 AM,A,22350,False,3,I-880 N/B,,,12/12/2016 2:15:15 PM,A,S,780.0,5th Ave,F,,D,12/12/2016 2:15:52 PM,12/12/2016 2:15:52 PM,,,2,,,,,,,
342559,9370-2016-9691,1,False,9370,12/7/2016 6:50:00 AM,650,8,14,109,Oakland,1,True,True,B,SIDE SWIPE,,Wednesday,NotApplicable,False,,,False,True,False,Oakland Superior,C,OTHER MOTOR VEHICLE,,0,0,CLOUDY,,NO UNUSUAL CONDITIONS,,B,DUSK-DAWN,37.8253,-122.31059,,,,,A,NO PEDESTRIANS INVOLVED,12/7/2016 12:00:00 AM,A,21658(a),False,1,I-880 N/B TO I-80 W/B,,,12/12/2016 1:36:27 PM,A,S,900.0,SFOBB TOLL PLAZA,F,,D,12/12/2016 1:36:56 PM,12/12/2016 1:36:56 PM,,,2,,,,,,,
342096,9370-2016-9548,1,False,9370,11/26/2016 3:15:00 AM,315,8,14,109,Oakland,1,True,True,B,SIDE SWIPE,,Saturday,NotApplicable,False,,,False,True,True,Oakland Superior,C,OTHER MOTOR VEHICLE,,0,0,CLEAR,,NO UNUSUAL CONDITIONS,,D,DARK-NO STREET LIGHTS,37.825522,-122.303164,,,,,A,NO PEDESTRIANS INVOLVED,11/26/2016 12:00:00 AM,A,21658(a) VC,False,1,I-80 E/B,,,12/12/2016 8:02:01 AM,A,E,1848.0,WEST GRAND AVENUE OVER CROSSING,F,,D,12/12/2016 8:02:38 AM,12/12/2016 8:02:38 AM,,,2,,,,,,,
341811,9370-2016-9653,1,False,9370,12/4/2016 5:10:00 PM,1710,54,14,109,Oakland,1,True,True,B,SIDE SWIPE,,Sunday,NotApplicable,False,M,,False,True,False,Oakland Superior,C,OTHER MOTOR VEHICLE,,0,0,CLEAR,,NO UNUSUAL CONDITIONS,,D,DARK-NO STREET LIGHTS,37.48385,-122.14564,,,,,A,NO PEDESTRIANS INVOLVED,12/4/2016 12:00:00 AM,A,21658(a),False,1,I-580 W/B,,,12/11/2016 9:34:01 AM,A,W,140.0,Grand Ave,F,,D,12/11/2016 9:35:05 AM,12/11/2016 9:35:05 AM,,,2,,,,,,,
341804,9335-2016-7645,1,False,9335,11/26/2016 2:30:00 PM,1430,84,14,109,Oakland,1,True,True,C,REAR END,,Saturday,NotApplicable,False,,,False,True,True,Oakland Superior,C,OTHER MOTOR VEHICLE,,0,0,CLOUDY,,NO UNUSUAL CONDITIONS,,A,DAYLIGHT,37.819463,-122.344778,,,,,A,NO PEDESTRIANS INVOLVED,11/26/2016 12:00:00 AM,A,22350,False,1,I-80 E/B,,,12/11/2016 9:09:04 AM,B,E,1584.0,Alameda County Line,F,,D,12/11/2016 9:09:46 AM,12/11/2016 9:09:46 AM,,,2,,,,,,,
341755,9370-2016-9656,1,False,9370,12/3/2016 10:25:00 PM,2225,176,14,109,Oakland,1,True,True,C,REAR END,,Saturday,NotApplicable,False,,,False,True,True,Oakland Superior,C,OTHER MOTOR VEHICLE,,0,0,CLEAR,,NO UNUSUAL CONDITIONS,,C,DARK-STREET LIGHTS,37.75093,-122.20533,,,,,A,NO PEDESTRIANS INVOLVED,12/3/2016 12:00:00 AM,A,22350,False,1,I-880 N/B,,,12/10/2016 4:51:51 PM,A,S,900.0,66th Ave,F,,D,12/10/2016 4:52:29 PM,12/10/2016 4:52:29 PM,,,2,,,,,,,
341752,9370-2016-9620,1,False,9370,12/1/2016 8:25:00 AM,825,8,14,109,Oakland,1,True,True,B,SIDE SWIPE,,Thursday,NotApplicable,False,,,False,True,False,Oakland Superior,C,OTHER MOTOR VEHICLE,,0,0,CLEAR,,NO UNUSUAL CONDITIONS,,A,DAYLIGHT,37.826631,-122.299576,,,,,A,NO PEDESTRIANS INVOLVED,12/1/2016 12:00:00 AM,A,21658(a) VC,False,1,i-80 westbound,,,12/10/2016 4:19:30 PM,A,E,2887.0,the west grand avenue o/c,F,,D,12/10/2016 4:20:02 PM,12/10/2016 4:20:02 PM,,,2,,,,,,,
341725,9370-2016-9722,1,False,9370,10/29/2016 3:10:00 PM,1510,177,14,109,Oakland,1,True,True,B,SIDE SWIPE,,Saturday,NotApplicable,False,,,False,True,False,Oakland Superior,C,OTHER MOTOR VEHICLE,,0,0,CLEAR,,NO UNUSUAL CONDITIONS,,A,DAYLIGHT,37.475358,-122.162535,,,,,A,NO PEDESTRIANS INVOLVED,10/29/2016 12:00:00 AM,A,21658(a),False,,I-880 N/B,,,12/10/2016 11:04:45 AM,A,S,255.0,Broadway,F,,D,12/10/2016 11:05:13 AM,12/10/2016 11:05:13 AM,,,2,,,,,,,
341674,9335-2016-7622,2,False,9335,11/23/2016 1:53:00 AM,153,84,14,109,Oakland,1,True,True,C,REAR END,,Wednesday,Yes,True,,,False,True,True,Oakland Superior,C,OTHER MOTOR VEHICLE,,4,0,CLOUDY,,NO UNUSUAL CONDITIONS,,C,DARK-STREET LIGHTS,37.820582,-122.338023,,,,,A,NO PEDESTRIANS INVOLVED,11/23/2016 12:00:00 AM,A,23152(a),True,1,I-80 E/B,,,4/9/2018 12:23:36 PM,A,W,1485.0,Call Box # 80 AL 12M,F,,D,12/9/2016 9:44:53 PM,4/9/2018 12:23:47 PM,,,2,,,,,,,
341671,9370-2016-9451,1,False,9370,11/18/2016 7:13:00 PM,1913,52,14,109,Oakland,1,True,True,B,SIDE SWIPE,,Friday,Yes,False,,,False,True,True,Oakland Superior,C,OTHER MOTOR VEHICLE,,1,0,CLEAR,,NO UNUSUAL CONDITIONS,,D,DARK-NO STREET LIGHTS,37.761244,-122.148524,,,,,A,NO PEDESTRIANS INVOLVED,11/18/2016 12:00:00 AM,A,22350 VC,False,1,I-580 W/B,,,12/9/2016 9:14:51 PM,A,W,873.0,TWIN OAKS WAY OVER CROSSING,F,,D,12/9/2016 9:15:37 PM,12/9/2016 9:15:37 PM,,,2,,,,,,,
341668,9335-2016-7477,1,False,9335,11/7/2016 11:40:00 PM,2340,84,14,109,Oakland,1,True,True,C,REAR END,,Monday,Yes,False,,,False,True,True,Oakland Superior,C,OTHER MOTOR VEHICLE,,2,0,CLEAR,,NO UNUSUAL CONDITIONS,,D,DARK-NO STREET LIGHTS,37.821211,-122.333703,,,,,A,NO PEDESTRIANS INVOLVED,11/8/2016 12:00:00 AM,A,22350,False,1,I-80 E/B,,,12/9/2016 8:58:56 PM,A,W,300.0,Call Box 80 AL 10M,F,,D,12/9/2016 8:59:48 PM,12/9/2016 8:59:48 PM,,,2,,,,,,,
341666,9370-2016-9230,1,False,9370,10/29/2016 6:00:00 PM,1800,8,14,109,Oakland,1,True,True,B,SIDE SWIPE,,Saturday,NotApplicable,False,M,,False,True,False,Oakland Superior,C,OTHER MOTOR VEHICLE,,0,0,CLEAR,,NO UNUSUAL CONDITIONS,,A,DAYLIGHT,37.824715,-122.312494,,,,,A,NO PEDESTRIANS INVOLVED,10/29/2016 12:00:00 AM,A,21658(a),False,1,I-80 W/B,,,12/9/2016 8:53:33 PM,A,E,350.0,SFOBB TOLL PLAZA,F,,D,12/9/2016 8:56:16 PM,12/9/2016 8:56:16 PM,,,2,,,,,,,
341643,9370-2016-9631,1,False,9370,12/2/2016 5:45:00 PM,1745,177,14,109,Oakland,1,True,True,C,REAR END,,Friday,NotApplicable,False,,,False,True,True,Oakland Juvenile,C,OTHER MOTOR VEHICLE,,1,0,CLEAR,,NO UNUSUAL CONDITIONS,,D,DARK-NO STREET LIGHTS,37.79008,-122.25829,,,,,A,NO PEDESTRIANS INVOLVED,12/2/2016 12:00:00 AM,A,22350,False,2,I-880 N/B,,,12/9/2016 6:11:32 PM,A,S,1000.0,5th Ave,F,,D,12/9/2016 6:12:08 PM,12/9/2016 6:12:08 PM,,,2,,,,,,,
341640,9370-2016-9630,1,False,9370,12/3/2016 6:25:00 AM,625,8,14,109,Oakland,1,True,True,B,SIDE SWIPE,,Saturday,NotApplicable,False,,,False,True,True,Oakland Superior,C,OTHER MOTOR VEHICLE,,0,0,CLEAR,,NO UNUSUAL CONDITIONS,,C,DARK-STREET LIGHTS,37.82633,-122.30081,,,,,A,NO PEDESTRIANS INVOLVED,12/3/2016 12:00:00 AM,A,21658(a) VC,False,,I-80 W/B,,,12/9/2016 5:35:51 PM,A,E,3700.0,SFOBB TOLL PLAZA,F,,D,12/9/2016 5:51:24 PM,12/9/2016 5:51:24 PM,,,2,,,,,,,
341632,9370-2016-9712,1,False,9370,12/9/2016 1:10:00 AM,110,176,14,109,Oakland,1,True,True,E,HIT OBJECT,,Friday,Yes,False,,,False,True,True,Oakland Superior,I,FIXED OBJECT,CONCRETE MEDIAN,1,0,CLOUDY,,NO UNUSUAL CONDITIONS,,D,DARK-NO STREET LIGHTS,37.767126,-122.219262,,,,,A,NO PEDESTRIANS INVOLVED,12/9/2016 12:00:00 AM,A,22107,False,1,I-880 N/B,,,12/9/2016 5:21:23 PM,B,S,500.0,High St,F,,D,12/9/2016 5:22:25 PM,12/9/2016 5:22:25 PM,,,2,,,,,,,
341502,9370-2016-9687,1,False,9370,12/7/2016 3:57:00 PM,1557,54,14,109,Oakland,1,True,True,B,SIDE SWIPE,,Wednesday,NotApplicable,False,,,False,True,False,Oakland Superior,C,OTHER MOTOR VEHICLE,,0,0,CLOUDY,RAINING,NO UNUSUAL CONDITIONS,,A,DAYLIGHT,37.808455,-122.241655,,,,,A,NO PEDESTRIANS INVOLVED,12/7/2016 12:00:00 AM,A,21658(a),False,1,I-580 W/B,,,12/9/2016 2:51:20 PM,B,E,69.0,Lake Park Ave,F,,D,12/9/2016 2:51:50 PM,12/9/2016 2:51:50 PM,,,2,,,,,,,
341484,9370-2016-9690,1,False,9370,12/7/2016 10:35:00 PM,2235,178,14,109,Oakland,1,True,True,E,HIT OBJECT,,Wednesday,Yes,False,,,False,True,True,Oakland Superior,I,FIXED OBJECT,Concrete Wall,3,0,CLOUDY,RAINING,NO UNUSUAL CONDITIONS,,C,DARK-STREET LIGHTS,37.80248,-122.28468,,,,,A,NO PEDESTRIANS INVOLVED,12/7/2016 12:00:00 AM,A,22107,False,1,I-880 N/B,,,12/9/2016 2:37:18 PM,B,N,420.0,Market St,F,,D,12/9/2016 2:38:13 PM,12/9/2016 2:38:13 PM,,,2,,,,,,,
341458,9370-2016-9682,1,False,9370,12/7/2016 10:25:00 AM,1025,8,14,109,Oakland,1,True,True,D,BROADSIDE,,Wednesday,NotApplicable,False,,,False,True,False,Oakland Superior,C,OTHER MOTOR VEHICLE,,0,0,CLOUDY,,NO UNUSUAL CONDITIONS,,A,DAYLIGHT,37.82505,-122.31221,,,,,A,NO PEDESTRIANS INVOLVED,12/7/2016 12:00:00 AM,A,21658(a),False,1,I-80 W/B,,,12/9/2016 2:18:03 PM,A,E,490.0,sf/oakland bay bridge toll plaza,F,,D,12/9/2016 2:18:37 PM,12/9/2016 2:18:37 PM,,,2,,,,,,,
341304,9370-2016-9678,1,False,9370,12/6/2016 5:50:00 PM,1750,176,14,109,Oakland,1,True,True,C,REAR END,,Tuesday,NotApplicable,False,,,False,True,False,Oakland Superior,C,OTHER MOTOR VEHICLE,,2,0,CLEAR,,NO UNUSUAL CONDITIONS,,D,DARK-NO STREET LIGHTS,37.77474,-122.232979,,,,,A,NO PEDESTRIANS INVOLVED,12/6/2016 12:00:00 AM,A,22350,False,1,I-880 S/B,,,12/9/2016 12:38:31 PM,A,S,50.0,29th Ave,F,,D,12/9/2016 12:39:04 PM,12/9/2016 12:39:04 PM,,,2,,,,,,,
341228,9370-2016-9619,1,False,9370,12/1/2016 7:00:00 AM,700,8,14,109,Oakland,1,True,True,B,SIDE SWIPE,,Thursday,NotApplicable,False,M,,False,True,False,Oakland Superior,C,OTHER MOTOR VEHICLE,,0,0,CLEAR,,NO UNUSUAL CONDITIONS,,A,DAYLIGHT,37.825254,-122.312853,,,,,A,NO PEDESTRIANS INVOLVED,12/1/2016 12:00:00 AM,A,21658(a) VC,False,1,i-80 westbound,,,12/9/2016 11:17:12 AM,A,E,277.0,s.f.o.b.b toll plaza,F,,D,12/9/2016 11:17:41 AM,12/9/2016 11:17:41 AM,,,2,,,,,,,
341113,9370-2016-9015,1,False,9370,10/13/2016 9:56:00 PM,2156,55,14,109,Oakland,1,True,True,E,HIT OBJECT,,Thursday,Yes,False,,,False,True,False,Oakland Superior,J,OTHER OBJECT,COUCH,3,0,CLEAR,,NO UNUSUAL CONDITIONS,,D,DARK-NO STREET LIGHTS,37.821903,-122.258774,,,,,A,NO PEDESTRIANS INVOLVED,10/13/2016 12:00:00 AM,A,22350 VC,False,1,I-580 W/B,,,12/9/2016 9:25:59 AM,A,E,300.0,Piedmont Ave,F,,D,12/9/2016 9:26:43 AM,12/9/2016 9:26:43 AM,,,2,,,,,,,
340937,9335-2016-7666,1,False,9335,11/28/2016 10:07:00 AM,1007,82,14,109,Oakland,1,True,True,B,SIDE SWIPE,,Monday,NotApplicable,False,,,False,True,False,Oakland Superior,C,OTHER MOTOR VEHICLE,,0,0,CLOUDY,,NO UNUSUAL CONDITIONS,,A,DAYLIGHT,37.820643,-122.339775,,,,,A,NO PEDESTRIANS INVOLVED,11/28/2016 12:00:00 AM,A,21658(a),False,2,I-80 W/B,,,12/9/2016 6:45:02 AM,A,E,1.55,YERBA BUENA ISLAND,M,,D,12/9/2016 6:45:29 AM,12/9/2016 6:45:29 AM,,,2,,,,,,,
340763,9370-2016-9670,1,False,9370,12/6/2016 9:10:00 AM,910,8,14,109,Oakland,1,True,True,B,SIDE SWIPE,,Tuesday,NotApplicable,False,,,False,True,False,Oakland Superior,C,OTHER MOTOR VEHICLE,,0,0,CLEAR,,NO UNUSUAL CONDITIONS,,A,DAYLIGHT,37.82488,-122.31069,,,,,A,NO PEDESTRIANS INVOLVED,12/6/2016 12:00:00 AM,A,21658(a),False,1,I-80 W/B,,,12/8/2016 3:55:44 PM,A,W,300.0,west grand avenue off ramp overcrossing,F,,D,12/8/2016 3:56:16 PM,12/8/2016 3:56:16 PM,,,2,,,,,,,
340370,9335-2016-7644,1,False,9370,11/25/2016 1:55:00 PM,1355,8,14,109,Oakland,1,True,True,B,SIDE SWIPE,,Friday,Yes,False,,,False,True,False,Oakland Superior,C,OTHER MOTOR VEHICLE,,0,0,CLEAR,,NO UNUSUAL CONDITIONS,,A,DAYLIGHT,,,E,75.0,80 ALA 1.989,F,A,NO PEDESTRIANS INVOLVED,11/25/2016 12:00:00 AM,A,21658(a),False,1,I-80 W/B,,,12/8/2016 11:31:10 AM,A,E,75.0,SFOBB Toll Plaza,F,,D,12/8/2016 11:31:43 AM,12/8/2016 11:31:43 AM,,,2,,,,,,,
340182,9370-2016-9635,1,False,9370,12/3/2016 11:16:00 PM,2316,178,14,109,Oakland,1,True,True,B,SIDE SWIPE,,Saturday,NotApplicable,False,M,,False,True,False,Oakland Superior,C,OTHER MOTOR VEHICLE,,0,0,CLEAR,,NO UNUSUAL CONDITIONS,,C,DARK-STREET LIGHTS,37.80233,-122.293802,,,,,A,NO PEDESTRIANS INVOLVED,12/3/2016 12:00:00 AM,A,21658(a),False,1,I-880 N/B,,,12/8/2016 9:31:04 AM,A,S,125.0,MANDELA PARKWAY,F,,D,12/8/2016 9:31:37 AM,12/8/2016 9:31:37 AM,,,2,,,,,,,
339685,9370-2016-9109,1,False,9370,10/19/2016 4:22:00 PM,1622,24,14,109,Oakland,1,True,True,B,SIDE SWIPE,,Wednesday,NotApplicable,False,M,,False,True,False,Oakland Superior,C,OTHER MOTOR VEHICLE,,0,0,CLEAR,,NO UNUSUAL CONDITIONS,,A,DAYLIGHT,37.848663,-122.24274,,,,,A,NO PEDESTRIANS INVOLVED,10/19/2016 12:00:00 AM,A,21658(a),False,1,SR-24 E/B,,,12/7/2016 3:40:50 PM,A,W,906.0,Golden Gate Ave,F,,D,12/7/2016 3:43:43 PM,12/7/2016 3:43:43 PM,,,2,,,,,,,
339075,9370-2016-9413,1,False,9370,11/14/2016 11:00:00 PM,2300,176,14,109,Oakland,1,True,True,B,SIDE SWIPE,,Monday,NotApplicable,False,M,,False,True,True,Oakland Superior,I,FIXED OBJECT,CONCRETE BARRIER,0,0,CLEAR,,NO UNUSUAL CONDITIONS,,C,DARK-STREET LIGHTS,37.775116,-122.232779,,,,,A,NO PEDESTRIANS INVOLVED,11/14/2016 12:00:00 AM,A,22107,False,1,i-880 n/b to 29th ave.,,,12/7/2016 10:12:30 AM,A,S,30.0,29th Ave,F,,D,12/7/2016 10:12:59 AM,12/7/2016 10:12:59 AM,,,2,,,,,,,
339060,9370-2016-9358,1,False,9370,11/9/2016 8:30:00 AM,830,53,14,109,Oakland,1,True,True,F,OVERTURNED,,Wednesday,Yes,False,,,False,True,True,Oakland Superior,J,OTHER OBJECT,asphalt roadway,1,0,CLEAR,,NO UNUSUAL CONDITIONS,,A,DAYLIGHT,37.778661,-122.168795,,,,,A,NO PEDESTRIANS INVOLVED,11/9/2016 12:00:00 AM,A,22107,False,1,I-580 W/B,,,12/7/2016 10:06:31 AM,A,W,1500.0,Edwards Ave,F,,D,12/7/2016 10:07:10 AM,12/7/2016 10:07:10 AM,,,2,,,,,,,
338911,9370-2016-9580,1,False,9370,11/26/2016 3:37:00 PM,1537,176,14,109,Oakland,1,True,True,B,SIDE SWIPE,,Saturday,NotApplicable,False,M,,False,True,True,Oakland Superior,C,OTHER MOTOR VEHICLE,,1,0,RAINING,,NO UNUSUAL CONDITIONS,,Late-ReportedA,DAYLIGHT,37.73281,-122.19013,,,,,A,NO PEDESTRIANS INVOLVED,11/26/2016 12:00:00 AM,A,21750,False,1,I-880 S/B FROM 98TH AVE.,,,12/7/2016 9:01:54 AM,B,N,520.0,98th Ave,F,,D,12/7/2016 9:03:48 AM,12/7/2016 9:03:48 AM,,,2,,,,,,,