collision-id,report-number,report-version,is-preliminary,ncic-code,crash-date-time,crash-time-description,beat,city-id,city-code,city-name,county-code,city-is-active,city-is-incorporated,collision-type-code,collision-type-description,collision-type-other-desc,day-of-week,dispatch-notified,has-photographs,hit-run,is-attachments-mailed,is-deleted,is-highway-related,is-tow-away,judicial-district,motor-vehicle-involved-with-code,motor-vehicle-involved-with-desc,motor-vehicle-involved-with-other-desc,number-injured,number-killed,weather-1,weather-2,road-condition-1,road-condition-2,special-condition-lighting-code,lighting-description,latitude,longitude,milepost-direction,milepost-distance,milepost-marker,milepost-unit-of-measure,pedestrian-action-code,pedestrian-action-desc,prepared-date,primary-collision-factor-code,primary-collision-factor-violation,primary-collision-factor-is-cited,primary-collision-party-number,primary-road,reporting-district,reporting-district-code,reviewed-date,roadway-surface-code,secondary-direction,secondary-distance,secondary-road,secondary-unit-of-measure,sketch-desc,traffic-control-device-code,created-date,modified-date,is-county-road,is-freeway,chp-555-version,is-additonal-object-struck,notification-date,notification-time-description,has-digital-media-files,evidence-number,is-location-refer-to-narrative,is-aoi-one-same-as-location
3802745,16-007965,2,False,0109,2/12/2016 12:47:00 PM,1247,15C,14,109,Oakland,1,True,True,D,BROADSIDE,,Friday,,,,,False,False,False,,C,OTHER MOTOR VEHICLE,,1,0,CLEAR,,NO UNUSUAL CONDITIONS - NO UNUSUAL CONDITIONS,,A,DAYLIGHT,,,,,,,A,NO PEDESTRIANS INVOLVED,,A,21801A,,1,LAKESHORE AV,1,,,A,,,MACARTHUR BL,,,A,8/8/2024 11:14:45 AM,2/10/2025 10:41:03 AM,,,2,,,,,,,
3802712,16-007275,2,False,0109,2/8/2016 6:01:00 PM,1801,19X,14,109,Oakland,1,True,True,C,REAR END,,Monday,,,,,False,False,False,,C,OTHER MOTOR VEHICLE,,1,0,CLEAR,,NO UNUSUAL CONDITIONS - NO UNUSUAL CONDITIONS,,A,DAYLIGHT,,,,,,,A,NO PEDESTRIANS INVOLVED,,A,23152A,,1,E 12TH ST,1,,,A,E,5.0,22ND AV,F,,A,8/8/2024 11:14:42 AM,2/10/2025 10:41:00 AM,,,2,,,,,,,
3802710,16-007819,2,False,0109,2/12/2016 2:11:00 AM,211,34X,14,109,Oakland,1,True,True,B,SIDE SWIPE,,Friday,,,M,,False,False,False,,E,PARKED MOTOR VEHICLE,,1,0,CLEAR,,NO UNUSUAL CONDITIONS - NO UNUSUAL CONDITIONS,,C,DARK-STREET LIGHTS,,,,,,,A,NO PEDESTRIANS INVOLVED,,A,22107,,1,90TH AV,2,,,A,S,54.0,HOLLY ST,F,,D,8/8/2024 11:14:42 AM,2/10/2025 10:40:59 AM,,,2,,,,,,,
3802708,16-008465,2,False,0109,2/15/2016 11:46:00 AM,1146,03Y,14,109,Oakland,1,True,True,H,OTHER,,Monday,,,,,False,False,False,,D,MOTOR VEHICLE ON OTHER ROADWAY,,1,0,CLEAR,,NO UNUSUAL CONDITIONS - NO UNUSUAL CONDITIONS,,A,DAYLIGHT,,,,,,,A,NO PEDESTRIANS INVOLVED,,A,21453A,,1,14TH ST,1,,,A,,,CASTRO ST,,,A,8/8/2024 11:14:42 AM,2/10/2025 10:40:59 AM,,,2,,,,,,,
3802706,16-004044,2,False,0109,1/22/2016 10:12:00 PM,2212,06,14,109,Oakland,1,True,True,G,VEHICLE/PEDESTRAIN,,Friday,,,,,False,False,False,,B,PEDESTRIAN,,1,0,RAINING,,NO UNUSUAL CONDITIONS - NO UNUSUAL CONDITIONS,,C,DARK-STREET LIGHTS,,,,,,,B,CROSSING IN CROSS WALK AT INTERSECTION,,A,21657,,1,SAN PABLO AV,1,,,B,,,25TH ST,,,A,8/8/2024 11:14:42 AM,2/10/2025 10:40:59 AM,,,2,,,,,,,
3802703,16-002669,2,False,0109,1/15/2016 12:14:00 PM,1214,28,14,109,Oakland,1,True,True,D,BROADSIDE,,Friday,,,,,False,False,True,,C,OTHER MOTOR VEHICLE,,2,0,CLOUDY,,NO UNUSUAL CONDITIONS - NO UNUSUAL CONDITIONS,,A,DAYLIGHT,,,,,,,A,NO PEDESTRIANS INVOLVED,,A,22350,,1,MACARTHUR BL,2,,,A,W,57.0,MILLSVIEW AV,F,,D,8/8/2024 11:14:41 AM,2/10/2025 10:40:59 AM,,,2,,,,,,,
3802700,16-003174,2,False,0109,1/18/2016 6:08:00 PM,1808,10,14,109,Oakland,1,True,True,D,BROADSIDE,,Monday,,,,,False,False,False,,C,OTHER MOTOR VEHICLE,,1,0,CLEAR,,NO UNUSUAL CONDITIONS - NO UNUSUAL CONDITIONS,,C,DARK-STREET LIGHTS,,,,,,,A,NO PEDESTRIANS INVOLVED,,A,12802A,,1,54TH ST,1,,,A,,,MARTIN LUTHER KING JR WY,,,A,8/8/2024 11:14:41 AM,2/10/2025 10:40:59 AM,,,2,,,,,,,
3802696,16-004205,2,False,0109,1/23/2016 9:23:00 PM,2123,14,14,109,Oakland,1,True,True,D,BROADSIDE,,Saturday,,,,,False,False,False,,C,OTHER MOTOR VEHICLE,,2,0,CLEAR,,NO UNUSUAL CONDITIONS - NO UNUSUAL CONDITIONS,,C,DARK-STREET LIGHTS,,,,,,,A,NO PEDESTRIANS INVOLVED,,A,21453A,,1,OAKLAND AV,1,,,A,,,SANTA CLARA AV,,,A,8/8/2024 11:14:41 AM,2/10/2025 10:40:58 AM,,,2,,,,,,,
3802692,16-002340,2,False,0109,1/13/2016 6:47:00 PM,1847,08,14,109,Oakland,1,True,True,G,VEHICLE/PEDESTRAIN,,Wednesday,,,,,False,False,False,,G,BICYCLE,,1,0,CLOUDY,,NO UNUSUAL CONDITIONS - NO UNUSUAL CONDITIONS,,C,DARK-STREET LIGHTS,,,,,,,A,NO PEDESTRIANS INVOLVED,,A,21453A,,1,WEBSTER ST,1,,,A,,,40TH ST,,,A,8/8/2024 11:14:41 AM,2/10/2025 10:40:58 AM,,,2,,,,,,,
3802688,16-005534,2,False,0109,1/30/2016 11:23:00 AM,1123,33,14,109,Oakland,1,True,True,C,REAR END,,Saturday,,,,,False,False,False,,C,OTHER MOTOR VEHICLE,,1,0,CLEAR,,NO UNUSUAL CONDITIONS - NO UNUSUAL CONDITIONS,,A,DAYLIGHT,,,,,,,A,NO PEDESTRIANS INVOLVED,,A,21703,,1,81ST AV,2,,,A,N,50.0,SAN LEANDRO ST,F,,D,8/8/2024 11:14:40 AM,2/10/2025 10:40:57 AM,,,2,,,,,,,
3802684,16-002045,2,False,0109,1/12/2016 10:56:00 AM,1056,17,14,109,Oakland,1,True,True,D,BROADSIDE,,Tuesday,,,,,False,False,False,,C,OTHER MOTOR VEHICLE,,1,0,CLOUDY,,NO UNUSUAL CONDITIONS - NO UNUSUAL CONDITIONS,,A,DAYLIGHT,,,,,,,A,NO PEDESTRIANS INVOLVED,,A,21802A,,1,9TH AV,1,,,A,,,21ST ST,,,A,8/8/2024 11:14:40 AM,2/10/2025 10:40:57 AM,,,2,,,,,,,
3802676,16-005840,2,False,0109,2/1/2016 10:47:00 AM,1047,33X,14,109,Oakland,1,True,True,B,SIDE SWIPE,,Monday,,,,,False,False,False,,C,OTHER MOTOR VEHICLE,,0,0,CLEAR,,NO UNUSUAL CONDITIONS - NO UNUSUAL CONDITIONS,,A,DAYLIGHT,,,,,,,A,NO PEDESTRIANS INVOLVED,,A,21750A,,1,86TH AV,2,,,A,N,50.0,D ST,F,,D,8/8/2024 11:14:39 AM,2/10/2025 10:40:56 AM,,,2,,,,,,,
3801759,16-011492,2,False,0109,3/1/2016 9:25:00 PM,2125,19X,14,109,Oakland,1,True,True,A,HEAD-ON,,Tuesday,,,,,False,False,False,,C,OTHER MOTOR VEHICLE,,0,0,CLEAR,,NO UNUSUAL CONDITIONS - NO UNUSUAL CONDITIONS,,C,DARK-STREET LIGHTS,,,,,,,A,NO PEDESTRIANS INVOLVED,,A,21453A,,1,145TH AV,1,,,A,,,E 15TH ST,,,A,8/8/2024 11:13:22 AM,2/10/2025 10:39:07 AM,,,2,,,,,,,
3801755,16-012831,2,False,0109,3/9/2016 11:59:00 PM,2359,27X,14,109,Oakland,1,True,True,F,OVERTURNED,,Wednesday,,,M,,False,False,False,,E,PARKED MOTOR VEHICLE,,0,0,CLEAR,,NO UNUSUAL CONDITIONS - NO UNUSUAL CONDITIONS,,C,DARK-STREET LIGHTS,,,,,,,A,NO PEDESTRIANS INVOLVED,,A,22107,,1,FOOTHILL BL,2,,,A,E,500.0,FAIRFAX AV,F,,D,8/8/2024 11:13:21 AM,2/10/2025 10:39:06 AM,,,2,,,,,,,
3801711,16-006981,2,False,0109,2/6/2016 4:52:00 PM,1652,19X,14,109,Oakland,1,True,True,G,VEHICLE/PEDESTRAIN,,Saturday,,,,,False,False,False,,G,BICYCLE,,1,0,CLEAR,,NO UNUSUAL CONDITIONS - NO UNUSUAL CONDITIONS,,A,DAYLIGHT,,,,,,,E,IN ROAD - INCLUDES SHOULDER,,A,21453D,,1,1ST AV,1,,,A,,,E 12TH ST,,,A,8/8/2024 11:13:16 AM,2/10/2025 10:39:02 AM,,,2,,,,,,,
3801559,16-006104,2,False,0109,2/2/2016 3:07:00 PM,1507,08X,14,109,Oakland,1,True,True,D,BROADSIDE,,Tuesday,,,,,False,False,False,,C,OTHER MOTOR VEHICLE,,0,0,CLEAR,,NO UNUSUAL CONDITIONS - NO UNUSUAL CONDITIONS,,A,DAYLIGHT,,,,,,,A,NO PEDESTRIANS INVOLVED,,A,21804A,,1,TELEGRAPH AV,1,,,A,S,30.0,28TH ST,F,,A,8/8/2024 11:13:03 AM,2/10/2025 10:38:46 AM,,,2,,,,,,,
3801555,16-007136,2,False,0109,2/8/2016 1:24:00 AM,124,06X,14,109,Oakland,1,True,True,D,BROADSIDE,,Monday,,,,,False,False,True,,E,PARKED MOTOR VEHICLE,,0,0,CLEAR,,NO UNUSUAL CONDITIONS - NO UNUSUAL CONDITIONS,,C,DARK-STREET LIGHTS,,,,,,,A,NO PEDESTRIANS INVOLVED,,A,23152A,,1,MARTIN LUTHER KING WY,1,,,A,N,50.0,27TH ST,F,,A,8/8/2024 11:13:03 AM,2/10/2025 10:38:46 AM,,,2,,,,,,,
3801554,16-005384,2,False,0109,1/29/2016 5:22:00 PM,1722,33X,14,109,Oakland,1,True,True,D,BROADSIDE,,Friday,,,,,False,False,False,,C,OTHER MOTOR VEHICLE,,2,0,RAINING,,NO UNUSUAL CONDITIONS - NO UNUSUAL CONDITIONS,,C,DARK-STREET LIGHTS,,,,,,,A,NO PEDESTRIANS INVOLVED,,A,21802A,,1,81ST AV,2,,,B,,,INTERNATIONAL BL,,,A,8/8/2024 11:13:03 AM,2/10/2025 10:38:46 AM,,,2,,,,,,,
3801551,16-007582,2,False,0109,2/10/2016 2:37:00 PM,1437,12X,14,109,Oakland,1,True,True,C,REAR END,,Wednesday,,,M,,False,False,True,,E,PARKED MOTOR VEHICLE,,0,0,CLEAR,,NO UNUSUAL CONDITIONS - NO UNUSUAL CONDITIONS,,A,DAYLIGHT,,,,,,,A,NO PEDESTRIANS INVOLVED,,A,22107,,1,MANILLA ST,1,,,A,S,20.0,49TH ST,F,,A,8/8/2024 11:13:03 AM,2/10/2025 10:38:45 AM,,,2,,,,,,,
3801542,16-004482,2,False,0109,1/25/2016 12:37:00 PM,1237,06X,14,109,Oakland,1,True,True,C,REAR END,,Monday,,,,,False,False,False,,G,BICYCLE,,1,0,CLEAR,,NO UNUSUAL CONDITIONS - NO UNUSUAL CONDITIONS,,A,DAYLIGHT,,,,,,,A,NO PEDESTRIANS INVOLVED,,A,22107,,1,BRUSH ST,1,,,A,,,SAN PABLO AV,,,A,8/8/2024 11:13:02 AM,2/10/2025 10:38:44 AM,,,2,,,,,,,
3801535,16-006836,2,False,0109,2/5/2016 10:42:00 PM,2242,21Y,14,109,Oakland,1,True,True,D,BROADSIDE,,Friday,,,,,False,False,True,,C,OTHER MOTOR VEHICLE,,0,0,CLEAR,,NO UNUSUAL CONDITIONS - NO UNUSUAL CONDITIONS,,C,DARK-STREET LIGHTS,,,,,,,A,NO PEDESTRIANS INVOLVED,,D,,,,FRUITVALE AV,1,,,A,,,HAROLD ST,,,A,8/8/2024 11:13:01 AM,2/10/2025 10:38:43 AM,,,2,,,,,,,
3801487,16-002072,2,False,0109,1/12/2016 12:45:00 PM,1245,30X,14,109,Oakland,1,True,True,D,BROADSIDE,,Tuesday,,,,,False,False,False,,C,OTHER MOTOR VEHICLE,,0,0,CLEAR,,NO UNUSUAL CONDITIONS - NO UNUSUAL CONDITIONS,,A,DAYLIGHT,,,,,,,A,NO PEDESTRIANS INVOLVED,,A,21801A,,1,73RD AV,2,,,A,,,KRAUSE AV,,,D,8/8/2024 11:12:58 AM,2/10/2025 10:38:35 AM,,,2,,,,,,,
3801484,16-004301,2,False,0109,1/24/2016 11:09:00 AM,1109,19X,14,109,Oakland,1,True,True,D,BROADSIDE,,Sunday,,,,,False,False,False,,C,OTHER MOTOR VEHICLE,,0,0,CLEAR,,NO UNUSUAL CONDITIONS - NO UNUSUAL CONDITIONS,,A,DAYLIGHT,,,,,,,A,NO PEDESTRIANS INVOLVED,,A,22450A,,1,E 15TH ST,1,,,A,,,21ST ST,,,A,8/8/2024 11:12:57 AM,2/10/2025 10:38:34 AM,,,2,,,,,,,
3801482,16-660639,2,False,0109,2/2/2016 9:30:00 AM,930,31X,14,109,Oakland,1,True,True,A,HEAD-ON,,Tuesday,,,,,False,False,False,,C,OTHER MOTOR VEHICLE,,2,0,RAINING,,OTHER* - OTHER*,,A,DAYLIGHT,,,,,,,A,NO PEDESTRIANS INVOLVED,,A,22107,,1,OAKPORT ST,2,,,B,,,SHOPPING CENTER,,,A,8/8/2024 11:12:57 AM,2/10/2025 10:38:34 AM,,,2,,,,,,,
3801468,16-005419,2,False,0109,1/29/2016 3:47:00 PM,1547,24X,14,109,Oakland,1,True,True,C,REAR END,,Friday,,,,,False,False,False,,C,OTHER MOTOR VEHICLE,,0,0,RAINING,,,,A,DAYLIGHT,,,,,,,A,NO PEDESTRIANS INVOLVED,,A,22350,,1,HIGH ST,2,,,B,,,HIGH ST 2135,,,D,8/8/2024 11:12:56 AM,2/10/2025 10:38:32 AM,,,2,,,,,,,
3800158,16006983,2,False,0109,2/6/2016 5:19:00 PM,1719,19X,14,109,Oakland,1,True,True,G,VEHICLE/PEDESTRAIN,,Saturday,,,,,False,False,False,,B,PEDESTRIAN,,1,0,CLEAR,,NO UNUSUAL CONDITIONS - NO UNUSUAL CONDITIONS,,B,DUSK-DAWN,,,,,,,B,CROSSING IN CROSS WALK AT INTERSECTION,,A,21950A,,1,14TH AV,1,,,A,,,INTERNATIONAL BL,,,A,8/8/2024 11:11:03 AM,2/10/2025 10:36:11 AM,,,2,,,,,,,
3800150,16008296,2,False,0109,2/14/2016 11:00:00 AM,1100,24,14,109,Oakland,1,True,True,D,BROADSIDE,,Sunday,,,,,False,False,False,,C,OTHER MOTOR VEHICLE,,1,0,CLEAR,,NO UNUSUAL CONDITIONS - NO UNUSUAL CONDITIONS,,A,DAYLIGHT,,,,,,,A,NO PEDESTRIANS INVOLVED,,A,21800B,,1,38TH AV,2,,,A,,,LYON AV,,,A,8/8/2024 11:11:03 AM,2/10/2025 10:36:10 AM,,,2,,,,,,,
3800146,16008707,2,False,0109,2/16/2016 4:39:00 PM,1639,30X,14,109,Oakland,1,True,True,D,BROADSIDE,,Tuesday,,,M,,False,False,False,,E,PARKED MOTOR VEHICLE,,1,0,CLEAR,,NO UNUSUAL CONDITIONS - NO UNUSUAL CONDITIONS,,B,DUSK-DAWN,,,,,,,A,NO PEDESTRIANS INVOLVED,,A,22107,,1,FRESNO ST,1,,,A,E,30.0,CHURCH ST,F,,D,8/8/2024 11:11:02 AM,2/10/2025 10:36:09 AM,,,2,,,,,,,
3799990,16-005173,2,False,0109,1/28/2016 6:44:00 PM,1844,27X,14,109,Oakland,1,True,True,D,BROADSIDE,,Thursday,,,,,False,False,False,,C,OTHER MOTOR VEHICLE,,3,0,CLEAR,,NO UNUSUAL CONDITIONS - NO UNUSUAL CONDITIONS,,C,DARK-STREET LIGHTS,,,,,,,A,NO PEDESTRIANS INVOLVED,,D,,,,HIGH ST,2,,,A,,,BOND ST,,,A,8/8/2024 11:10:49 AM,2/10/2025 10:35:53 AM,,,2,,,,,,,
3799989,16-002553,2,False,0109,1/14/2016 6:20:00 PM,1820,20X,14,109,Oakland,1,True,True,D,BROADSIDE,,Thursday,,,,,False,False,True,,C,OTHER MOTOR VEHICLE,,1,0,RAINING,,NO UNUSUAL CONDITIONS - NO UNUSUAL CONDITIONS,,C,DARK-STREET LIGHTS,,,,,,,A,NO PEDESTRIANS INVOLVED,,A,21650,,1,FOOTHILL BL,1,,,B,,,MITCHELL ST,,,A,8/8/2024 11:10:49 AM,2/10/2025 10:35:53 AM,,,2,,,,,,,
3799988,16-002325,2,False,0109,1/13/2016 5:22:00 PM,1722,35X,14,109,Oakland,1,True,True,D,BROADSIDE,,Wednesday,,,,,False,False,True,,C,OTHER MOTOR VEHICLE,,1,0,CLEAR,,NO UNUSUAL CONDITIONS - NO UNUSUAL CONDITIONS,,C,DARK-STREET LIGHTS,,,,,,,A,NO PEDESTRIANS INVOLVED,,A,21802A,,1,96TH AV,2,,,A,,,BANCROFT AV,,,A,8/8/2024 11:10:49 AM,2/10/2025 10:35:53 AM,,,2,,,,,,,
3799987,16-003272,2,False,0109,1/19/2016 12:05:00 PM,1205,22X,14,109,Oakland,1,True,True,D,BROADSIDE,,Tuesday,,,,,False,False,True,,C,OTHER MOTOR VEHICLE,,1,0,CLOUDY,,NO UNUSUAL CONDITIONS - NO UNUSUAL CONDITIONS,,A,DAYLIGHT,,,,,,,A,NO PEDESTRIANS INVOLVED,,A,21801A,,1,35TH AV,1,,,B,S,50.0,DELAWARE ST,F,,D,8/8/2024 11:10:49 AM,2/10/2025 10:35:53 AM,,,2,,,,,,,
3799966,16-010120,2,False,0109,2/24/2016 8:42:00 AM,842,32Y,14,109,Oakland,1,True,True,C,REAR END,,Wednesday,,,,,False,False,False,,C,OTHER MOTOR VEHICLE,,2,0,CLEAR,,NO UNUSUAL CONDITIONS - NO UNUSUAL CONDITIONS,,A,DAYLIGHT,,,,,,,A,NO PEDESTRIANS INVOLVED,,A,22350,,1,106TH AV,2,,,A,,,VOLTAIRE AV,,,A,8/8/2024 11:10:47 AM,2/10/2025 10:35:51 AM,,,2,,,,,,,
3817383,16-020659,2,False,0109,4/19/2016 7:27:00 AM,727,19X,14,109,Oakland,1,True,True,D,BROADSIDE,,Tuesday,,,,,False,False,True,,C,OTHER MOTOR VEHICLE,,2,0,CLEAR,,NO UNUSUAL CONDITIONS - NO UNUSUAL CONDITIONS,,A,DAYLIGHT,,,,,,,A,NO PEDESTRIANS INVOLVED,,B,,,1,11TH AV,1,,,A,,,E 15TH ST,,,A,8/8/2024 11:35:16 AM,2/10/2025 11:27:53 AM,,,2,,,,,,,
3817366,16-020581,2,False,0109,4/18/2016 6:29:00 PM,1829,06X,14,109,Oakland,1,True,True,D,BROADSIDE,,Monday,,,,,False,False,True,,C,OTHER MOTOR VEHICLE,,1,0,CLEAR,,NO UNUSUAL CONDITIONS - NO UNUSUAL CONDITIONS,,A,DAYLIGHT,,,,,,,A,NO PEDESTRIANS INVOLVED,,A,21453A,,1,27TH ST,1,,,A,,,NORTHGATE AV,,,A,8/8/2024 11:35:15 AM,2/10/2025 11:27:52 AM,,,2,,,,,,,
3817333,16-020107,2,False,0109,4/16/2016 1:00:00 AM,100,05X,14,109,Oakland,1,True,True,D,BROADSIDE,,Saturday,,,,,False,False,False,,C,OTHER MOTOR VEHICLE,,0,0,CLEAR,,NO UNUSUAL CONDITIONS - NO UNUSUAL CONDITIONS,,C,DARK-STREET LIGHTS,,,,,,,A,NO PEDESTRIANS INVOLVED,,A,21801A,,1,SAN PABLO AV,1,,,A,,,W GRAND AV,,,A,8/8/2024 11:35:12 AM,2/10/2025 11:27:50 AM,,,2,,,,,,,
3817291,16-009827,2,False,0109,2/23/2016 4:44:00 PM,1644,01X,14,109,Oakland,1,True,True,B,SIDE SWIPE,,Tuesday,,,,,False,False,False,,E,PARKED MOTOR VEHICLE,,0,0,CLEAR,,NO UNUSUAL CONDITIONS - NO UNUSUAL CONDITIONS,,A,DAYLIGHT,,,,,,,A,NO PEDESTRIANS INVOLVED,,A,22107,,1,5TH ST,1,,,A,,,CLAY ST,,,D,8/8/2024 11:35:08 AM,2/10/2025 11:27:47 AM,,,2,,,,,,,
3817288,16-007541,2,False,0109,2/10/2016 9:00:00 AM,900,06X,14,109,Oakland,1,True,True,D,BROADSIDE,,Wednesday,,,,,False,False,True,,C,OTHER MOTOR VEHICLE,,4,0,CLEAR,,NO UNUSUAL CONDITIONS - NO UNUSUAL CONDITIONS,,A,DAYLIGHT,,,,,,,A,NO PEDESTRIANS INVOLVED,,A,22450A,,1,26TH ST,1,,,A,,,MYRTLE ST,,,A,8/8/2024 11:35:08 AM,2/10/2025 11:27:47 AM,,,2,,,,,,,
3817277,16-018724,2,False,0109,4/9/2016 4:40:00 AM,440,23X,14,109,Oakland,1,True,True,H,OTHER,,Saturday,,,,,False,False,False,,C,OTHER MOTOR VEHICLE,,0,0,RAINING,,NO UNUSUAL CONDITIONS - NO UNUSUAL CONDITIONS,,C,DARK-STREET LIGHTS,,,,,,,A,NO PEDESTRIANS INVOLVED,,A,22106,,1,INTERNATIONAL BL,2,,,B,W,40.0,40TH AV,F,,D,8/8/2024 11:35:07 AM,2/10/2025 11:27:46 AM,,,2,,,,,,,
3817218,16-017168,2,False,0109,4/1/2016 12:59:00 PM,1259,24Y,14,109,Oakland,1,True,True,C,REAR END,,Friday,,,,,False,False,False,,C,OTHER MOTOR VEHICLE,,0,0,CLEAR,,NO UNUSUAL CONDITIONS - NO UNUSUAL CONDITIONS,,A,DAYLIGHT,,,,,,,A,NO PEDESTRIANS INVOLVED,,A,22350,,1,35TH AV,2,,,A,S,20.0,BROOKDALE AV,F,,D,8/8/2024 11:35:02 AM,2/10/2025 11:27:43 AM,,,2,,,,,,,
3817216,16-019684,2,False,0109,4/13/2016 11:26:00 PM,2326,31X,14,109,Oakland,1,True,True,C,REAR END,,Wednesday,,,,,False,False,False,,C,OTHER MOTOR VEHICLE,,0,0,CLEAR,,NO UNUSUAL CONDITIONS - NO UNUSUAL CONDITIONS,,C,DARK-STREET LIGHTS,,,,,,,A,NO PEDESTRIANS INVOLVED,,A,23152A,,1,SAN LEANDRO ST,2,,,A,W,10.0,85TH AV,F,,A,8/8/2024 11:35:02 AM,2/10/2025 11:27:43 AM,,,2,,,,,,,
3817175,16-014011,2,False,0109,3/14/2016 8:01:00 PM,2001,20X,14,109,Oakland,1,True,True,B,SIDE SWIPE,,Monday,,,,,False,False,False,,E,PARKED MOTOR VEHICLE,,0,0,CLEAR,,NO UNUSUAL CONDITIONS - NO UNUSUAL CONDITIONS,,C,DARK-STREET LIGHTS,,,,,,,A,NO PEDESTRIANS INVOLVED,,A,22107,,1,INTERNATIONAL BL,1,,,A,W,10.0,27TH AV,F,,D,8/8/2024 11:34:58 AM,2/10/2025 11:27:40 AM,,,2,,,,,,,
3817173,16-014427,2,False,0109,3/17/2016 8:20:00 PM,2020,20X,14,109,Oakland,1,True,True,H,OTHER,,Thursday,,,,,False,False,False,,E,PARKED MOTOR VEHICLE,,0,0,CLEAR,,NO UNUSUAL CONDITIONS - NO UNUSUAL CONDITIONS,,C,DARK-STREET LIGHTS,,,,,,,A,NO PEDESTRIANS INVOLVED,,B,,,1,28TH AV,1,,,A,N,440.0,INTERNATIONAL BL,F,,D,8/8/2024 11:34:58 AM,2/10/2025 11:27:40 AM,,,2,,,,,,,
3817154,16-007250,2,False,0109,2/8/2016 3:19:00 PM,1519,07X,14,109,Oakland,1,True,True,C,REAR END,,Monday,,,,,False,False,False,,E,PARKED MOTOR VEHICLE,,1,0,CLEAR,,NO UNUSUAL CONDITIONS - NO UNUSUAL CONDITIONS,,A,DAYLIGHT,,,,,,,A,NO PEDESTRIANS INVOLVED,,A,22350,,1,CHESTNUT ST,1,,,A,S,1.0,24TH ST,F,,A,8/8/2024 11:34:56 AM,2/10/2025 11:27:39 AM,,,2,,,,,,,
3817153,16-010755,2,False,0109,2/27/2016 4:28:00 AM,428,34X,14,109,Oakland,1,True,True,H,OTHER,,Saturday,,,,,False,False,False,,C,OTHER MOTOR VEHICLE,,0,0,CLEAR,,NO UNUSUAL CONDITIONS - NO UNUSUAL CONDITIONS,,C,DARK-STREET LIGHTS,,,,,,,A,NO PEDESTRIANS INVOLVED,,B,,,1,BANCROFT AV,2,,,A,E,75.0,92ND AV,F,,A,8/8/2024 11:34:56 AM,2/10/2025 11:27:39 AM,,,2,,,,,,,
3817144,16-012040,2,False,0109,3/4/2016 1:11:00 PM,1311,29X,14,109,Oakland,1,True,True,C,REAR END,,Friday,,,,,False,False,False,,C,OTHER MOTOR VEHICLE,,2,0,RAINING,,NO UNUSUAL CONDITIONS - NO UNUSUAL CONDITIONS,,A,DAYLIGHT,,,,,,,A,NO PEDESTRIANS INVOLVED,,A,22350,,1,EDWARDS AV,2,,,B,S,200.0,RT 580,F,,A,8/8/2024 11:34:55 AM,2/10/2025 11:27:38 AM,,,2,,,,,,,
3817009,16-014625,2,False,0109,3/18/2016 4:30:00 PM,1630,04X,14,109,Oakland,1,True,True,C,REAR END,,Friday,,,M,,False,False,True,,C,OTHER MOTOR VEHICLE,,1,0,CLEAR,,NO UNUSUAL CONDITIONS - NO UNUSUAL CONDITIONS,,A,DAYLIGHT,,,,,,,A,NO PEDESTRIANS INVOLVED,,A,21703,,1,LAKESIDE DR,1,,,A,S,5.0,17TH ST,F,,D,8/8/2024 11:34:41 AM,2/10/2025 11:27:30 AM,,,2,,,,,,,
3816915,16-012565,2,False,0109,3/7/2016 5:30:00 PM,1730,03Y,14,109,Oakland,1,True,True,C,REAR END,,Monday,,,,,False,False,False,,C,OTHER MOTOR VEHICLE,,1,0,CLEAR,,NO UNUSUAL CONDITIONS - NO UNUSUAL CONDITIONS,,A,DAYLIGHT,,,,,,,A,NO PEDESTRIANS INVOLVED,,A,22350,,1,7TH ST,1,,,A,W,80.0,BROADWAY,F,,A,8/8/2024 11:34:34 AM,2/10/2025 11:27:23 AM,,,2,,,,,,,
3816886,16-009337,2,False,0109,2/19/2016 7:16:00 PM,1916,34X,14,109,Oakland,1,True,True,C,REAR END,,Friday,,,M,,False,False,True,,C,OTHER MOTOR VEHICLE,,0,0,CLOUDY,RAINING,NO UNUSUAL CONDITIONS - NO UNUSUAL CONDITIONS,,C,DARK-STREET LIGHTS,,,,,,,A,NO PEDESTRIANS INVOLVED,,B,,,1,88TH AV,2,,,B,S,250.0,OLIVE ST,F,,A,8/8/2024 11:34:31 AM,2/10/2025 11:27:21 AM,,,2,,,,,,,
3816862,16-015423,2,False,0109,3/23/2016 1:28:00 PM,1328,24X,14,109,Oakland,1,True,True,B,SIDE SWIPE,,Wednesday,,,,,False,False,False,,E,PARKED MOTOR VEHICLE,,0,0,CLEAR,,NO UNUSUAL CONDITIONS - NO UNUSUAL CONDITIONS,,A,DAYLIGHT,,,,,,,A,NO PEDESTRIANS INVOLVED,,A,22107,,1,PENNIMAN AV,2,,,A,E,60.0,35TH AV,F,,A,8/8/2024 11:34:29 AM,2/10/2025 11:27:19 AM,,,2,,,,,,,
3816858,16-014212,2,False,0109,3/16/2016 6:57:00 PM,1857,14X,14,109,Oakland,1,True,True,B,SIDE SWIPE,,Wednesday,,,,,False,False,False,,E,PARKED MOTOR VEHICLE,,0,0,CLEAR,,NO UNUSUAL CONDITIONS - NO UNUSUAL CONDITIONS,,A,DAYLIGHT,,,,,,,A,NO PEDESTRIANS INVOLVED,,A,22107,,1,HARRISON ST,1,,,A,S,300.0,BAY PL,F,,D,8/8/2024 11:34:29 AM,2/10/2025 11:27:19 AM,,,2,,,,,,,