collision-id,report-number,report-version,is-preliminary,ncic-code,crash-date-time,crash-time-description,beat,city-id,city-code,city-name,county-code,city-is-active,city-is-incorporated,collision-type-code,collision-type-description,collision-type-other-desc,day-of-week,dispatch-notified,has-photographs,hit-run,is-attachments-mailed,is-deleted,is-highway-related,is-tow-away,judicial-district,motor-vehicle-involved-with-code,motor-vehicle-involved-with-desc,motor-vehicle-involved-with-other-desc,number-injured,number-killed,weather-1,weather-2,road-condition-1,road-condition-2,special-condition-lighting-code,lighting-description,latitude,longitude,milepost-direction,milepost-distance,milepost-marker,milepost-unit-of-measure,pedestrian-action-code,pedestrian-action-desc,prepared-date,primary-collision-factor-code,primary-collision-factor-violation,primary-collision-factor-is-cited,primary-collision-party-number,primary-road,reporting-district,reporting-district-code,reviewed-date,roadway-surface-code,secondary-direction,secondary-distance,secondary-road,secondary-unit-of-measure,sketch-desc,traffic-control-device-code,created-date,modified-date,is-county-road,is-freeway,chp-555-version,is-additonal-object-struck,notification-date,notification-time-description,has-digital-media-files,evidence-number,is-location-refer-to-narrative,is-aoi-one-same-as-location
3846167,16-002048,2,False,0109,1/12/2016 10:59:00 AM,1059,21X,14,109,Oakland,1,True,True,A,HEAD-ON,,Tuesday,,,,,False,False,False,,C,OTHER MOTOR VEHICLE,,0,0,CLEAR,,NO UNUSUAL CONDITIONS - NO UNUSUAL CONDITIONS,,A,DAYLIGHT,,,,,,,A,NO PEDESTRIANS INVOLVED,,A,21453A,,1,FRUITVALE AV,1,,,A,,,HAROLD ST,,,A,8/8/2024 12:28:25 PM,2/10/2025 12:00:45 PM,,,2,,,,,,,
3846038,16-005861,2,False,0109,2/1/2016 12:13:00 PM,1213,05,14,109,Oakland,1,True,True,B,SIDE SWIPE,,Monday,,,,,False,False,False,,E,PARKED MOTOR VEHICLE,,0,0,CLEAR,,NO UNUSUAL CONDITIONS - NO UNUSUAL CONDITIONS,,A,DAYLIGHT,,,,,,,A,NO PEDESTRIANS INVOLVED,,A,22106,,1,SAN PABLO AV,1,,,A,E,20.0,W GRAND AV,F,,A,8/8/2024 12:28:07 PM,2/10/2025 12:00:36 PM,,,2,,,,,,,
3846033,16-010226,2,False,0109,2/24/2016 3:44:00 PM,1544,06,14,109,Oakland,1,True,True,B,SIDE SWIPE,,Wednesday,,,,,False,False,False,,E,PARKED MOTOR VEHICLE,,0,0,CLEAR,,NO UNUSUAL CONDITIONS - NO UNUSUAL CONDITIONS,,A,DAYLIGHT,,,,,,,A,NO PEDESTRIANS INVOLVED,,A,22107,,1,SYCAMORE ST,1,,,A,E,80.0,MARTIN LUTHER KING JR WY,F,,D,8/8/2024 12:28:07 PM,2/10/2025 12:00:36 PM,,,2,,,,,,,
3846031,16-008449,2,False,0109,2/15/2016 10:19:00 AM,1019,01,14,109,Oakland,1,True,True,D,BROADSIDE,,Monday,,,,,False,False,False,,C,OTHER MOTOR VEHICLE,,0,0,CLEAR,,NO UNUSUAL CONDITIONS - NO UNUSUAL CONDITIONS,,A,DAYLIGHT,,,,,,,A,NO PEDESTRIANS INVOLVED,,A,21453A,,1,OAKLAND AV,1,,,A,,,SANTA CLARA AV,,,A,8/8/2024 12:28:06 PM,2/10/2025 12:00:36 PM,,,2,,,,,,,
3846026,16-007436,2,False,0109,2/9/2016 3:23:00 PM,1523,29,14,109,Oakland,1,True,True,H,OTHER,,Tuesday,,,,,False,False,False,,C,OTHER MOTOR VEHICLE,,0,0,CLEAR,,NO UNUSUAL CONDITIONS - NO UNUSUAL CONDITIONS,,A,DAYLIGHT,,,,,,,A,NO PEDESTRIANS INVOLVED,,A,22106,,1,68TH AV,2,,,A,N,3.0,FOOTHILL BL,F,,A,8/8/2024 12:28:06 PM,2/10/2025 12:00:35 PM,,,2,,,,,,,
3846021,16-008704,2,False,0109,2/16/2016 5:23:00 PM,1723,26,14,109,Oakland,1,True,True,B,SIDE SWIPE,,Tuesday,,,M,,False,False,False,,C,OTHER MOTOR VEHICLE,,0,0,CLEAR,,NO UNUSUAL CONDITIONS - NO UNUSUAL CONDITIONS,,A,DAYLIGHT,,,,,,,A,NO PEDESTRIANS INVOLVED,,A,22450A,,1,69TH AV,2,,,A,,,LION WY,,,A,8/8/2024 12:28:05 PM,2/10/2025 12:00:35 PM,,,2,,,,,,,
3846004,16-008002,2,False,0109,2/12/2016 4:44:00 PM,1644,10Y,14,109,Oakland,1,True,True,D,BROADSIDE,,Friday,,,,,False,False,False,,G,BICYCLE,,1,0,CLEAR,,NO UNUSUAL CONDITIONS - NO UNUSUAL CONDITIONS,,A,DAYLIGHT,,,,,,,A,NO PEDESTRIANS INVOLVED,,A,22107,,1,ADELINE ST,1,,,A,N,50.0,53RD ST,F,,D,8/8/2024 12:28:03 PM,2/10/2025 12:00:34 PM,,,2,,,,,,,
3846001,16-008740,2,False,0109,2/16/2016 9:52:00 PM,2152,32,14,109,Oakland,1,True,True,C,REAR END,,Tuesday,,,M,,False,False,True,,C,OTHER MOTOR VEHICLE,,0,0,CLEAR,,NO UNUSUAL CONDITIONS - NO UNUSUAL CONDITIONS,,C,DARK-STREET LIGHTS,,,,,,,A,NO PEDESTRIANS INVOLVED,,A,22350,,1,105TH AV,2,,,A,N,8.0,E ST,F,,A,8/8/2024 12:28:02 PM,2/10/2025 12:00:33 PM,,,2,,,,,,,
3845994,16-006680,2,False,0109,2/5/2016 8:17:00 AM,817,29X,14,109,Oakland,1,True,True,D,BROADSIDE,,Friday,,,,,False,False,False,,C,OTHER MOTOR VEHICLE,,2,0,CLEAR,,NO UNUSUAL CONDITIONS - NO UNUSUAL CONDITIONS,,A,DAYLIGHT,,,,,,,A,NO PEDESTRIANS INVOLVED,,A,21802A,,1,FOOTHILL BL,2,,,A,,,57TH AV,,,A,8/8/2024 12:28:01 PM,2/10/2025 12:00:33 PM,,,2,,,,,,,
3845993,16-008493,2,False,0109,2/15/2016 1:43:00 PM,1343,22,14,109,Oakland,1,True,True,E,HIT OBJECT,,Monday,,,M,,False,False,False,,I,FIXED OBJECT,,0,0,CLEAR,,NO UNUSUAL CONDITIONS - NO UNUSUAL CONDITIONS,,D,DARK-NO STREET LIGHTS,,,,,,,A,NO PEDESTRIANS INVOLVED,,A,22350,,1,MACARTHUR BL,1,,,A,E,20.0,DIMOND AV,F,,D,8/8/2024 12:28:01 PM,2/10/2025 12:00:33 PM,,,2,,,,,,,
3845990,16-008530,2,False,0109,2/15/2016 6:56:00 PM,1856,19,14,109,Oakland,1,True,True,E,HIT OBJECT,,Monday,,,M,,False,False,False,,I,FIXED OBJECT,,0,0,CLEAR,,HOLES- DEEPRUT* - HOLES- DEEPRUT*,,C,DARK-STREET LIGHTS,,,,,,,A,NO PEDESTRIANS INVOLVED,,A,21663,,1,21ST AV,1,,,A,N,5.0,E 12TH ST,F,,D,8/8/2024 12:28:01 PM,2/10/2025 12:00:33 PM,,,2,,,,,,,
3845989,16-007468,2,False,0109,2/9/2016 5:43:00 PM,1743,19X,14,109,Oakland,1,True,True,D,BROADSIDE,,Tuesday,,,,,False,False,False,,C,OTHER MOTOR VEHICLE,,1,0,CLEAR,,NO UNUSUAL CONDITIONS - NO UNUSUAL CONDITIONS,,B,DUSK-DAWN,,,,,,,A,NO PEDESTRIANS INVOLVED,,A,21453A,,,E 8TH ST,1,,,A,,,5TH AV,,,A,8/8/2024 12:28:01 PM,2/10/2025 12:00:33 PM,,,2,,,,,,,
3845986,16-008089,2,False,0109,2/13/2016 3:33:00 AM,333,16,14,109,Oakland,1,True,True,C,REAR END,,Saturday,,,F,,False,False,False,,E,PARKED MOTOR VEHICLE,,0,0,CLEAR,,NO UNUSUAL CONDITIONS - NO UNUSUAL CONDITIONS,,D,DARK-NO STREET LIGHTS,,,,,,,A,NO PEDESTRIANS INVOLVED,,A,22106,,1,DOWNEY PL,1,,,A,E,80.0,SUNNYHILLS RD,F,,D,8/8/2024 12:28:00 PM,2/10/2025 12:00:32 PM,,,2,,,,,,,
3845985,16-009124,2,False,0109,2/18/2016 6:05:00 PM,1805,17X,14,109,Oakland,1,True,True,D,BROADSIDE,,Thursday,,,,,False,False,False,,C,OTHER MOTOR VEHICLE,,1,0,CLOUDY,,NO UNUSUAL CONDITIONS - NO UNUSUAL CONDITIONS,,C,DARK-STREET LIGHTS,,,,,,,A,NO PEDESTRIANS INVOLVED,,A,22450A,,1,FOOTHILL BL,1,,,A,,,4TH AV,,,A,8/8/2024 12:28:00 PM,2/10/2025 12:00:32 PM,,,2,,,,,,,
3845983,16-008687,2,False,0109,2/16/2016 3:50:00 PM,1550,30,14,109,Oakland,1,True,True,D,BROADSIDE,,Tuesday,,,M,,False,False,True,,C,OTHER MOTOR VEHICLE,,0,0,CLEAR,,NO UNUSUAL CONDITIONS - NO UNUSUAL CONDITIONS,,A,DAYLIGHT,,,,,,,A,NO PEDESTRIANS INVOLVED,,A,22450A,,1,HILLSIDE ST,2,,,A,,,PARKER AV,,,A,8/8/2024 12:28:00 PM,2/10/2025 12:00:32 PM,,,2,,,,,,,
3845978,16-008192,2,False,0109,2/13/2016 5:25:00 PM,1725,27,14,109,Oakland,1,True,True,B,SIDE SWIPE,,Saturday,,,M,,False,False,False,,E,PARKED MOTOR VEHICLE,,0,0,CLEAR,,NO UNUSUAL CONDITIONS - NO UNUSUAL CONDITIONS,,B,DUSK-DAWN,,,,,,,A,NO PEDESTRIANS INVOLVED,,A,22107,,1,SCOVILLE AV,2,,,A,W,30.0,57TH AV,F,,D,8/8/2024 12:27:59 PM,2/10/2025 12:00:32 PM,,,2,,,,,,,
3845974,16-010162,2,False,0109,2/24/2016 11:11:00 AM,1111,12,14,109,Oakland,1,True,True,B,SIDE SWIPE,,Wednesday,,,,,False,False,False,,C,OTHER MOTOR VEHICLE,,0,0,CLEAR,,NO UNUSUAL CONDITIONS - NO UNUSUAL CONDITIONS,,A,DAYLIGHT,,,,,,,A,NO PEDESTRIANS INVOLVED,,D,,,,COLLEGE,1,,,A,,,BROADWAY,,,D,8/8/2024 12:27:59 PM,2/10/2025 12:00:32 PM,,,2,,,,,,,
3845970,16-010741,2,False,0109,2/27/2016 1:49:00 AM,149,27,14,109,Oakland,1,True,True,B,SIDE SWIPE,,Saturday,,,,,False,False,True,,E,PARKED MOTOR VEHICLE,,0,0,CLEAR,,NO UNUSUAL CONDITIONS - NO UNUSUAL CONDITIONS,,C,DARK-STREET LIGHTS,,,,,,,A,NO PEDESTRIANS INVOLVED,,A,22350,,1,HIGH ST,2,,,A,S,100.0,GORDON,F,,D,8/8/2024 12:27:58 PM,2/10/2025 12:00:31 PM,,,2,,,,,,,
3845967,16-009498,2,False,0109,2/20/2016 4:45:00 PM,1645,13,14,109,Oakland,1,True,True,E,HIT OBJECT,,Saturday,,,,,False,True,True,,I,FIXED OBJECT,,0,0,CLEAR,,NO UNUSUAL CONDITIONS - NO UNUSUAL CONDITIONS,,A,DAYLIGHT,,,,,,,A,NO PEDESTRIANS INVOLVED,,A,22350,,1,GLENWOOD GLADE,1,,,A,S,20.0,RT 13,F,,A,8/8/2024 12:27:58 PM,2/10/2025 12:00:31 PM,,,2,,,,,,,
3845723,16-024212,2,False,0109,5/6/2016 5:19:00 PM,1719,05Y,14,109,Oakland,1,True,True,D,BROADSIDE,,Friday,,,,,False,False,False,,C,OTHER MOTOR VEHICLE,,0,0,CLEAR,,NO UNUSUAL CONDITIONS - NO UNUSUAL CONDITIONS,,A,DAYLIGHT,,,,,,,A,NO PEDESTRIANS INVOLVED,,A,21801A,,1,MARITIME ST,1,,,A,,,PETROLEUM ST,,,A,8/8/2024 12:27:25 PM,2/10/2025 12:00:14 PM,,,2,,,,,,,
3845476,16-007760,2,False,0109,2/11/2016 1:00:00 PM,1300,23X,14,109,Oakland,1,True,True,C,REAR END,,Thursday,,,M,,False,False,False,,C,OTHER MOTOR VEHICLE,,1,0,CLEAR,,NO UNUSUAL CONDITIONS - NO UNUSUAL CONDITIONS,,A,DAYLIGHT,,,,,,,A,NO PEDESTRIANS INVOLVED,,A,22350,,1,INTERNATIONAL BL,2,,,A,W,5.0,37TH AV,F,,D,8/8/2024 12:26:52 PM,2/10/2025 11:59:51 AM,,,2,,,,,,,
3845472,16-007532,2,False,0109,2/10/2016 8:32:00 AM,832,25X,14,109,Oakland,1,True,True,B,SIDE SWIPE,,Wednesday,,,M,,False,False,False,,C,OTHER MOTOR VEHICLE,,1,0,CLEAR,,NO UNUSUAL CONDITIONS - NO UNUSUAL CONDITIONS,,A,DAYLIGHT,,,,,,,A,NO PEDESTRIANS INVOLVED,,A,22107,,1,MACARTHUR BL,2,,,A,E,170.0,39TH AV,F,,D,8/8/2024 12:26:52 PM,2/10/2025 11:59:51 AM,,,2,,,,,,,
3845468,16-010527,2,False,0109,2/26/2016 1:58:00 AM,158,10X,14,109,Oakland,1,True,True,E,HIT OBJECT,,Friday,,,,,False,False,True,,I,FIXED OBJECT,,1,0,CLEAR,,NO UNUSUAL CONDITIONS - NO UNUSUAL CONDITIONS,,C,DARK-STREET LIGHTS,,,,,,,A,NO PEDESTRIANS INVOLVED,,A,22350,,1,MARTIN LUTHER KING JR WY,1,,,A,N,15.0,47TH ST,F,,A,8/8/2024 12:26:51 PM,2/10/2025 11:59:51 AM,,,2,,,,,,,
3845459,16-010378,2,False,0109,2/25/2016 11:11:00 AM,1111,03X,14,109,Oakland,1,True,True,D,BROADSIDE,,Thursday,,,,,False,False,True,,C,OTHER MOTOR VEHICLE,,1,0,CLEAR,,NO UNUSUAL CONDITIONS - NO UNUSUAL CONDITIONS,,A,DAYLIGHT,,,,,,,A,NO PEDESTRIANS INVOLVED,,A,21453A,,1,8TH ST,1,,,A,,,MADISON ST,,,A,8/8/2024 12:26:50 PM,2/10/2025 11:59:50 AM,,,2,,,,,,,
3845452,16-010706,2,False,0109,2/26/2016 8:40:00 PM,2040,30X,14,109,Oakland,1,True,True,C,REAR END,,Friday,,,,,False,False,True,,E,PARKED MOTOR VEHICLE,,1,0,CLEAR,,NO UNUSUAL CONDITIONS - NO UNUSUAL CONDITIONS,,C,DARK-STREET LIGHTS,,,,,,,A,NO PEDESTRIANS INVOLVED,,A,22350,,1,INTERNATIONAL BL,2,,,A,E,80.0,74TH AV,F,,D,8/8/2024 12:26:49 PM,2/10/2025 11:59:50 AM,,,2,,,,,,,
3845449,16-007100,2,False,0109,2/7/2016 5:50:00 PM,1750,26X,14,109,Oakland,1,True,True,H,OTHER,,Sunday,,,,,False,False,False,,G,BICYCLE,,1,0,CLEAR,,NO UNUSUAL CONDITIONS - NO UNUSUAL CONDITIONS,,A,DAYLIGHT,,,,,,,A,NO PEDESTRIANS INVOLVED,,A,216501,,1,INTERNATIONAL BL,2,,,A,N,5.0,74TH AV,F,,D,8/8/2024 12:26:48 PM,2/10/2025 11:59:49 AM,,,2,,,,,,,
3845440,16-010020,2,False,0109,2/23/2016 5:06:00 PM,1706,08X,14,109,Oakland,1,True,True,G,VEHICLE/PEDESTRAIN,,Tuesday,,,,,False,False,False,,B,PEDESTRIAN,,1,0,CLEAR,,NO UNUSUAL CONDITIONS - NO UNUSUAL CONDITIONS,,A,DAYLIGHT,,,,,,,B,CROSSING IN CROSS WALK AT INTERSECTION,,A,21950A,,1,TELEGRAPH AV,1,,,A,,,40TH ST,,,A,8/8/2024 12:26:47 PM,2/10/2025 11:59:49 AM,,,2,,,,,,,
3845438,16-010584,2,False,0109,2/26/2016 11:29:00 AM,1129,16X,14,109,Oakland,1,True,True,C,REAR END,,Friday,,,,,False,False,False,,C,OTHER MOTOR VEHICLE,,1,0,CLEAR,,NO UNUSUAL CONDITIONS - NO UNUSUAL CONDITIONS,,A,DAYLIGHT,,,,,,,A,NO PEDESTRIANS INVOLVED,,A,22350,,1,PARK BL,1,,,A,,,GREENWOOD AV,,,D,8/8/2024 12:26:47 PM,2/10/2025 11:59:48 AM,,,2,,,,,,,
3845432,16-008180,2,False,0109,2/13/2016 4:19:00 PM,1619,17X,14,109,Oakland,1,True,True,H,OTHER,,Saturday,,,,,False,False,False,,G,BICYCLE,,1,0,CLEAR,,NO UNUSUAL CONDITIONS - NO UNUSUAL CONDITIONS,,A,DAYLIGHT,,,,,,,A,NO PEDESTRIANS INVOLVED,,A,21202A,,1,E 32ND ST,1,,,A,W,2.0,14TH AV,F,,A,8/8/2024 12:26:46 PM,2/10/2025 11:59:48 AM,,,2,,,,,,,
3845428,16-010025,2,False,0109,2/23/2016 5:18:00 PM,1718,19X,14,109,Oakland,1,True,True,A,HEAD-ON,,Tuesday,,,,,False,True,True,,C,OTHER MOTOR VEHICLE,,3,0,CLEAR,,NO UNUSUAL CONDITIONS - NO UNUSUAL CONDITIONS,,A,DAYLIGHT,,,,,,,A,NO PEDESTRIANS INVOLVED,,A,21802A,,1,EMBARCADERO,1,,,A,,,RT 880,,,A,8/8/2024 12:26:46 PM,2/10/2025 11:59:48 AM,,,2,,,,,,,
3845425,16-008978,2,False,0109,2/17/2016 11:10:00 PM,2310,14X,14,109,Oakland,1,True,True,G,VEHICLE/PEDESTRAIN,,Wednesday,,,F,,False,False,False,,B,PEDESTRIAN,,1,0,RAINING,,NO UNUSUAL CONDITIONS - NO UNUSUAL CONDITIONS,,C,DARK-STREET LIGHTS,,,,,,,E,IN ROAD - INCLUDES SHOULDER,,A,21954A,,1,LAKESHORE AV,1,,,B,N,150.0,MANDANA BL,F,,D,8/8/2024 12:26:45 PM,2/10/2025 11:59:48 AM,,,2,,,,,,,
3845424,16-009967,2,False,0109,2/23/2016 12:22:00 PM,1222,02Y,14,109,Oakland,1,True,True,G,VEHICLE/PEDESTRAIN,,Tuesday,,,,,False,False,False,,B,PEDESTRIAN,,1,0,CLEAR,,NO UNUSUAL CONDITIONS - NO UNUSUAL CONDITIONS,,A,DAYLIGHT,,,,,,,B,CROSSING IN CROSS WALK AT INTERSECTION,,A,21950A,,1,PERALTA ST,1,,,A,N,10.0,7TH ST,F,,A,8/8/2024 12:26:45 PM,2/10/2025 11:59:48 AM,,,2,,,,,,,
3844945,16-011960,2,False,0109,3/4/2016 5:16:00 AM,516,08X,14,109,Oakland,1,True,True,D,BROADSIDE,,Friday,,,,,False,False,False,,C,OTHER MOTOR VEHICLE,,0,0,RAINING,,NO UNUSUAL CONDITIONS - NO UNUSUAL CONDITIONS,,C,DARK-STREET LIGHTS,,,,,,,A,NO PEDESTRIANS INVOLVED,,A,21453A,,,MACARTHUR BL,1,,,B,,,TELEGRAPH AV,,,A,8/8/2024 12:25:40 PM,2/10/2025 11:59:14 AM,,,2,,,,,,,
3844942,16-012809,2,False,0109,3/8/2016 8:37:00 PM,2037,30X,14,109,Oakland,1,True,True,B,SIDE SWIPE,,Tuesday,,,M,,False,False,True,,E,PARKED MOTOR VEHICLE,,0,0,CLOUDY,,NO UNUSUAL CONDITIONS - NO UNUSUAL CONDITIONS,,C,DARK-STREET LIGHTS,,,,,,,A,NO PEDESTRIANS INVOLVED,,A,22107,,1,69TH AV,2,,,B,N,300.0,MORKEN ST,F,,D,8/8/2024 12:25:40 PM,2/10/2025 11:59:14 AM,,,2,,,,,,,
3844938,16-015226,2,False,0109,3/22/2016 3:46:00 PM,1546,29X,14,109,Oakland,1,True,True,B,SIDE SWIPE,,Tuesday,,,M,,False,False,False,,C,OTHER MOTOR VEHICLE,,0,0,CLEAR,,NO UNUSUAL CONDITIONS - NO UNUSUAL CONDITIONS,,A,DAYLIGHT,,,,,,,A,NO PEDESTRIANS INVOLVED,,A,21804A,,1,MACARTHUR BL,2,,,A,W,80.0,72ND AV,F,,D,8/8/2024 12:25:39 PM,2/10/2025 11:59:14 AM,,,2,,,,,,,
3844934,16-014294,2,False,0109,3/17/2016 9:00:00 AM,900,29X,14,109,Oakland,1,True,True,A,HEAD-ON,,Thursday,,,M,,False,False,True,,E,PARKED MOTOR VEHICLE,,0,0,CLEAR,,NO UNUSUAL CONDITIONS - NO UNUSUAL CONDITIONS,,A,DAYLIGHT,,,,,,,A,NO PEDESTRIANS INVOLVED,,A,22107,,1,64TH AV,2,,,A,,,ARTHUR ST,,,A,8/8/2024 12:25:38 PM,2/10/2025 11:59:13 AM,,,2,,,,,,,
3844930,16-012439,2,False,0109,3/7/2016 12:50:00 AM,50,26X,14,109,Oakland,1,True,True,B,SIDE SWIPE,,Monday,,,M,,False,False,False,,,,,0,0,RAINING,,NO UNUSUAL CONDITIONS - NO UNUSUAL CONDITIONS,,C,DARK-STREET LIGHTS,,,,,,,A,NO PEDESTRIANS INVOLVED,,A,21460A,,1,HIGH ST,2,,,B,N,400.0,COLISEUM WY,F,,D,8/8/2024 12:25:38 PM,2/10/2025 11:59:13 AM,,,2,,,,,,,
3844924,16-012105,2,False,0109,3/4/2016 9:16:00 PM,2116,34X,14,109,Oakland,1,True,True,B,SIDE SWIPE,,Friday,,,,,False,False,False,,C,OTHER MOTOR VEHICLE,,0,0,CLOUDY,,NO UNUSUAL CONDITIONS - NO UNUSUAL CONDITIONS,,C,DARK-STREET LIGHTS,,,,,,,A,NO PEDESTRIANS INVOLVED,,A,22350,,1,97TH AV,2,,,B,,,INTERNATIONAL BL,,,A,8/8/2024 12:25:37 PM,2/10/2025 11:59:13 AM,,,2,,,,,,,
3844919,16-011289,2,False,0109,3/1/2016 8:20:00 AM,820,29X,14,109,Oakland,1,True,True,D,BROADSIDE,,Tuesday,,,,,False,False,False,,C,OTHER MOTOR VEHICLE,,0,0,CLEAR,,NO UNUSUAL CONDITIONS - NO UNUSUAL CONDITIONS,,A,DAYLIGHT,,,,,,,A,NO PEDESTRIANS INVOLVED,,D,,,,MACARTHUR BL,2,,,A,,,SEMINARY AV,,,A,8/8/2024 12:25:37 PM,2/10/2025 11:59:12 AM,,,2,,,,,,,
3844916,16-011989,2,False,0109,3/4/2016 9:00:00 AM,900,13X,14,109,Oakland,1,True,True,F,OVERTURNED,,Friday,,,,,False,False,False,,A,NON-COLLISION,,0,0,RAINING,,NO UNUSUAL CONDITIONS - NO UNUSUAL CONDITIONS,,A,DAYLIGHT,,,,,,,A,NO PEDESTRIANS INVOLVED,,A,22350,,1,SHEPHERD CANYON RD,1,,,B,N,1.0,SNAKE RD,M,,D,8/8/2024 12:25:36 PM,2/10/2025 11:59:12 AM,,,2,,,,,,,
3844915,16-016385,2,False,0109,3/29/2016 1:25:00 AM,125,18Y,14,109,Oakland,1,True,True,B,SIDE SWIPE,,Tuesday,,,M,,False,False,False,,E,PARKED MOTOR VEHICLE,,0,0,CLEAR,,NO UNUSUAL CONDITIONS - NO UNUSUAL CONDITIONS,,C,DARK-STREET LIGHTS,,,,,,,A,NO PEDESTRIANS INVOLVED,,A,22515A,,1,HIGHLAND AV,1,,,A,N,100.0,E 26TH ST,F,,D,8/8/2024 12:25:36 PM,2/10/2025 11:59:12 AM,,,2,,,,,,,
3844912,16-016429,2,False,0109,3/29/2016 9:14:00 AM,914,29X,14,109,Oakland,1,True,True,B,SIDE SWIPE,,Tuesday,,,,,False,False,False,,C,OTHER MOTOR VEHICLE,,0,0,CLEAR,,NO UNUSUAL CONDITIONS - NO UNUSUAL CONDITIONS,,A,DAYLIGHT,,,,,,,A,NO PEDESTRIANS INVOLVED,,D,,,,MACARTHUR BL,2,,,A,,,68TH AV,,,D,8/8/2024 12:25:36 PM,2/10/2025 11:59:12 AM,,,2,,,,,,,
3844907,16-014361,2,False,0109,3/17/2016 1:25:00 PM,1325,27X,14,109,Oakland,1,True,True,D,BROADSIDE,,Thursday,,,,,False,False,False,,,,,0,0,CLEAR,,NO UNUSUAL CONDITIONS - NO UNUSUAL CONDITIONS,,A,DAYLIGHT,,,,,,,A,NO PEDESTRIANS INVOLVED,,A,21453A,,,47TH AV,2,,,A,,,BOND ST,,,A,8/8/2024 12:25:35 PM,2/10/2025 11:59:11 AM,,,2,,,,,,,
3844893,16-012593,2,False,0109,3/7/2016 9:50:00 PM,2150,26X,14,109,Oakland,1,True,True,D,BROADSIDE,,Monday,,,M,,False,False,True,,C,OTHER MOTOR VEHICLE,,1,0,CLEAR,,NO UNUSUAL CONDITIONS - NO UNUSUAL CONDITIONS,,C,DARK-STREET LIGHTS,,,,,,,A,NO PEDESTRIANS INVOLVED,,A,21801A,,1,INTERNATIONAL BL,2,,,A,,,HIGH ST,,,A,8/8/2024 12:25:34 PM,2/10/2025 11:59:10 AM,,,2,,,,,,,
3844891,3028,2,False,0109,3/22/2016 11:42:00 AM,1142,24X,14,109,Oakland,1,True,True,D,BROADSIDE,,Tuesday,,,,,False,False,True,,C,OTHER MOTOR VEHICLE,,0,0,CLEAR,,NO UNUSUAL CONDITIONS - NO UNUSUAL CONDITIONS,,A,DAYLIGHT,,,,,,,A,NO PEDESTRIANS INVOLVED,,A,22450A,,1,38TH AV,2,,,A,,,SANTA RITA ST,,,A,8/8/2024 12:25:33 PM,2/10/2025 11:59:10 AM,,,2,,,,,,,
3844887,16-012630,2,False,0109,3/8/2016 7:48:00 AM,748,23X,14,109,Oakland,1,True,True,D,BROADSIDE,,Tuesday,,,,,False,False,False,,C,OTHER MOTOR VEHICLE,,1,0,CLEAR,,NO UNUSUAL CONDITIONS - NO UNUSUAL CONDITIONS,,A,DAYLIGHT,,,,,,,A,NO PEDESTRIANS INVOLVED,,A,21801A,,1,E 9TH ST,2,,,A,,,35TH AV,,,D,8/8/2024 12:25:33 PM,2/10/2025 11:59:10 AM,,,2,,,,,,,
3844883,16-012068,2,False,0109,3/4/2016 4:35:00 PM,1635,10Y,14,109,Oakland,1,True,True,D,BROADSIDE,,Friday,,,,,False,False,False,,,,,2,0,CLEAR,,NO UNUSUAL CONDITIONS - NO UNUSUAL CONDITIONS,,A,DAYLIGHT,,,,,,,A,NO PEDESTRIANS INVOLVED,,A,21453A,,1,MARTIN LUTHER KING JR WY,1,,,B,,,52ND ST,,,A,8/8/2024 12:25:32 PM,2/10/2025 11:59:10 AM,,,2,,,,,,,
3844880,16-016637,2,False,0109,3/30/2016 8:10:00 AM,810,21X,14,109,Oakland,1,True,True,D,BROADSIDE,,Wednesday,,,,,False,False,False,,C,OTHER MOTOR VEHICLE,,2,0,CLEAR,,NO UNUSUAL CONDITIONS - NO UNUSUAL CONDITIONS,,A,DAYLIGHT,,,,,,,A,NO PEDESTRIANS INVOLVED,,A,21453A,,1,FRUITVALE AV,2,,,A,,,HAROLD ST,,,A,8/8/2024 12:25:31 PM,2/10/2025 11:59:10 AM,,,2,,,,,,,
3844875,16-012626,2,False,0109,3/8/2016 7:40:00 AM,740,04X,14,109,Oakland,1,True,True,B,SIDE SWIPE,,Tuesday,,,,,False,False,False,,E,PARKED MOTOR VEHICLE,,1,0,CLEAR,,NO UNUSUAL CONDITIONS - NO UNUSUAL CONDITIONS,,A,DAYLIGHT,,,,,,,A,NO PEDESTRIANS INVOLVED,,A,22107,,1,CLAY ST,1,,,A,N,20.0,14TH ST,F,,A,8/8/2024 12:25:31 PM,2/10/2025 11:59:09 AM,,,2,,,,,,,
3844867,16-008766,2,False,0109,2/17/2016 1:52:00 AM,152,35X,14,109,Oakland,1,True,True,B,SIDE SWIPE,,Wednesday,,,M,,False,False,True,,E,PARKED MOTOR VEHICLE,,0,0,CLEAR,,NO UNUSUAL CONDITIONS - NO UNUSUAL CONDITIONS,,C,DARK-STREET LIGHTS,,,,,,,A,NO PEDESTRIANS INVOLVED,,A,22107,,1,MACARTHUR BL,2,,,A,W,50.0,88TH AV,F,,D,8/8/2024 12:25:30 PM,2/10/2025 11:59:09 AM,,,2,,,,,,,
3844866,16-006117,2,False,0109,2/2/2016 3:59:00 PM,1559,26X,14,109,Oakland,1,True,True,C,REAR END,,Tuesday,,,M,,False,False,False,,C,OTHER MOTOR VEHICLE,,0,0,CLEAR,,NO UNUSUAL CONDITIONS - NO UNUSUAL CONDITIONS,,B,DUSK-DAWN,,,,,,,A,NO PEDESTRIANS INVOLVED,,A,22350,,1,66TH AV,2,,,A,S,200.0,INTERNATIONAL BL,F,,D,8/8/2024 12:25:30 PM,2/10/2025 11:59:09 AM,,,2,,,,,,,
3844863,16-008484,2,False,0109,2/15/2016 1:45:00 PM,1345,18X,14,109,Oakland,1,True,True,B,SIDE SWIPE,,Monday,,,M,,False,False,False,,E,PARKED MOTOR VEHICLE,,0,0,CLEAR,,NO UNUSUAL CONDITIONS - NO UNUSUAL CONDITIONS,,A,DAYLIGHT,,,,,,,A,NO PEDESTRIANS INVOLVED,,A,22107,,1,E 25TH ST,1,,,A,E,10.0,21ST ST,F,,D,8/8/2024 12:25:29 PM,2/10/2025 11:59:09 AM,,,2,,,,,,,