collision-id,report-number,report-version,is-preliminary,ncic-code,crash-date-time,crash-time-description,beat,city-id,city-code,city-name,county-code,city-is-active,city-is-incorporated,collision-type-code,collision-type-description,collision-type-other-desc,day-of-week,dispatch-notified,has-photographs,hit-run,is-attachments-mailed,is-deleted,is-highway-related,is-tow-away,judicial-district,motor-vehicle-involved-with-code,motor-vehicle-involved-with-desc,motor-vehicle-involved-with-other-desc,number-injured,number-killed,weather-1,weather-2,road-condition-1,road-condition-2,special-condition-lighting-code,lighting-description,latitude,longitude,milepost-direction,milepost-distance,milepost-marker,milepost-unit-of-measure,pedestrian-action-code,pedestrian-action-desc,prepared-date,primary-collision-factor-code,primary-collision-factor-violation,primary-collision-factor-is-cited,primary-collision-party-number,primary-road,reporting-district,reporting-district-code,reviewed-date,roadway-surface-code,secondary-direction,secondary-distance,secondary-road,secondary-unit-of-measure,sketch-desc,traffic-control-device-code,created-date,modified-date,is-county-road,is-freeway,chp-555-version,is-additonal-object-struck,notification-date,notification-time-description,has-digital-media-files,evidence-number,is-location-refer-to-narrative,is-aoi-one-same-as-location
3864380,16-007014,2,False,0109,2/6/2016 10:07:00 PM,2207,30,14,109,Oakland,1,True,True,C,REAR END,,Saturday,,,M,,False,False,True,,E,PARKED MOTOR VEHICLE,,0,0,CLEAR,,NO UNUSUAL CONDITIONS - NO UNUSUAL CONDITIONS,,C,DARK-STREET LIGHTS,,,,,,,A,NO PEDESTRIANS INVOLVED,,A,22107,,1,70TH AV,2,,,A,N,150.0,INTERNATIONAL BL,F,,A,8/8/2024 1:16:53 PM,2/10/2025 12:21:23 PM,,,2,,,,,,,
3864376,16-025776,2,False,0109,5/14/2016 3:45:00 PM,1545,21X,14,109,Oakland,1,True,True,C,REAR END,,Saturday,,,,,False,False,False,,E,PARKED MOTOR VEHICLE,,0,0,CLEAR,,NO UNUSUAL CONDITIONS - NO UNUSUAL CONDITIONS,,A,DAYLIGHT,,,,,,,A,NO PEDESTRIANS INVOLVED,,A,23152A,,1,23RD AV,1,,,A,S,45.0,21ST ST,F,,A,8/8/2024 1:16:52 PM,2/10/2025 12:21:23 PM,,,2,,,,,,,
3864372,16-009040,2,False,0109,2/18/2016 10:03:00 AM,1003,23,14,109,Oakland,1,True,True,D,BROADSIDE,,Thursday,,,,,False,False,False,,C,OTHER MOTOR VEHICLE,,0,0,CLEAR,,NO UNUSUAL CONDITIONS - NO UNUSUAL CONDITIONS,,A,DAYLIGHT,,,,,,,A,NO PEDESTRIANS INVOLVED,,A,21453A,,,33RD AV,2,,,A,,,SAN LEANDRO ST,,,A,8/8/2024 1:16:51 PM,2/10/2025 12:21:22 PM,,,2,,,,,,,
3864368,16-019287,2,False,0109,4/12/2016 10:30:00 AM,1030,05X,14,109,Oakland,1,True,True,B,SIDE SWIPE,,Tuesday,,,,,False,False,False,,,,,0,0,CLEAR,,NO UNUSUAL CONDITIONS - NO UNUSUAL CONDITIONS,,A,DAYLIGHT,,,,,,,A,NO PEDESTRIANS INVOLVED,,A,22100B,,1,18TH ST,1,,,A,E,15.0,WOOD ST,F,,D,8/8/2024 1:16:51 PM,2/10/2025 12:21:22 PM,,,2,,,,,,,
3864360,16-015862,2,False,0109,3/25/2016 5:32:00 PM,1732,20X,14,109,Oakland,1,True,True,G,VEHICLE/PEDESTRAIN,,Friday,,,,,False,False,False,,B,PEDESTRIAN,,2,0,CLEAR,,NO UNUSUAL CONDITIONS - NO UNUSUAL CONDITIONS,,,,,,,,,,B,CROSSING IN CROSS WALK AT INTERSECTION,,A,21950A,,1,INTERNATIONAL BL,1,,,A,,,29TH AV,,,A,8/8/2024 1:16:50 PM,2/10/2025 12:21:22 PM,,,2,,,,,,,
3864354,16-014286,2,False,0109,3/17/2016 8:15:00 AM,815,06X,14,109,Oakland,1,True,True,D,BROADSIDE,,Thursday,,,M,,False,False,False,,G,BICYCLE,,1,0,CLEAR,,NO UNUSUAL CONDITIONS - NO UNUSUAL CONDITIONS,,A,DAYLIGHT,,,,,,,A,NO PEDESTRIANS INVOLVED,,A,22107,,1,33RD ST,1,,,A,,,MARKET ST,,,D,8/8/2024 1:16:49 PM,2/10/2025 12:21:21 PM,,,2,,,,,,,
3864350,16-016379,2,False,0109,3/28/2016 11:00:00 PM,2300,10X,14,109,Oakland,1,True,True,D,BROADSIDE,,Monday,,,M,,False,False,True,,C,OTHER MOTOR VEHICLE,,1,0,CLEAR,,NO UNUSUAL CONDITIONS - NO UNUSUAL CONDITIONS,,C,DARK-STREET LIGHTS,,,,,,,A,NO PEDESTRIANS INVOLVED,,A,22450A,,1,MARKET ST,1,,,A,,,63RD ST,,,A,8/8/2024 1:16:48 PM,2/10/2025 12:21:21 PM,,,2,,,,,,,
3864341,16-014774,2,False,0109,3/19/2016 6:23:00 PM,1823,18Y,14,109,Oakland,1,True,True,D,BROADSIDE,,Saturday,,,M,,False,False,True,,E,PARKED MOTOR VEHICLE,,0,0,CLEAR,,NO UNUSUAL CONDITIONS - NO UNUSUAL CONDITIONS,,A,DAYLIGHT,,,,,,,A,NO PEDESTRIANS INVOLVED,,A,22107,,1,HIGHLAND AV,1,,,A,W,40.0,E 25TH ST,F,,D,8/8/2024 1:16:46 PM,2/10/2025 12:21:20 PM,,,2,,,,,,,
3863146,16-024057,2,False,0109,5/5/2016 10:12:00 PM,2212,28X,14,109,Oakland,1,True,True,E,HIT OBJECT,,Thursday,,,,,False,False,True,,I,FIXED OBJECT,,0,0,CLEAR,,NO UNUSUAL CONDITIONS - NO UNUSUAL CONDITIONS,,C,DARK-STREET LIGHTS,,,,,,,A,NO PEDESTRIANS INVOLVED,,A,23152A,,1,MACARTHUR BL,2,,,A,E,16.0,PETERSON ST,F,,D,8/8/2024 1:13:19 PM,2/10/2025 12:19:53 PM,,,2,,,,,,,
3862301,16-029189,2,False,0109,5/31/2016 8:35:00 PM,2035,31Y,14,109,Oakland,1,True,True,G,VEHICLE/PEDESTRAIN,,Tuesday,,,,,False,False,False,,B,PEDESTRIAN,,1,0,CLEAR,,NO UNUSUAL CONDITIONS - NO UNUSUAL CONDITIONS,,B,DUSK-DAWN,,,,,,,D,CROSSING - NOT IN CROSSWALK,,A,21950B,,1,BURLWOOD AV,2,,,A,S,300.0,MADDUX DR,F,,D,8/8/2024 1:10:56 PM,2/10/2025 12:18:54 PM,,,2,,,,,,,
3862297,16-028511,2,False,0109,5/28/2016 2:21:00 AM,221,19X,14,109,Oakland,1,True,True,G,VEHICLE/PEDESTRAIN,,Saturday,,,,,False,False,False,,B,PEDESTRIAN,,1,0,CLEAR,,NO UNUSUAL CONDITIONS - NO UNUSUAL CONDITIONS,,C,DARK-STREET LIGHTS,,,,,,,B,CROSSING IN CROSS WALK AT INTERSECTION,,A,21950A,,1,9TH AV,1,,,A,,,INTERNATIONAL BL,,,D,8/8/2024 1:10:55 PM,2/10/2025 12:18:54 PM,,,2,,,,,,,
3862278,16-026861,2,False,0109,5/19/2016 6:53:00 PM,1853,13X,14,109,Oakland,1,True,True,C,REAR END,,Thursday,,,,,False,False,False,,C,OTHER MOTOR VEHICLE,,2,0,CLEAR,,NO UNUSUAL CONDITIONS - NO UNUSUAL CONDITIONS,,A,DAYLIGHT,,,,,,,A,NO PEDESTRIANS INVOLVED,,A,22350,,1,BROADWAY,1,,,A,S,10.0,LAWTON AV,F,,D,8/8/2024 1:10:53 PM,2/10/2025 12:18:52 PM,,,2,,,,,,,
3862112,16-029269,2,False,0109,6/1/2016 9:21:00 AM,921,23X,14,109,Oakland,1,True,True,D,BROADSIDE,,Wednesday,,,,,False,False,False,,C,OTHER MOTOR VEHICLE,,0,0,CLEAR,,NO UNUSUAL CONDITIONS - NO UNUSUAL CONDITIONS,,A,DAYLIGHT,,,,,,,A,NO PEDESTRIANS INVOLVED,,A,21801A,,1,E 8TH ST,2,,,A,,,FRUITVALE AV,,,A,8/8/2024 1:10:24 PM,2/10/2025 12:18:41 PM,,,2,,,,,,,
3862100,16-031122,2,False,0109,6/10/2016 5:48:00 PM,1748,27Y,14,109,Oakland,1,True,True,E,HIT OBJECT,,Friday,,,M,,False,False,False,,I,FIXED OBJECT,,0,0,CLEAR,,NO UNUSUAL CONDITIONS - NO UNUSUAL CONDITIONS,,A,DAYLIGHT,,,,,,,A,NO PEDESTRIANS INVOLVED,,A,22515B,,1,55TH AV,2,,,A,,,SCOVILLE ST,,,D,8/8/2024 1:10:21 PM,2/10/2025 12:18:40 PM,,,2,,,,,,,
3862097,16-030334,2,False,0109,6/6/2016 10:56:00 PM,2256,24X,14,109,Oakland,1,True,True,D,BROADSIDE,,Monday,,,,,False,False,True,,C,OTHER MOTOR VEHICLE,,0,0,CLEAR,,NO UNUSUAL CONDITIONS - NO UNUSUAL CONDITIONS,,C,DARK-STREET LIGHTS,,,,,,,A,NO PEDESTRIANS INVOLVED,,A,22107,,1,HIGH ST,2,,,A,S,50.0,BROOKDALE AV,F,,D,8/8/2024 1:10:21 PM,2/10/2025 12:18:40 PM,,,2,,,,,,,
3862096,16-031598,2,False,0109,6/13/2016 11:20:00 AM,1120,24Y,14,109,Oakland,1,True,True,D,BROADSIDE,,Monday,,,M,,False,False,False,,C,OTHER MOTOR VEHICLE,,0,0,CLEAR,,NO UNUSUAL CONDITIONS - NO UNUSUAL CONDITIONS,,A,DAYLIGHT,,,,,,,A,NO PEDESTRIANS INVOLVED,,A,22450A,,1,BROOKDALE AV,1,,,A,,,BARTLETT ST,,,A,8/8/2024 1:10:21 PM,2/10/2025 12:18:40 PM,,,2,,,,,,,
3862085,16-032617,2,False,0109,6/18/2016 1:02:00 PM,1302,30X,14,109,Oakland,1,True,True,B,SIDE SWIPE,,Saturday,,,,,False,False,False,,E,PARKED MOTOR VEHICLE,,0,0,CLEAR,,NO UNUSUAL CONDITIONS - NO UNUSUAL CONDITIONS,,A,DAYLIGHT,,,,,,,A,NO PEDESTRIANS INVOLVED,,A,22517,,1,68TH AV,2,,,A,S,20.0,BANCROFT AV,F,,D,8/8/2024 1:10:19 PM,2/10/2025 12:18:39 PM,,,2,,,,,,,
3862081,16-031744,2,False,0109,6/14/2016 8:49:00 AM,849,31X,14,109,Oakland,1,True,True,D,BROADSIDE,,Tuesday,,,,,False,False,False,,C,OTHER MOTOR VEHICLE,,0,0,CLEAR,,NO UNUSUAL CONDITIONS - NO UNUSUAL CONDITIONS,,A,DAYLIGHT,,,,,,,A,NO PEDESTRIANS INVOLVED,,A,22107,,1,DOOLITTLE DR,2,,,A,E,0.1,SWAN WY,M,,A,8/8/2024 1:10:18 PM,2/10/2025 12:18:39 PM,,,2,,,,,,,
3862065,16-032594,2,False,0109,6/18/2016 10:37:00 AM,1037,30X,14,109,Oakland,1,True,True,D,BROADSIDE,,Saturday,,,M,,False,False,True,,E,PARKED MOTOR VEHICLE,,0,0,CLEAR,,NO UNUSUAL CONDITIONS - NO UNUSUAL CONDITIONS,,C,DARK-STREET LIGHTS,,,,,,,A,NO PEDESTRIANS INVOLVED,,A,22107,,1,70TH AV,2,,,A,,,FAVOR ST,,,A,8/8/2024 1:10:16 PM,2/10/2025 12:18:38 PM,,,2,,,,,,,
3862060,16-031800,2,False,0109,6/14/2016 9:45:00 AM,945,15X,14,109,Oakland,1,True,True,A,HEAD-ON,,Tuesday,,,,,False,False,True,,C,OTHER MOTOR VEHICLE,,0,0,CLEAR,,NO UNUSUAL CONDITIONS - NO UNUSUAL CONDITIONS,,A,DAYLIGHT,,,,,,,A,NO PEDESTRIANS INVOLVED,,D,,,,LAKESHORE AV,1,,,A,,,MACARTHUR BL,,,A,8/8/2024 1:10:15 PM,2/10/2025 12:18:37 PM,,,2,,,,,,,
3862059,16-025554,2,False,0109,5/13/2016 1:23:00 PM,1323,19X,14,109,Oakland,1,True,True,C,REAR END,,Friday,,,,,False,False,False,,C,OTHER MOTOR VEHICLE,,1,0,CLEAR,,NO UNUSUAL CONDITIONS - NO UNUSUAL CONDITIONS,,A,DAYLIGHT,,,,,,,A,NO PEDESTRIANS INVOLVED,,A,21703,,1,19TH AV,1,,,A,,,INTERNATIONAL BL,,,D,8/8/2024 1:10:15 PM,2/10/2025 12:18:37 PM,,,2,,,,,,,
3862055,16-024538,2,False,0109,5/8/2016 6:57:00 PM,1857,08X,14,109,Oakland,1,True,True,A,HEAD-ON,,Sunday,,,,,False,False,True,,C,OTHER MOTOR VEHICLE,,1,0,CLEAR,,NO UNUSUAL CONDITIONS - NO UNUSUAL CONDITIONS,,B,DUSK-DAWN,,,,,,,A,NO PEDESTRIANS INVOLVED,,A,21800A,,1,27TH ST,1,,,A,,,BROADWAY,,,A,8/8/2024 1:10:14 PM,2/10/2025 12:18:37 PM,,,2,,,,,,,
3862048,16-028406,2,False,0109,5/27/2016 1:15:00 PM,1315,20X,14,109,Oakland,1,True,True,B,SIDE SWIPE,,Friday,,,M,,False,False,True,,C,OTHER MOTOR VEHICLE,,2,0,CLEAR,,NO UNUSUAL CONDITIONS - NO UNUSUAL CONDITIONS,,A,DAYLIGHT,,,,,,,A,NO PEDESTRIANS INVOLVED,,A,21802A,,1,22ND AV,1,,,A,,,E 12TH ST,,,D,8/8/2024 1:10:13 PM,2/10/2025 12:18:36 PM,,,2,,,,,,,
3862032,16-026765,2,False,0109,5/19/2016 11:18:00 AM,1118,03,14,109,Oakland,1,True,True,D,BROADSIDE,,Thursday,,,,,False,False,True,,C,OTHER MOTOR VEHICLE,,1,0,CLEAR,,NO UNUSUAL CONDITIONS - NO UNUSUAL CONDITIONS,,A,DAYLIGHT,,,,,,,A,NO PEDESTRIANS INVOLVED,,A,21453A,,1,MARTIN LUTHER KING JR WY,1,,,A,,,11TH ST,,,A,8/8/2024 1:10:11 PM,2/10/2025 12:18:35 PM,,,2,,,,,,,
3862027,16-027745,2,False,0109,5/24/2016 1:24:00 PM,1324,03,14,109,Oakland,1,True,True,D,BROADSIDE,,Tuesday,,,,,False,False,False,,C,OTHER MOTOR VEHICLE,,1,0,CLEAR,,NO UNUSUAL CONDITIONS - NO UNUSUAL CONDITIONS,,A,DAYLIGHT,,,,,,,A,NO PEDESTRIANS INVOLVED,,A,21453A,,1,FRANKLIN ST,1,,,A,,,11TH ST,,,A,8/8/2024 1:10:10 PM,2/10/2025 12:18:35 PM,,,2,,,,,,,
3862022,16-025545,2,False,0109,5/13/2016 12:40:00 PM,1240,03Y,14,109,Oakland,1,True,True,D,BROADSIDE,,Friday,,,,,False,False,False,,G,BICYCLE,,1,0,CLEAR,,NO UNUSUAL CONDITIONS - NO UNUSUAL CONDITIONS,,A,DAYLIGHT,,,,,,,A,NO PEDESTRIANS INVOLVED,,A,21453A,,1,CASTRO ST,1,,,A,,,11TH ST,,,A,8/8/2024 1:10:09 PM,2/10/2025 12:18:35 PM,,,2,,,,,,,
3862019,16-027138,2,False,0109,5/20/2016 11:58:00 PM,2358,34,14,109,Oakland,1,True,True,E,HIT OBJECT,,Friday,,,M,,False,False,True,,I,FIXED OBJECT,,1,0,CLEAR,,NO UNUSUAL CONDITIONS - NO UNUSUAL CONDITIONS,,C,DARK-STREET LIGHTS,,,,,,,A,NO PEDESTRIANS INVOLVED,,A,23152A,,1,83RD AV,2,,,A,S,15.0,BIRCH ST,F,,A,8/8/2024 1:10:08 PM,2/10/2025 12:18:35 PM,,,2,,,,,,,
3862014,16-026460,2,False,0109,5/17/2016 11:19:00 PM,2319,19,14,109,Oakland,1,True,True,D,BROADSIDE,,Tuesday,,,,,False,False,False,,C,OTHER MOTOR VEHICLE,,1,0,CLEAR,,NO UNUSUAL CONDITIONS - NO UNUSUAL CONDITIONS,,C,DARK-STREET LIGHTS,,,,,,,A,NO PEDESTRIANS INVOLVED,,A,21453A,,1,INTERNATIONAL BL,1,,,A,,,22ND AV,,,A,8/8/2024 1:10:08 PM,2/10/2025 12:18:34 PM,,,2,,,,,,,
3862011,16-031706,2,False,0109,6/13/2016 10:53:00 PM,2253,23X,14,109,Oakland,1,True,True,G,VEHICLE/PEDESTRAIN,,Monday,,,F,,False,False,False,,B,PEDESTRIAN,,1,0,CLEAR,,,,C,DARK-STREET LIGHTS,,,,,,,B,CROSSING IN CROSS WALK AT INTERSECTION,,A,21950A,,1,33RD AV,2,,,A,N,6.0,SAN LEANDRO BL,F,,A,8/8/2024 1:10:07 PM,2/10/2025 12:18:34 PM,,,2,,,,,,,
3862007,16-032606,2,False,0109,6/18/2016 12:10:00 PM,1210,30X,14,109,Oakland,1,True,True,D,BROADSIDE,,Saturday,,,,,False,False,False,,C,OTHER MOTOR VEHICLE,,2,0,CLEAR,,NO UNUSUAL CONDITIONS - NO UNUSUAL CONDITIONS,,A,DAYLIGHT,,,,,,,A,NO PEDESTRIANS INVOLVED,,A,21801A,,1,FOOTHILL BL,2,,,A,W,220.0,73RD AV,F,,A,8/8/2024 1:10:06 PM,2/10/2025 12:18:34 PM,,,2,,,,,,,
3862004,16-029613,2,False,0109,6/2/2016 9:11:00 PM,2111,04X,14,109,Oakland,1,True,True,B,SIDE SWIPE,,Thursday,,,,,False,False,False,,C,OTHER MOTOR VEHICLE,,1,0,CLEAR,,NO UNUSUAL CONDITIONS - NO UNUSUAL CONDITIONS,,C,DARK-STREET LIGHTS,,,,,,,A,NO PEDESTRIANS INVOLVED,,A,22107,,1,GRAND AV,1,,,A,E,100.0,TELEGRAPH AV,F,,A,8/8/2024 1:10:05 PM,2/10/2025 12:18:33 PM,,,2,,,,,,,
3862003,16-026310,2,False,0109,5/17/2016 12:15:00 PM,1215,05,14,109,Oakland,1,True,True,B,SIDE SWIPE,,Tuesday,,,,,False,False,False,,G,BICYCLE,,1,0,CLEAR,,CONSTRUCTION-REPAIR ZONE - CONSTRUCTION-REPAIR ZONE,,A,DAYLIGHT,,,,,,,A,NO PEDESTRIANS INVOLVED,,A,21453A,,1,SAN PABLO AV,1,,,A,,,W GRAND AV,,,A,8/8/2024 1:10:05 PM,2/10/2025 12:18:34 PM,,,2,,,,,,,
3862000,16-025522,2,False,0109,5/13/2016 10:59:00 AM,1059,05,14,109,Oakland,1,True,True,A,HEAD-ON,,Friday,,,,,False,False,False,,I,FIXED OBJECT,,1,0,CLEAR,,NO UNUSUAL CONDITIONS - NO UNUSUAL CONDITIONS,,A,DAYLIGHT,,,,,,,A,NO PEDESTRIANS INVOLVED,,A,22107,,1,14TH ST,1,,,A,W,20.0,UNION ST,F,,D,8/8/2024 1:10:05 PM,2/10/2025 12:18:33 PM,,,2,,,,,,,
3861999,16-032089,2,False,0109,6/15/2016 6:40:00 PM,1840,11X,14,109,Oakland,1,True,True,D,BROADSIDE,,Wednesday,,,,,False,False,False,,C,OTHER MOTOR VEHICLE,,1,0,CLEAR,,NO UNUSUAL CONDITIONS - NO UNUSUAL CONDITIONS,,A,DAYLIGHT,,,,,,,A,NO PEDESTRIANS INVOLVED,,A,21802A,,1,56TH ST,1,,,A,,,SHATTUCK AV,,,D,8/8/2024 1:10:05 PM,2/10/2025 12:18:33 PM,,,2,,,,,,,
3861930,16-028883,2,False,0109,5/30/2016 10:24:00 AM,1024,25X,14,109,Oakland,1,True,True,A,HEAD-ON,,Monday,,,M,,False,False,True,,C,OTHER MOTOR VEHICLE,,0,0,CLEAR,,NO UNUSUAL CONDITIONS - NO UNUSUAL CONDITIONS,,A,DAYLIGHT,,,,,,,A,NO PEDESTRIANS INVOLVED,,A,22107,,1,MACARTHUR BL,2,,,A,E,40.0,38TH AV,F,,D,8/8/2024 1:09:53 PM,2/10/2025 12:18:28 PM,,,2,,,,,,,
3861924,16-022905,2,False,0109,4/30/2016 8:23:00 AM,823,31X,14,109,Oakland,1,True,True,B,SIDE SWIPE,,Saturday,,,,,False,False,True,,C,OTHER MOTOR VEHICLE,,1,0,CLEAR,,NO UNUSUAL CONDITIONS - NO UNUSUAL CONDITIONS,,A,DAYLIGHT,,,,,,,A,NO PEDESTRIANS INVOLVED,,A,21453A,,1,HEGENBERGER RD,2,,,A,,,EDES AV,,,A,8/8/2024 1:09:52 PM,2/10/2025 12:18:28 PM,,,2,,,,,,,
3861921,16-031078,2,False,0109,6/10/2016 1:20:00 PM,1320,19X,14,109,Oakland,1,True,True,D,BROADSIDE,,Friday,,,,,False,False,True,,C,OTHER MOTOR VEHICLE,,0,0,CLEAR,,NO UNUSUAL CONDITIONS - NO UNUSUAL CONDITIONS,,A,DAYLIGHT,,,,,,,A,NO PEDESTRIANS INVOLVED,,A,21802A,,1,EMBARCADERO,1,,,A,,,LIVINGSTON ST,,,D,8/8/2024 1:09:51 PM,2/10/2025 12:18:28 PM,,,2,,,,,,,
3861914,16-026791,2,False,0109,5/19/2016 1:39:00 PM,1339,03X,14,109,Oakland,1,True,True,G,VEHICLE/PEDESTRAIN,,Thursday,,,,,False,False,False,,B,PEDESTRIAN,,1,0,CLEAR,,NO UNUSUAL CONDITIONS - NO UNUSUAL CONDITIONS,,A,DAYLIGHT,,,,,,,B,CROSSING IN CROSS WALK AT INTERSECTION,,A,21950A,,1,8TH ST,1,,,A,,,MADISON ST,,,A,8/8/2024 1:09:50 PM,2/10/2025 12:18:27 PM,,,2,,,,,,,
3861910,16-029521,2,False,0109,6/2/2016 11:30:00 AM,1130,03X,14,109,Oakland,1,True,True,B,SIDE SWIPE,,Thursday,,,,,False,False,False,,C,OTHER MOTOR VEHICLE,,0,0,CLEAR,,NO UNUSUAL CONDITIONS - NO UNUSUAL CONDITIONS,,A,DAYLIGHT,,,,,,,A,NO PEDESTRIANS INVOLVED,,A,22100B,,1,11TH ST,1,,,A,,,BROADWAY,,,A,8/8/2024 1:09:49 PM,2/10/2025 12:18:27 PM,,,2,,,,,,,
3861899,16-029081,2,False,0109,5/31/2016 11:10:00 AM,1110,02Y,14,109,Oakland,1,True,True,D,BROADSIDE,,Tuesday,,,,,False,False,False,,C,OTHER MOTOR VEHICLE,,0,0,CLEAR,,NO UNUSUAL CONDITIONS - NO UNUSUAL CONDITIONS,,A,DAYLIGHT,,,,,,,A,NO PEDESTRIANS INVOLVED,,A,21802A,,1,7TH ST,1,,,A,,,BAY PL,,,D,8/8/2024 1:09:47 PM,2/10/2025 12:18:26 PM,,,2,,,,,,,
3861876,16-024684,2,False,0109,5/9/2016 2:22:00 PM,1422,27X,14,109,Oakland,1,True,True,B,SIDE SWIPE,,Monday,,,,,False,False,False,,C,OTHER MOTOR VEHICLE,,0,0,CLEAR,,NO UNUSUAL CONDITIONS - NO UNUSUAL CONDITIONS,,A,DAYLIGHT,,,,,,,A,NO PEDESTRIANS INVOLVED,,A,22106,,1,45TH AV,2,,,A,S,10.0,E 12TH ST,F,,D,8/8/2024 1:09:43 PM,2/10/2025 12:18:25 PM,,,2,,,,,,,
3861810,16-026911,2,False,0109,5/20/2016 12:45:00 AM,45,05X,14,109,Oakland,1,True,True,C,REAR END,,Friday,,,M,,False,False,False,,E,PARKED MOTOR VEHICLE,,0,0,CLEAR,,NO UNUSUAL CONDITIONS - NO UNUSUAL CONDITIONS,,C,DARK-STREET LIGHTS,,,,,,,A,NO PEDESTRIANS INVOLVED,,A,22106,,1,WEST ST,1,,,A,S,200.0,21ST ST,F,,D,8/8/2024 1:09:34 PM,2/10/2025 12:18:20 PM,,,2,,,,,,,
3861805,16-025693,2,False,0109,5/14/2016 7:30:00 AM,730,23X,14,109,Oakland,1,True,True,A,HEAD-ON,,Saturday,,,M,,False,False,False,,E,PARKED MOTOR VEHICLE,,0,0,CLOUDY,,NO UNUSUAL CONDITIONS - NO UNUSUAL CONDITIONS,,B,DUSK-DAWN,,,,,,,A,NO PEDESTRIANS INVOLVED,,A,21650,,1,35TH AV,2,,,A,N,130.0,E 18TH ST,M,,D,8/8/2024 1:09:33 PM,2/10/2025 12:18:20 PM,,,2,,,,,,,
3861726,16-030413,2,False,0109,6/7/2016 10:42:00 AM,1042,21Y,14,109,Oakland,1,True,True,B,SIDE SWIPE,,Tuesday,,,,,False,False,True,,C,OTHER MOTOR VEHICLE,,1,0,CLEAR,,NO UNUSUAL CONDITIONS - NO UNUSUAL CONDITIONS,,A,DAYLIGHT,,,,,,,A,NO PEDESTRIANS INVOLVED,,A,21650,,,E 22ND ST,2,,,A,,,FRUITVALE AV,,,D,8/8/2024 1:09:21 PM,2/10/2025 12:18:14 PM,,,2,,,,,,,
3861704,16-025730,2,False,0109,5/14/2016 11:56:00 AM,1156,19X,14,109,Oakland,1,True,True,H,OTHER,,Saturday,,,,,False,False,False,,G,BICYCLE,,1,0,CLOUDY,,NO UNUSUAL CONDITIONS - NO UNUSUAL CONDITIONS,,A,DAYLIGHT,,,,,,,A,NO PEDESTRIANS INVOLVED,,A,216501,,1,INTERNATIONAL BL,1,,,A,W,4.0,14TH AV,F,,A,8/8/2024 1:09:17 PM,2/10/2025 12:18:12 PM,,,2,,,,,,,
3861617,16-025745,2,False,0109,5/14/2016 2:00:00 PM,1400,15X,14,109,Oakland,1,True,True,D,BROADSIDE,,Saturday,,,,,False,False,True,,C,OTHER MOTOR VEHICLE,,1,0,CLEAR,,NO UNUSUAL CONDITIONS - NO UNUSUAL CONDITIONS,,A,DAYLIGHT,,,,,,,A,NO PEDESTRIANS INVOLVED,,A,21755,,1,LAKESHORE AV,1,,,A,,,BROOKLYN AV,,,A,8/8/2024 1:09:01 PM,2/10/2025 12:18:05 PM,,,2,,,,,,,
3861598,16028306,2,False,0109,5/26/2016 9:01:00 PM,2101,14Y,14,109,Oakland,1,True,True,C,REAR END,,Thursday,,,,,False,False,False,,C,OTHER MOTOR VEHICLE,,1,0,CLEAR,,NO UNUSUAL CONDITIONS - NO UNUSUAL CONDITIONS,,C,DARK-STREET LIGHTS,,,,,,,A,NO PEDESTRIANS INVOLVED,,A,22350,,1,GRAND AV,1,,,A,S,150.0,ELWOOD AV,F,,D,8/8/2024 1:08:58 PM,2/10/2025 12:18:04 PM,,,2,,,,,,,
3861595,16-024093,2,False,0109,5/6/2016 6:56:00 AM,656,19X,14,109,Oakland,1,True,True,C,REAR END,,Friday,,,,,False,False,False,,C,OTHER MOTOR VEHICLE,,1,0,CLEAR,,NO UNUSUAL CONDITIONS - NO UNUSUAL CONDITIONS,,A,DAYLIGHT,,,,,,,A,NO PEDESTRIANS INVOLVED,,A,22350,,1,INTERNATIONAL BL,2,,,A,,,10TH AV,,,A,8/8/2024 1:08:57 PM,2/10/2025 12:18:04 PM,,,2,,,,,,,
3861591,16-025842,2,False,0109,5/15/2016 11:30:00 PM,2330,04X,14,109,Oakland,1,True,True,,,,Sunday,,,F,,False,False,False,,G,BICYCLE,,1,0,,,,,,,,,,,,,,,,D,,,,14TH ST,1,,,,,,FRANKLIN,,,,8/8/2024 1:08:56 PM,2/10/2025 12:18:03 PM,,,2,,,,,,,
3861587,16-026046,2,False,0109,5/16/2016 8:37:00 AM,837,02X,14,109,Oakland,1,True,True,D,BROADSIDE,,Monday,,,,,False,False,False,,C,OTHER MOTOR VEHICLE,,1,0,CLEAR,,NO UNUSUAL CONDITIONS - NO UNUSUAL CONDITIONS,,A,DAYLIGHT,,,,,,,A,NO PEDESTRIANS INVOLVED,,A,21804A,,1,10TH ST,1,,,A,W,100.0,LINDEN ST,F,,D,8/8/2024 1:08:56 PM,2/10/2025 12:18:03 PM,,,2,,,,,,,
3860603,16-021318,2,False,0109,4/22/2016 12:52:00 AM,52,33X,14,109,Oakland,1,True,True,B,SIDE SWIPE,,Friday,,,M,,False,False,False,,E,PARKED MOTOR VEHICLE,,0,0,CLOUDY,,NO UNUSUAL CONDITIONS - NO UNUSUAL CONDITIONS,,C,DARK-STREET LIGHTS,,,,,,,A,NO PEDESTRIANS INVOLVED,,A,22106,,1,E ST,2,,,A,W,10.0,87TH AV,F,,D,8/8/2024 1:06:14 PM,2/10/2025 12:16:56 PM,,,2,,,,,,,
3860597,16-014384,2,False,0109,3/17/2016 3:47:00 PM,1547,02X,14,109,Oakland,1,True,True,B,SIDE SWIPE,,Thursday,,,,,False,False,False,,C,OTHER MOTOR VEHICLE,,0,0,CLEAR,,NO UNUSUAL CONDITIONS - NO UNUSUAL CONDITIONS,,A,DAYLIGHT,,,,,,,A,NO PEDESTRIANS INVOLVED,,A,22100A,,1,3RD ST,1,,,A,E,50.0,ADELINE ST,F,,A,8/8/2024 1:06:13 PM,2/10/2025 12:16:56 PM,,,2,,,,,,,