collision-id,report-number,report-version,is-preliminary,ncic-code,crash-date-time,crash-time-description,beat,city-id,city-code,city-name,county-code,city-is-active,city-is-incorporated,collision-type-code,collision-type-description,collision-type-other-desc,day-of-week,dispatch-notified,has-photographs,hit-run,is-attachments-mailed,is-deleted,is-highway-related,is-tow-away,judicial-district,motor-vehicle-involved-with-code,motor-vehicle-involved-with-desc,motor-vehicle-involved-with-other-desc,number-injured,number-killed,weather-1,weather-2,road-condition-1,road-condition-2,special-condition-lighting-code,lighting-description,latitude,longitude,milepost-direction,milepost-distance,milepost-marker,milepost-unit-of-measure,pedestrian-action-code,pedestrian-action-desc,prepared-date,primary-collision-factor-code,primary-collision-factor-violation,primary-collision-factor-is-cited,primary-collision-party-number,primary-road,reporting-district,reporting-district-code,reviewed-date,roadway-surface-code,secondary-direction,secondary-distance,secondary-road,secondary-unit-of-measure,sketch-desc,traffic-control-device-code,created-date,modified-date,is-county-road,is-freeway,chp-555-version,is-additonal-object-struck,notification-date,notification-time-description,has-digital-media-files,evidence-number,is-location-refer-to-narrative,is-aoi-one-same-as-location
3889421,16-006575,2,False,0109,2/4/2016 3:15:00 AM,315,31X,14,109,Oakland,1,True,True,D,BROADSIDE,,Thursday,,,M,,False,False,True,,C,OTHER MOTOR VEHICLE,,1,0,CLEAR,,NO UNUSUAL CONDITIONS - NO UNUSUAL CONDITIONS,,A,DAYLIGHT,,,,,,,A,NO PEDESTRIANS INVOLVED,,A,22350,,1,APPLE ST,2,,,A,,,PIPPIN ST,,,D,8/8/2024 2:45:05 PM,2/10/2025 12:53:57 PM,,,2,,,,,,,
3889418,16-014738,2,False,0109,3/19/2016 1:33:00 PM,1333,07X,14,109,Oakland,1,True,True,G,VEHICLE/PEDESTRAIN,,Saturday,,,,,False,False,False,,B,PEDESTRIAN,,1,0,CLEAR,,NO UNUSUAL CONDITIONS - NO UNUSUAL CONDITIONS,,A,DAYLIGHT,,,,,,,B,CROSSING IN CROSS WALK AT INTERSECTION,,A,21453D,,1,36TH ST,1,,,A,W,3.0,SAN PABLO AV,F,,A,8/8/2024 2:45:05 PM,2/10/2025 12:53:56 PM,,,2,,,,,,,
3889417,16-006990,2,False,0109,2/6/2016 5:20:00 PM,1720,34X,14,109,Oakland,1,True,True,G,VEHICLE/PEDESTRAIN,,Saturday,,,,,False,False,False,,B,PEDESTRIAN,,1,0,CLEAR,,NO UNUSUAL CONDITIONS - NO UNUSUAL CONDITIONS,,C,DARK-STREET LIGHTS,,,,,,,F,NOT IN ROAD,,A,21952A,,1,92ND AV,2,,,A,S,200.0,WALNUT ST,F,,D,8/8/2024 2:45:05 PM,2/10/2025 12:53:56 PM,,,2,,,,,,,
3889414,16-012289,2,False,0109,3/6/2016 12:46:00 AM,46,24X,14,109,Oakland,1,True,True,G,VEHICLE/PEDESTRAIN,,Sunday,,,F,,False,False,False,,B,PEDESTRIAN,,1,0,RAINING,,NO UNUSUAL CONDITIONS - NO UNUSUAL CONDITIONS,,C,DARK-STREET LIGHTS,,,,,,,B,CROSSING IN CROSS WALK AT INTERSECTION,,A,21950A,,1,35TH AV,2,,,B,,,ALLENDALE AV,,,D,8/8/2024 2:45:05 PM,2/10/2025 12:53:56 PM,,,2,,,,,,,
3889402,16-010110,2,False,0109,2/24/2016 7:44:00 AM,744,14X,14,109,Oakland,1,True,True,C,REAR END,,Wednesday,,,M,,False,False,False,,C,OTHER MOTOR VEHICLE,,1,0,CLEAR,,NO UNUSUAL CONDITIONS - NO UNUSUAL CONDITIONS,,A,DAYLIGHT,,,,,,,A,NO PEDESTRIANS INVOLVED,,A,22350,,1,VALLE VISTA AV,2,,,A,,,ELWOOD AV,,,D,8/8/2024 2:45:04 PM,2/10/2025 12:53:55 PM,,,2,,,,,,,
3889395,16-030115,2,False,0109,6/5/2016 4:52:00 PM,1652,31Y,14,109,Oakland,1,True,True,A,HEAD-ON,,Sunday,,,F,,False,False,True,,C,OTHER MOTOR VEHICLE,,1,0,CLEAR,,NO UNUSUAL CONDITIONS - NO UNUSUAL CONDITIONS,,A,DAYLIGHT,,,,,,,A,NO PEDESTRIANS INVOLVED,,A,21801A,,1,EDES AV,2,,,A,,,98TH AV,,,A,8/8/2024 2:45:04 PM,2/10/2025 12:53:54 PM,,,2,,,,,,,
3889257,16-035351,2,False,0109,7/2/2016 10:00:00 AM,1000,07X,14,109,Oakland,1,True,True,D,BROADSIDE,,Saturday,,,,,False,False,False,,C,OTHER MOTOR VEHICLE,,0,0,CLEAR,,NO UNUSUAL CONDITIONS - NO UNUSUAL CONDITIONS,,A,DAYLIGHT,,,,,,,A,NO PEDESTRIANS INVOLVED,,A,21750,,1,PERALTA ST,1,,,A,,,28TH ST,,,D,8/8/2024 2:44:57 PM,2/10/2025 12:53:42 PM,,,2,,,,,,,
3889253,16-037880,2,False,0109,7/16/2016 12:00:00 PM,1200,27X,14,109,Oakland,1,True,True,E,HIT OBJECT,,Saturday,,,M,,False,False,True,,I,FIXED OBJECT,,0,0,CLEAR,,NO UNUSUAL CONDITIONS - NO UNUSUAL CONDITIONS,,A,DAYLIGHT,,,,,,,A,NO PEDESTRIANS INVOLVED,,A,22350,,1,62ND AV,2,,,A,S,10.0,FORTUNE WY,F,,D,8/8/2024 2:44:57 PM,2/10/2025 12:53:41 PM,,,2,,,,,,,
3889233,16-015601,2,False,0109,3/24/2016 10:10:00 AM,1010,05X,14,109,Oakland,1,True,True,B,SIDE SWIPE,,Thursday,,,,,False,False,False,,G,BICYCLE,,1,0,CLOUDY,,OBSTRUCTION ON ROADWAY* - OBSTRUCTION ON ROADWAY*,,A,DAYLIGHT,,,,,,,A,NO PEDESTRIANS INVOLVED,,D,,,,MANDELA PKWY,1,,,A,,,W GRAND AV,,,A,8/8/2024 2:44:56 PM,2/10/2025 12:53:40 PM,,,2,,,,,,,
3889228,16-020179,2,False,0109,4/16/2016 12:46:00 PM,1246,03X,14,109,Oakland,1,True,True,G,VEHICLE/PEDESTRAIN,,Saturday,,,,,False,False,False,,B,PEDESTRIAN,,1,0,CLEAR,,NO UNUSUAL CONDITIONS - NO UNUSUAL CONDITIONS,,A,DAYLIGHT,,,,,,,F,NOT IN ROAD,,A,22107,,1,FRANKLIN ST,1,,,A,N,50.0,7TH ST,F,,A,8/8/2024 2:44:56 PM,2/10/2025 12:53:40 PM,,,2,,,,,,,
3889225,16-035376,2,False,0109,7/2/2016 11:50:00 AM,1150,27X,14,109,Oakland,1,True,True,G,VEHICLE/PEDESTRAIN,,Saturday,,,M,,False,False,False,,B,PEDESTRIAN,,1,0,CLEAR,,NO UNUSUAL CONDITIONS - NO UNUSUAL CONDITIONS,,A,DAYLIGHT,,,,,,,B,CROSSING IN CROSS WALK AT INTERSECTION,,A,21950A,,1,FOOTHILL BL,2,,,A,,,50TH AV,,,D,8/8/2024 2:44:56 PM,2/10/2025 12:53:39 PM,,,2,,,,,,,
3889221,16-034721,2,False,0109,6/29/2016 7:53:00 AM,753,03X,14,109,Oakland,1,True,True,D,BROADSIDE,,Wednesday,,,,,False,False,False,,C,OTHER MOTOR VEHICLE,,2,0,CLOUDY,,NO UNUSUAL CONDITIONS - NO UNUSUAL CONDITIONS,,A,DAYLIGHT,,,,,,,A,NO PEDESTRIANS INVOLVED,,A,21453A,,1,BROADWAY,1,,,A,,,12TH ST,,,A,8/8/2024 2:44:56 PM,2/10/2025 12:53:39 PM,,,2,,,,,,,
3889217,16-033288,2,False,0109,6/21/2016 6:01:00 PM,1801,20X,14,109,Oakland,1,True,True,D,BROADSIDE,,Tuesday,,,,,False,False,False,,C,OTHER MOTOR VEHICLE,,0,0,CLEAR,,NO UNUSUAL CONDITIONS - NO UNUSUAL CONDITIONS,,A,DAYLIGHT,,,,,,,A,NO PEDESTRIANS INVOLVED,,A,21800A,,1,E 9TH ST,2,,,A,,,DEL MONTE AV,,,A,8/8/2024 2:44:55 PM,2/10/2025 12:53:39 PM,,,2,,,,,,,
3889213,16-025512,2,False,0109,5/13/2016 9:10:00 AM,910,33X,14,109,Oakland,1,True,True,D,BROADSIDE,,Friday,,,,,False,False,False,,C,OTHER MOTOR VEHICLE,,0,0,CLEAR,,NO UNUSUAL CONDITIONS - NO UNUSUAL CONDITIONS,,A,DAYLIGHT,,,,,,,A,NO PEDESTRIANS INVOLVED,,A,21453B,,1,85TH AV,2,,,A,,,SAN LEANDRO ST,,,A,8/8/2024 2:44:55 PM,2/10/2025 12:53:38 PM,,,2,,,,,,,
3889206,16-017703,2,False,0109,4/4/2016 12:15:00 PM,1215,31Z,14,109,Oakland,1,True,True,G,VEHICLE/PEDESTRAIN,,Monday,,,M,,False,False,False,,B,PEDESTRIAN,,1,0,CLEAR,,NO UNUSUAL CONDITIONS - NO UNUSUAL CONDITIONS,,A,DAYLIGHT,,,,,,,B,CROSSING IN CROSS WALK AT INTERSECTION,,A,21950A,,1,105TH AV,2,,,A,,,EDES AV,,,A,8/8/2024 2:44:55 PM,2/10/2025 12:53:38 PM,,,2,,,,,,,
3889081,16-020899,2,False,0109,4/20/2016 7:10:00 AM,710,3X,14,109,Oakland,1,True,True,D,BROADSIDE,,Wednesday,,,,,False,False,False,,C,OTHER MOTOR VEHICLE,,2,0,CLEAR,,NO UNUSUAL CONDITIONS - NO UNUSUAL CONDITIONS,,A,DAYLIGHT,,,,,,,A,NO PEDESTRIANS INVOLVED,,A,21453A,,,14TH ST,1,,,A,,,JACKSON ST,,,A,8/8/2024 2:44:46 PM,2/10/2025 12:53:28 PM,,,2,,,,,,,
3889077,16-019602,2,False,0109,4/13/2016 3:00:00 PM,1500,33X,14,109,Oakland,1,True,True,D,BROADSIDE,,Wednesday,,,M,,False,False,False,,C,OTHER MOTOR VEHICLE,,1,0,CLEAR,,NO UNUSUAL CONDITIONS - NO UNUSUAL CONDITIONS,,A,DAYLIGHT,,,,,,,A,NO PEDESTRIANS INVOLVED,,A,22450A,,1,92ND AV,2,,,A,,,A ST,,,A,8/8/2024 2:44:46 PM,2/10/2025 12:53:28 PM,,,2,,,,,,,
3889070,16-019896,2,False,0109,4/14/2016 9:30:00 PM,2130,12Y,14,109,Oakland,1,True,True,D,BROADSIDE,,Thursday,,,M,,False,False,True,,C,OTHER MOTOR VEHICLE,,0,0,CLEAR,,NO UNUSUAL CONDITIONS - NO UNUSUAL CONDITIONS,,C,DARK-STREET LIGHTS,,,,,,,A,NO PEDESTRIANS INVOLVED,,A,21453A,,1,CLAREMONT AV,1,,,A,,,HUDSON ST,,,A,8/8/2024 2:44:46 PM,2/10/2025 12:53:27 PM,,,2,,,,,,,
3889066,16-019949,2,False,0109,4/15/2016 8:50:00 AM,850,29X,14,109,Oakland,1,True,True,C,REAR END,,Friday,,,,,False,False,False,,C,OTHER MOTOR VEHICLE,,1,0,CLEAR,,NO UNUSUAL CONDITIONS - NO UNUSUAL CONDITIONS,,A,DAYLIGHT,,,,,,,A,NO PEDESTRIANS INVOLVED,,A,22350,,1,MACARTHUR BL,2,,,A,W,25.0,64TH AV,F,,A,8/8/2024 2:44:45 PM,2/10/2025 12:53:27 PM,,,2,,,,,,,
3889065,16-020772,2,False,0109,4/19/2016 3:22:00 PM,1522,01X,14,109,Oakland,1,True,True,D,BROADSIDE,,Tuesday,,,,,False,False,True,,C,OTHER MOTOR VEHICLE,,0,0,CLEAR,,NO UNUSUAL CONDITIONS - NO UNUSUAL CONDITIONS,,A,DAYLIGHT,,,,,,,A,NO PEDESTRIANS INVOLVED,,A,22450A,,1,2ND ST,1,,,A,,,CLAY ST,,,A,8/8/2024 2:44:45 PM,2/10/2025 12:53:26 PM,,,2,,,,,,,
3889062,16-021001,2,False,0109,4/20/2016 1:08:00 PM,1308,20X,14,109,Oakland,1,True,True,D,BROADSIDE,,Wednesday,,,,,False,False,False,,C,OTHER MOTOR VEHICLE,,1,0,CLEAR,,NO UNUSUAL CONDITIONS - NO UNUSUAL CONDITIONS,,A,DAYLIGHT,,,,,,,A,NO PEDESTRIANS INVOLVED,,A,21800A,,1,9TH ST,1,,,A,,,DEL MONTE AV,,,A,8/8/2024 2:44:45 PM,2/10/2025 12:53:26 PM,,,2,,,,,,,
3889061,16-021060,2,False,0109,4/20/2016 6:54:00 PM,1854,04X,14,109,Oakland,1,True,True,B,SIDE SWIPE,,Wednesday,,,,,False,False,True,,C,OTHER MOTOR VEHICLE,,0,0,CLEAR,,NO UNUSUAL CONDITIONS - NO UNUSUAL CONDITIONS,,A,DAYLIGHT,,,,,,,A,NO PEDESTRIANS INVOLVED,,A,21658A,,1,LAKESIDE DR,1,,,A,N,50.0,14TH ST,F,,D,8/8/2024 2:44:45 PM,2/10/2025 12:53:26 PM,,,2,,,,,,,
3889058,16-020263,2,False,0109,4/17/2016 12:48:00 AM,48,14X,14,109,Oakland,1,True,True,A,HEAD-ON,,Sunday,,,M,,False,False,False,,C,OTHER MOTOR VEHICLE,,0,0,CLEAR,,NO UNUSUAL CONDITIONS - NO UNUSUAL CONDITIONS,,C,DARK-STREET LIGHTS,,,,,,,A,NO PEDESTRIANS INVOLVED,,A,22107,,1,MACARTHUR BL,1,,,A,E,300.0,ADAMS ST,F,,D,8/8/2024 2:44:45 PM,2/10/2025 12:53:26 PM,,,2,,,,,,,
3889053,16-019692,2,False,0109,4/13/2016 11:50:00 PM,2350,12X,14,109,Oakland,1,True,True,E,HIT OBJECT,,Wednesday,,,M,,False,False,False,,I,FIXED OBJECT,,0,0,CLEAR,,NO UNUSUAL CONDITIONS - NO UNUSUAL CONDITIONS,,A,DAYLIGHT,,,,,,,A,NO PEDESTRIANS INVOLVED,,A,22350,,1,TELEGRAPH AV,1,,,A,N,4.0,56TH ST,F,,A,8/8/2024 2:44:45 PM,2/10/2025 12:53:25 PM,,,2,,,,,,,
3889045,16-019206,2,False,0109,4/11/2016 9:56:00 PM,2156,09X,14,109,Oakland,1,True,True,E,HIT OBJECT,,Monday,,,,,False,False,True,,I,FIXED OBJECT,,0,0,CLEAR,,NO UNUSUAL CONDITIONS - NO UNUSUAL CONDITIONS,,C,DARK-STREET LIGHTS,,,,,,,A,NO PEDESTRIANS INVOLVED,,A,22107,,1,W MACARTHUR BL,1,,,A,,,HOWE ST,,,A,8/8/2024 2:44:44 PM,2/10/2025 12:53:25 PM,,,2,,,,,,,
3889043,16-019479,2,False,0109,4/13/2016 11:45:00 AM,1145,33X,14,109,Oakland,1,True,True,H,OTHER,,Wednesday,,,M,,False,False,False,,A,NON-COLLISION,,1,0,CLEAR,,NO UNUSUAL CONDITIONS - NO UNUSUAL CONDITIONS,,C,DARK-STREET LIGHTS,,,,,,,A,NO PEDESTRIANS INVOLVED,,D,,,,INTERNATIONAL BL,2,,,A,E,10.0,90TH AV,F,,A,8/8/2024 2:44:44 PM,2/10/2025 12:53:25 PM,,,2,,,,,,,
3889041,16-020046,2,False,0109,4/15/2016 4:43:00 PM,1643,06X,14,109,Oakland,1,True,True,B,SIDE SWIPE,,Friday,,,M,,False,False,False,,C,OTHER MOTOR VEHICLE,,0,0,CLEAR,,NO UNUSUAL CONDITIONS - NO UNUSUAL CONDITIONS,,A,DAYLIGHT,,,,,,,A,NO PEDESTRIANS INVOLVED,,A,21651B,,1,52ND ST,1,,,A,W,5.0,WEST ST,F,,A,8/8/2024 2:44:44 PM,2/10/2025 12:53:24 PM,,,2,,,,,,,
3889039,16-021682,2,False,0109,4/24/2016 12:29:00 AM,29,30X,14,109,Oakland,1,True,True,D,BROADSIDE,,Sunday,,,F,,False,False,True,,C,OTHER MOTOR VEHICLE,,2,0,CLEAR,,NO UNUSUAL CONDITIONS - NO UNUSUAL CONDITIONS,,A,DAYLIGHT,,,,,,,A,NO PEDESTRIANS INVOLVED,,A,21453A,,1,BANCROFT AV,2,,,A,,,HAVENSCOURT BL,,,A,8/8/2024 2:44:44 PM,2/10/2025 12:53:24 PM,,,2,,,,,,,
3889037,16-018459,2,False,0109,4/7/2016 6:39:00 PM,1839,07X,14,109,Oakland,1,True,True,C,REAR END,,Thursday,,,M,,False,False,False,,E,PARKED MOTOR VEHICLE,,0,0,CLEAR,,NO UNUSUAL CONDITIONS - NO UNUSUAL CONDITIONS,,A,DAYLIGHT,,,,,,,A,NO PEDESTRIANS INVOLVED,,A,22350,,1,28TH ST,1,,,A,E,10.0,LINDEN ST,F,,D,8/8/2024 2:44:44 PM,2/10/2025 12:53:24 PM,,,2,,,,,,,
3889035,16-018927,2,False,0109,4/10/2016 11:10:00 AM,1110,3X,14,109,Oakland,1,True,True,D,BROADSIDE,,Sunday,,,,,False,False,True,,C,OTHER MOTOR VEHICLE,,2,0,CLOUDY,,NO UNUSUAL CONDITIONS - NO UNUSUAL CONDITIONS,,A,DAYLIGHT,,,,,,,A,NO PEDESTRIANS INVOLVED,,A,21453A,,1,HARRISON ST,1,,,A,,,11TH ST,,,A,8/8/2024 2:44:44 PM,2/10/2025 12:53:24 PM,,,2,,,,,,,
3889033,16-021134,2,False,0109,4/21/2016 4:37:00 AM,437,19X,14,109,Oakland,1,True,True,D,BROADSIDE,,Thursday,,,,,False,False,False,,C,OTHER MOTOR VEHICLE,,0,0,CLEAR,,NO UNUSUAL CONDITIONS - NO UNUSUAL CONDITIONS,,C,DARK-STREET LIGHTS,,,,,,,A,NO PEDESTRIANS INVOLVED,,A,22450A,,1,21ST AV,1,,,A,E,8.0,15TH ST,F,,A,8/8/2024 2:44:44 PM,2/10/2025 12:53:24 PM,,,2,,,,,,,
3889031,16-019471,2,False,0109,4/13/2016 5:00:00 AM,500,14X,14,109,Oakland,1,True,True,A,HEAD-ON,,Wednesday,,,,,False,False,False,,C,OTHER MOTOR VEHICLE,,1,0,CLEAR,,NO UNUSUAL CONDITIONS - NO UNUSUAL CONDITIONS,,C,DARK-STREET LIGHTS,,,,,,,A,NO PEDESTRIANS INVOLVED,,A,21453C,,1,GRAND AV,1,,,A,,,LAKE PARK AV,,,A,8/8/2024 2:44:44 PM,2/10/2025 12:53:24 PM,,,2,,,,,,,
3889030,16-021328,2,False,0109,4/23/2016 1:30:00 PM,1330,15X,14,109,Oakland,1,True,True,B,SIDE SWIPE,,Saturday,,,M,,False,False,False,,E,PARKED MOTOR VEHICLE,,0,0,CLOUDY,,NO UNUSUAL CONDITIONS - NO UNUSUAL CONDITIONS,,C,DARK-STREET LIGHTS,,,,,,,A,NO PEDESTRIANS INVOLVED,,A,22107,,1,BEACON ST,1,,,A,N,45.0,BODEN WY,F,,D,8/8/2024 2:44:44 PM,2/10/2025 12:53:24 PM,,,2,,,,,,,
3889028,16-021860,2,False,0109,4/25/2016 8:34:00 AM,834,14X,14,109,Oakland,1,True,True,C,REAR END,,Monday,,,,,False,False,False,,C,OTHER MOTOR VEHICLE,,1,0,CLEAR,,NO UNUSUAL CONDITIONS - NO UNUSUAL CONDITIONS,,A,DAYLIGHT,,,,,,,A,NO PEDESTRIANS INVOLVED,,A,21703,,1,GRAND AV,1,,,A,,,MANDANA BL,,,A,8/8/2024 2:44:44 PM,2/10/2025 12:53:23 PM,,,2,,,,,,,
3889025,16-022763,2,False,0109,4/29/2016 12:35:00 PM,1235,21X,14,109,Oakland,1,True,True,C,REAR END,,Friday,,,M,,False,False,False,,C,OTHER MOTOR VEHICLE,,1,0,CLEAR,,NO UNUSUAL CONDITIONS - NO UNUSUAL CONDITIONS,,A,DAYLIGHT,,,,,,,A,NO PEDESTRIANS INVOLVED,,A,22350,,1,E 23RD ST,1,,,A,W,15.0,FRUITVALE AV,F,,A,8/8/2024 2:44:44 PM,2/10/2025 12:53:23 PM,,,2,,,,,,,
3889023,16-019705,2,False,0109,4/14/2016 3:06:00 AM,306,20X,14,109,Oakland,1,True,True,E,HIT OBJECT,,Thursday,,,M,,False,False,False,,I,FIXED OBJECT,,1,0,RAINING,,NO UNUSUAL CONDITIONS - NO UNUSUAL CONDITIONS,,C,DARK-STREET LIGHTS,,,,,,,A,NO PEDESTRIANS INVOLVED,,A,22107,,1,FOOTHILL BL,1,,,B,W,5.0,33RD AV,F,,D,8/8/2024 2:44:44 PM,2/10/2025 12:53:23 PM,,,2,,,,,,,
3889019,16-020993,2,False,0109,4/20/2016 12:23:00 PM,1223,25X,14,109,Oakland,1,True,True,D,BROADSIDE,,Wednesday,,,,,False,False,True,,C,OTHER MOTOR VEHICLE,,1,0,CLEAR,,NO UNUSUAL CONDITIONS - NO UNUSUAL CONDITIONS,,A,DAYLIGHT,,,,,,,A,NO PEDESTRIANS INVOLVED,,A,21802A,,1,MACARTHUR BL,2,,,A,,,ENOS AV,,,A,8/8/2024 2:44:43 PM,2/10/2025 12:53:23 PM,,,2,,,,,,,
3889016,16-019188,2,False,0109,4/11/2016 6:55:00 PM,1855,20X,14,109,Oakland,1,True,True,D,BROADSIDE,,Monday,,,,,False,False,False,,G,BICYCLE,,1,0,CLEAR,,NO UNUSUAL CONDITIONS - NO UNUSUAL CONDITIONS,,A,DAYLIGHT,,,,,,,A,NO PEDESTRIANS INVOLVED,,A,21804A,,1,E 16TH ST,1,,,A,E,103.0,23RD AV,F,,D,8/8/2024 2:44:43 PM,2/10/2025 12:53:22 PM,,,2,,,,,,,
3889014,16-019098,2,False,0109,4/11/2016 9:54:00 AM,954,06X,14,109,Oakland,1,True,True,D,BROADSIDE,,Monday,,,,,False,False,True,,C,OTHER MOTOR VEHICLE,,0,0,CLOUDY,,NO UNUSUAL CONDITIONS - NO UNUSUAL CONDITIONS,,A,DAYLIGHT,,,,,,,A,NO PEDESTRIANS INVOLVED,,A,21453A,,1,36TH ST,1,,,A,,,MARKET ST,,,A,8/8/2024 2:44:43 PM,2/10/2025 12:53:22 PM,,,2,,,,,,,
3889012,16-021205,2,False,0109,4/21/2016 1:27:00 PM,1327,15X,14,109,Oakland,1,True,True,A,HEAD-ON,,Thursday,,,,,False,False,False,,C,OTHER MOTOR VEHICLE,,1,0,CLEAR,,NO UNUSUAL CONDITIONS - NO UNUSUAL CONDITIONS,,A,DAYLIGHT,,,,,,,A,NO PEDESTRIANS INVOLVED,,A,21800A,,1,LAKESHORE AV,1,,,A,,,MACARTHUR,,,A,8/8/2024 2:44:43 PM,2/10/2025 12:53:22 PM,,,2,,,,,,,
3889010,16-021522,2,False,0109,4/23/2016 1:01:00 AM,101,11X,14,109,Oakland,1,True,True,A,HEAD-ON,,Saturday,,,,,False,False,True,,E,PARKED MOTOR VEHICLE,,0,0,CLEAR,,NO UNUSUAL CONDITIONS - NO UNUSUAL CONDITIONS,,C,DARK-STREET LIGHTS,,,,,,,A,NO PEDESTRIANS INVOLVED,,A,22107,,1,TELEGRAPH AV,1,,,A,N,150.0,66TH ST,F,,D,8/8/2024 2:44:43 PM,2/10/2025 12:53:22 PM,,,2,,,,,,,
3889001,16-025571,2,False,0109,5/13/2016 3:28:00 PM,1528,05X,14,109,Oakland,1,True,True,C,REAR END,,Friday,,,M,,False,False,False,,G,BICYCLE,,1,0,CLEAR,,NO UNUSUAL CONDITIONS - NO UNUSUAL CONDITIONS,,A,DAYLIGHT,,,,,,,A,NO PEDESTRIANS INVOLVED,,A,22107,,1,WOOD ST,1,,,A,,,20TH ST,,,D,8/8/2024 2:44:42 PM,2/10/2025 12:53:21 PM,,,2,,,,,,,
3888997,16-023860,2,False,0109,5/5/2016 3:35:00 AM,335,26Y,14,109,Oakland,1,True,True,D,BROADSIDE,,Thursday,,,,,False,False,True,,C,OTHER MOTOR VEHICLE,,3,0,CLEAR,,OTHER* - OTHER*,,C,DARK-STREET LIGHTS,,,,,,,A,NO PEDESTRIANS INVOLVED,,A,23152A,,1,INTERNATIONAL BL,2,,,A,,,SEMINARY AV,,,A,8/8/2024 2:44:42 PM,2/10/2025 12:53:21 PM,,,2,,,,,,,
3888994,16-027063,2,False,0109,5/20/2016 6:22:00 PM,1822,02X,14,109,Oakland,1,True,True,A,HEAD-ON,,Friday,,,,,False,False,False,,C,OTHER MOTOR VEHICLE,,2,0,CLEAR,,NO UNUSUAL CONDITIONS - NO UNUSUAL CONDITIONS,,A,DAYLIGHT,,,,,,,A,NO PEDESTRIANS INVOLVED,,A,23152A,,1,8TH ST,1,,,A,E,10.0,KIRKHAM ST,F,,A,8/8/2024 2:44:42 PM,2/10/2025 12:53:21 PM,,,2,,,,,,,
3888991,16-24883,2,False,0109,5/10/2016 1:24:00 PM,1324,16X,14,109,Oakland,1,True,True,D,BROADSIDE,,Tuesday,,,,,False,False,False,,E,PARKED MOTOR VEHICLE,,1,0,CLEAR,,NO UNUSUAL CONDITIONS - NO UNUSUAL CONDITIONS,,A,DAYLIGHT,,,,,,,A,NO PEDESTRIANS INVOLVED,,A,22350,,1,TRESTLE GLEN RD,1,,,A,E,20.0,BARROWS,F,,D,8/8/2024 2:44:42 PM,2/10/2025 12:53:20 PM,,,2,,,,,,,
3888987,16-025185,2,False,0109,5/11/2016 6:06:00 PM,1806,09X,14,109,Oakland,1,True,True,D,BROADSIDE,,Wednesday,,,,,False,False,False,,C,OTHER MOTOR VEHICLE,,2,0,CLEAR,,NO UNUSUAL CONDITIONS - NO UNUSUAL CONDITIONS,,A,DAYLIGHT,,,,,,,A,NO PEDESTRIANS INVOLVED,,A,21802A,,1,HOWE ST,1,,,A,,,PLEASANT VALLEY AV,,,A,8/8/2024 2:44:42 PM,2/10/2025 12:53:20 PM,,,2,,,,,,,
3888948,16-028585,2,False,0109,5/28/2016 2:35:00 PM,1435,19X,14,109,Oakland,1,True,True,B,SIDE SWIPE,,Saturday,,,,,False,False,False,,C,OTHER MOTOR VEHICLE,,1,0,CLEAR,,NO UNUSUAL CONDITIONS - NO UNUSUAL CONDITIONS,,A,DAYLIGHT,,,,,,,A,NO PEDESTRIANS INVOLVED,,A,22107,,1,E 7TH ST,1,,,A,,,KENNEDY ST,,,A,8/8/2024 2:44:40 PM,2/10/2025 12:53:17 PM,,,2,,,,,,,
3908059,16-027337,2,False,0109,5/22/2016 1:00:00 PM,1300,23X,14,109,Oakland,1,True,True,B,SIDE SWIPE,,Sunday,,,F,,False,False,False,,G,BICYCLE,,1,0,CLEAR,,OTHER* - OTHER*,,A,DAYLIGHT,,,,,,,A,NO PEDESTRIANS INVOLVED,,A,21804A,,2,E 9TH ST,2,,,A,E,44.0,34TH AV,F,,D,8/8/2024 3:04:32 PM,2/10/2025 1:21:36 PM,,,2,,,,,,,
3908055,16-029162,2,False,0109,5/31/2016 5:55:00 PM,1755,14X,14,109,Oakland,1,True,True,E,HIT OBJECT,,Tuesday,,,,,False,False,False,,C,OTHER MOTOR VEHICLE,,1,0,CLEAR,,NO UNUSUAL CONDITIONS - NO UNUSUAL CONDITIONS,,A,DAYLIGHT,,,,,,,A,NO PEDESTRIANS INVOLVED,,A,22106,,1,LAKESHORE AV,1,,,A,S,170.0,MANDANA,F,,D,8/8/2024 3:04:32 PM,2/10/2025 1:21:35 PM,,,2,,,,,,,
3908050,16-025986,2,False,0109,5/15/2016 9:43:00 PM,2143,08X,14,109,Oakland,1,True,True,A,HEAD-ON,,Sunday,,,,,False,False,True,,C,OTHER MOTOR VEHICLE,,2,0,CLEAR,,NO UNUSUAL CONDITIONS - NO UNUSUAL CONDITIONS,,C,DARK-STREET LIGHTS,,,,,,,A,NO PEDESTRIANS INVOLVED,,A,21801A,,1,27TH ST,1,,,A,,,BROADWAY,,,A,8/8/2024 3:04:31 PM,2/10/2025 1:21:35 PM,,,2,,,,,,,
3908047,16-024549,2,False,0109,5/8/2016 8:25:00 PM,2025,27X,14,109,Oakland,1,True,True,B,SIDE SWIPE,,Sunday,,,M,,False,False,False,,C,OTHER MOTOR VEHICLE,,2,0,CLEAR,,NO UNUSUAL CONDITIONS - NO UNUSUAL CONDITIONS,,C,DARK-STREET LIGHTS,,,,,,,A,NO PEDESTRIANS INVOLVED,,A,21804A,,1,BOND ST,2,,,A,E,50.0,HIGH ST,F,,D,8/8/2024 3:04:31 PM,2/10/2025 1:21:35 PM,,,2,,,,,,,
3908027,16-027290,2,False,0109,5/22/2016 6:59:00 AM,659,35Y,14,109,Oakland,1,True,True,H,OTHER,,Sunday,,,,,False,False,False,,A,NON-COLLISION,,1,0,CLEAR,,NO UNUSUAL CONDITIONS - NO UNUSUAL CONDITIONS,,A,DAYLIGHT,,,,,,,A,NO PEDESTRIANS INVOLVED,,A,22350,,1,KELLER AV,2,,,A,S,100.0,GREENRIDGE DR,F,,D,8/8/2024 3:04:29 PM,2/10/2025 1:21:33 PM,,,2,,,,,,,
3908023,16-028567,2,False,0109,5/28/2016 10:53:00 AM,1053,13Y,14,109,Oakland,1,True,True,H,OTHER,,Saturday,,,,,False,False,False,,A,NON-COLLISION,,1,0,CLEAR,,NO UNUSUAL CONDITIONS - NO UNUSUAL CONDITIONS,,A,DAYLIGHT,,,,,,,A,NO PEDESTRIANS INVOLVED,,A,22350,,1,CLAREMONT AV,1,,,A,S,1000.0,GRIZZLY PEAK BL,F,,D,8/8/2024 3:04:29 PM,2/10/2025 1:21:32 PM,,,2,,,,,,,