collision-id,report-number,report-version,is-preliminary,ncic-code,crash-date-time,crash-time-description,beat,city-id,city-code,city-name,county-code,city-is-active,city-is-incorporated,collision-type-code,collision-type-description,collision-type-other-desc,day-of-week,dispatch-notified,has-photographs,hit-run,is-attachments-mailed,is-deleted,is-highway-related,is-tow-away,judicial-district,motor-vehicle-involved-with-code,motor-vehicle-involved-with-desc,motor-vehicle-involved-with-other-desc,number-injured,number-killed,weather-1,weather-2,road-condition-1,road-condition-2,special-condition-lighting-code,lighting-description,latitude,longitude,milepost-direction,milepost-distance,milepost-marker,milepost-unit-of-measure,pedestrian-action-code,pedestrian-action-desc,prepared-date,primary-collision-factor-code,primary-collision-factor-violation,primary-collision-factor-is-cited,primary-collision-party-number,primary-road,reporting-district,reporting-district-code,reviewed-date,roadway-surface-code,secondary-direction,secondary-distance,secondary-road,secondary-unit-of-measure,sketch-desc,traffic-control-device-code,created-date,modified-date,is-county-road,is-freeway,chp-555-version,is-additonal-object-struck,notification-date,notification-time-description,has-digital-media-files,evidence-number,is-location-refer-to-narrative,is-aoi-one-same-as-location
3912887,16-035321,2,False,0109,7/2/2016 4:00:00 AM,400,24X,14,109,Oakland,1,True,True,C,REAR END,,Saturday,,,M,,False,False,False,,E,PARKED MOTOR VEHICLE,,0,0,CLEAR,,NO UNUSUAL CONDITIONS - NO UNUSUAL CONDITIONS,,C,DARK-STREET LIGHTS,,,,,,,A,NO PEDESTRIANS INVOLVED,,A,23152A,,1,DALE PL,2,,,A,W,60.0,MINNA AV,F,,A,8/8/2024 3:10:59 PM,2/10/2025 2:02:28 PM,,,2,,,,,,,
3912885,16-030008,2,False,0109,6/4/2016 3:00:00 PM,1500,26X,14,109,Oakland,1,True,True,H,OTHER,,Saturday,,,,,False,False,False,,E,PARKED MOTOR VEHICLE,,0,0,CLEAR,,NO UNUSUAL CONDITIONS - NO UNUSUAL CONDITIONS,,A,DAYLIGHT,,,,,,,A,NO PEDESTRIANS INVOLVED,,A,22106,,1,62ND AV,2,,,A,S,100.0,INTERNATIONAL BL,F,,D,8/8/2024 3:10:59 PM,2/10/2025 2:02:28 PM,,,2,,,,,,,
3912880,16-030748,2,False,0109,6/8/2016 4:45:00 PM,1645,26X,14,109,Oakland,1,True,True,D,BROADSIDE,,Wednesday,,,M,,False,False,False,,C,OTHER MOTOR VEHICLE,,0,0,CLEAR,,NO UNUSUAL CONDITIONS - NO UNUSUAL CONDITIONS,,A,DAYLIGHT,,,,,,,A,NO PEDESTRIANS INVOLVED,,A,22107,,1,SAN LEANDRO ST,2,,,A,,,66TH AV,,,A,8/8/2024 3:10:58 PM,2/10/2025 2:02:28 PM,,,2,,,,,,,
3912877,16-030151,2,False,0109,6/5/2016 7:56:00 PM,1956,12Y,14,109,Oakland,1,True,True,B,SIDE SWIPE,,Sunday,,,,,False,False,False,,E,PARKED MOTOR VEHICLE,,0,0,CLEAR,,NO UNUSUAL CONDITIONS - NO UNUSUAL CONDITIONS,,B,DUSK-DAWN,,,,,,,A,NO PEDESTRIANS INVOLVED,,A,22107,,1,CHABOT RD,1,,,A,W,15.0,COLLEGE AV,F,,D,8/8/2024 3:10:58 PM,2/10/2025 2:02:27 PM,,,2,,,,,,,
3912872,16-029409,2,False,0109,6/1/2016 10:33:00 PM,2233,11X,14,109,Oakland,1,True,True,D,BROADSIDE,,Wednesday,,,,,False,False,False,,C,OTHER MOTOR VEHICLE,,0,0,CLEAR,,NO UNUSUAL CONDITIONS - NO UNUSUAL CONDITIONS,,C,DARK-STREET LIGHTS,,,,,,,A,NO PEDESTRIANS INVOLVED,,A,21453A,,1,55TH ST,1,,,A,,,MARTIN LUTHER KING JR WY,,,A,8/8/2024 3:10:58 PM,2/10/2025 2:02:27 PM,,,2,,,,,,,
3912871,16-029781,2,False,0109,6/3/2016 5:10:00 PM,1710,22X,14,109,Oakland,1,True,True,C,REAR END,,Friday,,,,,False,False,False,,C,OTHER MOTOR VEHICLE,,0,0,CLEAR,,NO UNUSUAL CONDITIONS - NO UNUSUAL CONDITIONS,,A,DAYLIGHT,,,,,,,A,NO PEDESTRIANS INVOLVED,,A,22350,,1,MACARTHUR BL,2,,,A,E,50.0,LAUREL,F,,D,8/8/2024 3:10:57 PM,2/10/2025 2:02:27 PM,,,2,,,,,,,
3912868,16-031516,2,False,0109,6/12/2016 9:08:00 PM,2108,26X,14,109,Oakland,1,True,True,D,BROADSIDE,,Sunday,,,,,False,False,True,,E,PARKED MOTOR VEHICLE,,0,0,CLEAR,,NO UNUSUAL CONDITIONS - NO UNUSUAL CONDITIONS,,C,DARK-STREET LIGHTS,,,,,,,A,NO PEDESTRIANS INVOLVED,,A,22107,,1,66TH AV,2,,,A,S,15.0,FLORA,F,,A,8/8/2024 3:10:57 PM,2/10/2025 2:02:27 PM,,,2,,,,,,,
3912861,16-031429,2,False,0109,6/12/2016 1:35:00 PM,1335,23X,14,109,Oakland,1,True,True,D,BROADSIDE,,Sunday,,,,,False,False,False,,C,OTHER MOTOR VEHICLE,,0,0,CLEAR,,NO UNUSUAL CONDITIONS - NO UNUSUAL CONDITIONS,,A,DAYLIGHT,,,,,,,A,NO PEDESTRIANS INVOLVED,,A,22106,,1,38TH AV,2,,,A,N,325.0,INTERNATIONAL BL,F,,D,8/8/2024 3:10:57 PM,2/10/2025 2:02:27 PM,,,2,,,,,,,
3912857,16-030824,2,False,0109,6/9/2016 8:50:00 AM,850,23X,14,109,Oakland,1,True,True,D,BROADSIDE,,Thursday,,,,,False,False,False,,C,OTHER MOTOR VEHICLE,,0,0,CLOUDY,,NO UNUSUAL CONDITIONS - NO UNUSUAL CONDITIONS,,A,DAYLIGHT,,,,,,,A,NO PEDESTRIANS INVOLVED,,A,21801A,,1,SAN LEANDRO ST,2,,,A,N,3.0,42ND AV,F,,D,8/8/2024 3:10:56 PM,2/10/2025 2:02:27 PM,,,2,,,,,,,
3912855,16-029439,2,False,0109,6/2/2016 3:22:00 AM,322,01X,14,109,Oakland,1,True,True,B,SIDE SWIPE,,Thursday,,,,,False,False,False,,C,OTHER MOTOR VEHICLE,,0,0,CLEAR,,NO UNUSUAL CONDITIONS - NO UNUSUAL CONDITIONS,,C,DARK-STREET LIGHTS,,,,,,,A,NO PEDESTRIANS INVOLVED,,A,22450A,,,3RD ST,1,,,A,,,FRANKLIN ST,,,A,8/8/2024 3:10:56 PM,2/10/2025 2:02:27 PM,,,2,,,,,,,
3912844,16-030677,2,False,0109,6/8/2016 1:35:00 PM,1335,26Y,14,109,Oakland,1,True,True,C,REAR END,,Wednesday,,,,,False,False,False,,C,OTHER MOTOR VEHICLE,,0,0,CLEAR,,NO UNUSUAL CONDITIONS - NO UNUSUAL CONDITIONS,,A,DAYLIGHT,,,,,,,A,NO PEDESTRIANS INVOLVED,,A,21703,,1,INTERNATIONAL BL,2,,,A,,,73RD AV,,,A,8/8/2024 3:10:55 PM,2/10/2025 2:02:26 PM,,,2,,,,,,,
3912840,16-031028,2,False,0109,6/10/2016 7:29:00 AM,729,08X,14,109,Oakland,1,True,True,C,REAR END,,Friday,,,M,,False,False,False,,E,PARKED MOTOR VEHICLE,,0,0,CLEAR,,NO UNUSUAL CONDITIONS - NO UNUSUAL CONDITIONS,,A,DAYLIGHT,,,,,,,A,NO PEDESTRIANS INVOLVED,,A,22107,,1,BROADWAY,1,,,A,S,100.0,29TH ST,F,,D,8/8/2024 3:10:55 PM,2/10/2025 2:02:26 PM,,,2,,,,,,,
3912832,16-034506,2,False,0109,6/28/2016 8:25:00 AM,825,30X,14,109,Oakland,1,True,True,C,REAR END,,Tuesday,,,,,False,False,False,,E,PARKED MOTOR VEHICLE,,0,0,CLEAR,,NO UNUSUAL CONDITIONS - NO UNUSUAL CONDITIONS,,A,DAYLIGHT,,,,,,,A,NO PEDESTRIANS INVOLVED,,A,22107,,1,BANCROFT AV,2,,,A,E,10.0,76TH AV,F,,D,8/8/2024 3:10:54 PM,2/10/2025 2:02:26 PM,,,2,,,,,,,
3912829,16-031931,2,False,0109,6/14/2016 11:38:00 PM,2338,10Y,14,109,Oakland,1,True,True,E,HIT OBJECT,,Tuesday,,,,,False,False,True,,I,FIXED OBJECT,,0,0,CLEAR,,NO UNUSUAL CONDITIONS - NO UNUSUAL CONDITIONS,,C,DARK-STREET LIGHTS,,,,,,,A,NO PEDESTRIANS INVOLVED,,A,23152A,,1,SAN PABLO AV,1,,,A,N,13.0,AILEEN ST,F,,D,8/8/2024 3:10:54 PM,2/10/2025 2:02:26 PM,,,2,,,,,,,
3912826,16-026843,2,False,0109,5/19/2016 5:30:00 PM,1730,23X,14,109,Oakland,1,True,True,D,BROADSIDE,,Thursday,,,,,False,False,True,,C,OTHER MOTOR VEHICLE,,2,0,CLEAR,,NO UNUSUAL CONDITIONS - NO UNUSUAL CONDITIONS,,A,DAYLIGHT,,,,,,,A,NO PEDESTRIANS INVOLVED,,A,21802A,,1,40TH AV,2,,,A,,,SAN LEANDRO ST,,,A,8/8/2024 3:10:53 PM,2/10/2025 2:02:26 PM,,,2,,,,,,,
3912825,16-030425,2,False,0109,6/7/2016 12:05:00 PM,1205,28X,14,109,Oakland,1,True,True,E,HIT OBJECT,,Tuesday,,,M,,False,False,True,,I,FIXED OBJECT,,0,0,CLEAR,,NO UNUSUAL CONDITIONS - NO UNUSUAL CONDITIONS,,A,DAYLIGHT,,,,,,,A,NO PEDESTRIANS INVOLVED,,A,22107,,1,TRASK ST,2,,,A,E,3.0,COLE ST,F,,D,8/8/2024 3:10:53 PM,2/10/2025 2:02:26 PM,,,2,,,,,,,
3912820,16-026172,2,False,0109,5/16/2016 7:28:00 PM,1928,13Z,14,109,Oakland,1,True,True,F,OVERTURNED,,Monday,,,,,False,False,False,,A,NON-COLLISION,,1,0,CLEAR,,NO UNUSUAL CONDITIONS - NO UNUSUAL CONDITIONS,,A,DAYLIGHT,,,,,,,A,NO PEDESTRIANS INVOLVED,,A,22350,,1,MORAGA AV,1,,,A,,,MORAGA AV 5720,,,D,8/8/2024 3:10:53 PM,2/10/2025 2:02:25 PM,,,2,,,,,,,
3912818,16-029953,2,False,0109,6/4/2016 4:35:00 PM,1635,19X,14,109,Oakland,1,True,True,C,REAR END,,Saturday,,,M,,False,False,False,,E,PARKED MOTOR VEHICLE,,0,0,CLEAR,,NO UNUSUAL CONDITIONS - NO UNUSUAL CONDITIONS,,A,DAYLIGHT,,,,,,,A,NO PEDESTRIANS INVOLVED,,A,22350,,1,19TH AV,1,,,A,N,25.0,INTERNATIONAL BL,F,,D,8/8/2024 3:10:53 PM,2/10/2025 2:02:25 PM,,,2,,,,,,,
3912817,16-027306,2,False,0109,5/22/2016 8:40:00 AM,840,17X,14,109,Oakland,1,True,True,D,BROADSIDE,,Sunday,,,,,False,False,False,,C,OTHER MOTOR VEHICLE,,2,0,CLOUDY,,NO UNUSUAL CONDITIONS - NO UNUSUAL CONDITIONS,,A,DAYLIGHT,,,,,,,A,NO PEDESTRIANS INVOLVED,,A,21802A,,1,13TH AV,1,,,A,E,20.0,22ND ST,F,,A,8/8/2024 3:10:52 PM,2/10/2025 2:02:25 PM,,,2,,,,,,,
3912813,16-028268,2,False,0109,5/26/2016 5:24:00 PM,1724,09X,14,109,Oakland,1,True,True,H,OTHER,,Thursday,,,,,False,False,False,,G,BICYCLE,,1,0,CLEAR,,NO UNUSUAL CONDITIONS - NO UNUSUAL CONDITIONS,,A,DAYLIGHT,,,,,,,A,NO PEDESTRIANS INVOLVED,,A,21202A,,1,PIEDMONT AV,1,,,A,,,MACARTHUR BL,,,A,8/8/2024 3:10:52 PM,2/10/2025 2:02:25 PM,,,2,,,,,,,
3912806,16-029204,2,False,0109,5/31/2016 9:49:00 PM,2149,30X,14,109,Oakland,1,True,True,D,BROADSIDE,,Tuesday,,,M,,False,False,False,,C,OTHER MOTOR VEHICLE,,1,0,CLEAR,,NO UNUSUAL CONDITIONS - NO UNUSUAL CONDITIONS,,C,DARK-STREET LIGHTS,,,,,,,A,NO PEDESTRIANS INVOLVED,,A,22450A,,1,GARFIELD AV,2,,,A,,,74TH AV,,,A,8/8/2024 3:10:51 PM,2/10/2025 2:02:25 PM,,,2,,,,,,,
3912804,16-027156,2,False,0109,5/21/2016 1:00:00 AM,100,27X,14,109,Oakland,1,True,True,C,REAR END,,Saturday,,,M,,False,False,False,,E,PARKED MOTOR VEHICLE,,0,0,CLOUDY,,HOLES- DEEPRUT* - HOLES- DEEPRUT*,,A,DAYLIGHT,,,,,,,A,NO PEDESTRIANS INVOLVED,,A,22107,,1,HILTON ST,2,,,A,E,50.0,SEMINARY,F,,D,8/8/2024 3:10:51 PM,2/10/2025 2:02:25 PM,,,2,,,,,,,
3912801,16-028811,2,False,0109,5/29/2016 9:01:00 PM,2101,20X,14,109,Oakland,1,True,True,C,REAR END,,Sunday,,,,,False,False,False,,C,OTHER MOTOR VEHICLE,,1,0,CLEAR,,NO UNUSUAL CONDITIONS - NO UNUSUAL CONDITIONS,,C,DARK-STREET LIGHTS,,,,,,,A,NO PEDESTRIANS INVOLVED,,A,21453A,,,E 12TH ST,1,,,A,,,DERBY AV,,,A,8/8/2024 3:10:51 PM,2/10/2025 2:02:25 PM,,,2,,,,,,,
3912800,16-027867,2,False,0109,5/25/2016 12:41:00 AM,41,32X,14,109,Oakland,1,True,True,E,HIT OBJECT,,Wednesday,,,M,,False,False,True,,I,FIXED OBJECT,,0,0,CLEAR,,NO UNUSUAL CONDITIONS - NO UNUSUAL CONDITIONS,,C,DARK-STREET LIGHTS,,,,,,,A,NO PEDESTRIANS INVOLVED,,A,22107,,1,MACARTHUR BL,2,,,A,W,40.0,106TH AV,F,,A,8/8/2024 3:10:51 PM,2/10/2025 2:02:25 PM,,,2,,,,,,,
3912798,16-025163,2,False,0109,5/11/2016 5:09:00 PM,1709,11X,14,109,Oakland,1,True,True,C,REAR END,,Wednesday,,,,,False,False,False,,C,OTHER MOTOR VEHICLE,,2,0,CLEAR,,NO UNUSUAL CONDITIONS - NO UNUSUAL CONDITIONS,,A,DAYLIGHT,,,,,,,A,NO PEDESTRIANS INVOLVED,,A,22350,,1,MARTIN LUTHER KING JR WY,1,,,A,S,60.0,54TH ST,F,,D,8/8/2024 3:10:51 PM,2/10/2025 2:02:25 PM,,,2,,,,,,,
3912796,16-029157,2,False,0109,5/31/2016 5:43:00 PM,1743,30X,14,109,Oakland,1,True,True,E,HIT OBJECT,,Tuesday,,,,,False,False,False,,I,FIXED OBJECT,,0,0,CLEAR,,NO UNUSUAL CONDITIONS - NO UNUSUAL CONDITIONS,,A,DAYLIGHT,,,,,,,A,NO PEDESTRIANS INVOLVED,,A,22515A,,1,73RD AV,2,,,A,N,9.0,HOLLY,F,,D,8/8/2024 3:10:51 PM,2/10/2025 2:02:25 PM,,,2,,,,,,,
3912794,16-026506,2,False,0109,5/18/2016 9:08:00 AM,908,8X,14,109,Oakland,1,True,True,B,SIDE SWIPE,,Wednesday,,,,,False,False,False,,G,BICYCLE,,1,0,CLEAR,,NO UNUSUAL CONDITIONS - NO UNUSUAL CONDITIONS,,A,DAYLIGHT,,,,,,,A,NO PEDESTRIANS INVOLVED,,C,,,,40TH ST,1,,,A,W,400.0,TELEGRAPH AV,F,,A,8/8/2024 3:10:50 PM,2/10/2025 2:02:25 PM,,,2,,,,,,,
3912792,16-027333,2,False,0109,5/22/2016 12:54:00 PM,1254,35X,14,109,Oakland,1,True,True,D,BROADSIDE,,Sunday,,,,,False,False,True,,C,OTHER MOTOR VEHICLE,,2,0,CLEAR,,NO UNUSUAL CONDITIONS - NO UNUSUAL CONDITIONS,,A,DAYLIGHT,,,,,,,A,NO PEDESTRIANS INVOLVED,,A,21802A,,1,BANCROFT AV,2,,,A,,,94TH AV,,,A,8/8/2024 3:10:50 PM,2/10/2025 2:02:24 PM,,,2,,,,,,,
3912790,16-024993,2,False,0109,5/10/2016 4:30:00 AM,430,30X,14,109,Oakland,1,True,True,A,HEAD-ON,,Tuesday,,,M,,False,False,False,,E,PARKED MOTOR VEHICLE,,0,0,CLEAR,,NO UNUSUAL CONDITIONS - NO UNUSUAL CONDITIONS,,C,DARK-STREET LIGHTS,,,,,,,A,NO PEDESTRIANS INVOLVED,,A,22107,,1,GARFIELD AV,2,,,A,W,20.0,79TH AV,F,,A,8/8/2024 3:10:50 PM,2/10/2025 2:02:25 PM,,,2,,,,,,,
3912788,16-024562,2,False,0109,5/8/2016 9:55:00 PM,2155,18Y,14,109,Oakland,1,True,True,D,BROADSIDE,,Sunday,,,,,False,False,True,,C,OTHER MOTOR VEHICLE,,0,0,CLEAR,,NO UNUSUAL CONDITIONS - NO UNUSUAL CONDITIONS,,C,DARK-STREET LIGHTS,,,,,,,A,NO PEDESTRIANS INVOLVED,,A,21453A,,1,14TH AV,1,,,A,,,FOOTHILL BL,,,A,8/8/2024 3:10:50 PM,2/10/2025 2:02:24 PM,,,2,,,,,,,
3912782,16-029201,2,False,0109,5/31/2016 10:05:00 PM,2205,18X,14,109,Oakland,1,True,True,E,HIT OBJECT,,Tuesday,,,,,False,False,True,,I,FIXED OBJECT,,0,0,CLEAR,,NO UNUSUAL CONDITIONS - NO UNUSUAL CONDITIONS,,C,DARK-STREET LIGHTS,,,,,,,A,NO PEDESTRIANS INVOLVED,,A,22107,,1,E 27TH ST,1,,,A,W,6.0,23RD AV,F,,A,8/8/2024 3:10:50 PM,2/10/2025 2:02:24 PM,,,2,,,,,,,
3912781,16-032654,2,False,0109,6/18/2016 6:59:00 PM,1859,12X,14,109,Oakland,1,True,True,H,OTHER,,Saturday,,,,,False,False,False,,G,BICYCLE,,0,0,CLEAR,,NO UNUSUAL CONDITIONS - NO UNUSUAL CONDITIONS,,A,DAYLIGHT,,,,,,,A,NO PEDESTRIANS INVOLVED,,C,,,,TELEGRAPH AV,1,,,A,,,48TH ST,,,A,8/8/2024 3:10:50 PM,2/10/2025 2:02:24 PM,,,2,,,,,,,
3912780,16-023222,2,False,0109,5/2/2016 1:49:00 AM,149,09X,14,109,Oakland,1,True,True,B,SIDE SWIPE,,Monday,,,M,,False,False,False,,E,PARKED MOTOR VEHICLE,,0,0,CLEAR,,NO UNUSUAL CONDITIONS - NO UNUSUAL CONDITIONS,,C,DARK-STREET LIGHTS,,,,,,,A,NO PEDESTRIANS INVOLVED,,A,22107,,1,HOWE ST,1,,,A,N,600.0,JOHN,F,,D,8/8/2024 3:10:49 PM,2/10/2025 2:02:24 PM,,,2,,,,,,,
3912779,16-030371,2,False,0109,6/7/2016 7:58:00 AM,758,05X,14,109,Oakland,1,True,True,D,BROADSIDE,,Tuesday,,,,,False,False,True,,C,OTHER MOTOR VEHICLE,,0,0,CLEAR,,NO UNUSUAL CONDITIONS - NO UNUSUAL CONDITIONS,,A,DAYLIGHT,,,,,,,A,NO PEDESTRIANS INVOLVED,,A,22350,,1,PERALTA ST,1,,,A,N,45.0,16TH ST,F,,D,8/8/2024 3:10:49 PM,2/10/2025 2:02:24 PM,,,2,,,,,,,
3912774,16-029319,2,False,0109,6/1/2016 12:56:00 PM,1256,33X,14,109,Oakland,1,True,True,C,REAR END,,Wednesday,,,,,False,False,False,,E,PARKED MOTOR VEHICLE,,0,0,CLEAR,,NO UNUSUAL CONDITIONS - NO UNUSUAL CONDITIONS,,A,DAYLIGHT,,,,,,,A,NO PEDESTRIANS INVOLVED,,A,22107,,1,INTERNATIONAL BL,2,,,A,E,120.0,9TH AV,F,,D,8/8/2024 3:10:49 PM,2/10/2025 2:02:24 PM,,,2,,,,,,,
3912770,16-026585,2,False,0109,5/18/2016 1:26:00 PM,1326,06X,14,109,Oakland,1,True,True,B,SIDE SWIPE,,Wednesday,,,,,False,False,True,,C,OTHER MOTOR VEHICLE,,0,0,CLEAR,,OBSTRUCTION ON ROADWAY* - OBSTRUCTION ON ROADWAY*,,A,DAYLIGHT,,,,,,,A,NO PEDESTRIANS INVOLVED,,A,22450A,,1,WEST GRAND AV,1,,,A,,,SAN PABLO AV,,,A,8/8/2024 3:10:49 PM,2/10/2025 2:02:24 PM,,,2,,,,,,,
3912765,16-023362,2,False,0109,5/2/2016 7:06:00 PM,1906,18X,14,109,Oakland,1,True,True,D,BROADSIDE,,Monday,,,,,False,False,False,,C,OTHER MOTOR VEHICLE,,0,0,CLEAR,,NO UNUSUAL CONDITIONS - NO UNUSUAL CONDITIONS,,A,DAYLIGHT,,,,,,,A,NO PEDESTRIANS INVOLVED,,A,21802A,,1,E 32ND ST,1,,,A,,,14TH AV,,,B,8/8/2024 3:10:48 PM,2/10/2025 2:02:24 PM,,,2,,,,,,,
3912746,16-027273,2,False,0109,5/22/2016 1:35:00 AM,135,08X,14,109,Oakland,1,True,True,D,BROADSIDE,,Sunday,,,,,False,False,False,,C,OTHER MOTOR VEHICLE,,0,0,CLEAR,,NO UNUSUAL CONDITIONS - NO UNUSUAL CONDITIONS,,C,DARK-STREET LIGHTS,,,,,,,A,NO PEDESTRIANS INVOLVED,,A,21802A,,1,BROADWAY,1,,,A,,,23RD ST,,,A,8/8/2024 3:10:46 PM,2/10/2025 2:02:23 PM,,,2,,,,,,,
3912721,16-028951,2,False,0109,5/30/2016 7:29:00 PM,1929,08X,14,109,Oakland,1,True,True,D,BROADSIDE,,Monday,,,,,False,False,True,,C,OTHER MOTOR VEHICLE,,0,0,CLEAR,,NO UNUSUAL CONDITIONS - NO UNUSUAL CONDITIONS,,A,DAYLIGHT,,,,,,,A,NO PEDESTRIANS INVOLVED,,A,21453A,,1,NORTHGATE AV,1,,,A,,,27TH ST,,,A,8/8/2024 3:10:44 PM,2/10/2025 2:02:22 PM,,,2,,,,,,,
3912718,16-027478,2,False,0109,5/23/2016 8:32:00 AM,832,32X,14,109,Oakland,1,True,True,C,REAR END,,Monday,,,M,,False,False,True,,C,OTHER MOTOR VEHICLE,,0,0,CLEAR,,OTHER* - OTHER*,,A,DAYLIGHT,,,,,,,A,NO PEDESTRIANS INVOLVED,,A,22350,,1,SAN LEANDRO ST,2,,,A,E,1584.0,98TH AV,F,,D,8/8/2024 3:10:44 PM,2/10/2025 2:02:22 PM,,,2,,,,,,,
3912536,16-044683,2,False,0109,8/23/2016 10:34:00 AM,1034,13X,14,109,Oakland,1,True,True,E,HIT OBJECT,,Tuesday,,,,,False,False,True,,I,FIXED OBJECT,,1,0,CLEAR,,NO UNUSUAL CONDITIONS - NO UNUSUAL CONDITIONS,,A,DAYLIGHT,,,,,,,A,NO PEDESTRIANS INVOLVED,,A,22106,,1,ASCOT DR,1,,,A,S,165.0,SKYLINE BL,F,,D,8/8/2024 3:10:29 PM,2/10/2025 2:02:16 PM,,,2,,,,,,,
3912532,16-040655,2,False,0109,8/1/2016 11:19:00 AM,1119,31X,14,109,Oakland,1,True,True,G,VEHICLE/PEDESTRAIN,,Monday,,,F,,False,False,False,,B,PEDESTRIAN,,1,0,CLEAR,,NO UNUSUAL CONDITIONS - NO UNUSUAL CONDITIONS,,A,DAYLIGHT,,,,,,,E,IN ROAD - INCLUDES SHOULDER,,A,22350,,1,MADDUX DR,2,,,A,,,HAZELWOOD CT,,,D,8/8/2024 3:10:29 PM,2/10/2025 2:02:16 PM,,,2,,,,,,,
3912530,16-042193,2,False,0109,8/9/2016 9:24:00 PM,2124,26X,14,109,Oakland,1,True,True,E,HIT OBJECT,,Tuesday,,,,,False,False,False,,I,FIXED OBJECT,,1,0,CLEAR,,NO UNUSUAL CONDITIONS - NO UNUSUAL CONDITIONS,,C,DARK-STREET LIGHTS,,,,,,,A,NO PEDESTRIANS INVOLVED,,A,23152A,,1,ZHONE WY,2,,,A,S,4.0,OAKPORT ST,F,,A,8/8/2024 3:10:29 PM,2/10/2025 2:02:16 PM,,,2,,,,,,,
3912484,16-041883,2,False,0109,8/8/2016 3:27:00 AM,327,30X,14,109,Oakland,1,True,True,C,REAR END,,Monday,,,M,,False,False,False,,E,PARKED MOTOR VEHICLE,,0,0,CLEAR,,NO UNUSUAL CONDITIONS - NO UNUSUAL CONDITIONS,,A,DAYLIGHT,,,,,,,A,NO PEDESTRIANS INVOLVED,,A,22107,,1,INTERNATIONAL BL,2,,,A,W,200.0,80TH AV,F,,D,8/8/2024 3:10:25 PM,2/10/2025 2:02:14 PM,,,2,,,,,,,
3912480,16-031242,2,False,0109,6/11/2016 10:53:00 AM,1053,19X,14,109,Oakland,1,True,True,D,BROADSIDE,,Saturday,,,,,False,False,False,,C,OTHER MOTOR VEHICLE,,0,0,CLEAR,,NO UNUSUAL CONDITIONS - NO UNUSUAL CONDITIONS,,A,DAYLIGHT,,,,,,,A,NO PEDESTRIANS INVOLVED,,A,21801A,,1,14TH AV,1,,,A,,,INTERNATIONAL BL,,,A,8/8/2024 3:10:24 PM,2/10/2025 2:02:14 PM,,,2,,,,,,,
3912435,16-04089,2,False,0109,7/31/2016 11:00:00 AM,1100,31X,14,109,Oakland,1,True,True,B,SIDE SWIPE,,Sunday,,,M,,False,False,False,,C,OTHER MOTOR VEHICLE,,0,0,CLEAR,,NO UNUSUAL CONDITIONS - NO UNUSUAL CONDITIONS,,A,DAYLIGHT,,,,,,,A,NO PEDESTRIANS INVOLVED,,A,21801A,,1,105TH AV,2,,,A,,,EDES AV,,,A,8/8/2024 3:10:21 PM,2/10/2025 2:02:12 PM,,,2,,,,,,,
3912424,16-041081,2,False,0109,8/3/2016 7:19:00 PM,1919,02X,14,109,Oakland,1,True,True,B,SIDE SWIPE,,Wednesday,,,M,,False,False,True,,E,PARKED MOTOR VEHICLE,,0,0,CLEAR,,NO UNUSUAL CONDITIONS - NO UNUSUAL CONDITIONS,,A,DAYLIGHT,,,,,,,A,NO PEDESTRIANS INVOLVED,,A,22107,,1,MANDELA PKWY,1,,,A,N,58.0,10TH ST,F,,A,8/8/2024 3:10:20 PM,2/10/2025 2:02:12 PM,,,2,,,,,,,
3912277,16-044642,2,False,0109,8/23/2016 7:55:00 AM,755,26X,14,109,Oakland,1,True,True,D,BROADSIDE,,Tuesday,,,,,False,False,True,,C,OTHER MOTOR VEHICLE,,1,0,CLEAR,,NO UNUSUAL CONDITIONS - NO UNUSUAL CONDITIONS,,A,DAYLIGHT,,,,,,,A,NO PEDESTRIANS INVOLVED,,A,21801A,,1,COLISEUM WY,2,,,A,,,JULIE ANN WY,,,A,8/8/2024 3:10:07 PM,2/10/2025 2:02:06 PM,,,2,,,,,,,
3912188,16-038650,2,False,0109,7/20/2016 7:47:00 PM,1947,22X,14,109,Oakland,1,True,True,D,BROADSIDE,,Wednesday,,,,,False,False,False,,C,OTHER MOTOR VEHICLE,,0,0,CLEAR,,,,A,DAYLIGHT,,,,,,,A,NO PEDESTRIANS INVOLVED,,A,21453A,,1,FRUITVALE AV,1,,,A,,,MONTANA ST,,,A,8/8/2024 3:10:00 PM,2/10/2025 1:28:03 PM,,,2,,,,,,,
3912182,16-038643,2,False,0109,7/20/2016 6:37:00 PM,1837,14X,14,109,Oakland,1,True,True,B,SIDE SWIPE,,Wednesday,,,,,False,False,False,,C,OTHER MOTOR VEHICLE,,0,0,CLEAR,,NO UNUSUAL CONDITIONS - NO UNUSUAL CONDITIONS,,A,DAYLIGHT,,,,,,,A,NO PEDESTRIANS INVOLVED,,A,21658A,,1,GRAND AV,1,,,A,W,100.0,EUCLID AV,F,,D,8/8/2024 3:09:59 PM,2/10/2025 1:28:03 PM,,,2,,,,,,,
3912180,16-038559,2,False,0109,7/20/2016 10:10:00 AM,1010,08X,14,109,Oakland,1,True,True,B,SIDE SWIPE,,Wednesday,,,,,False,False,False,,C,OTHER MOTOR VEHICLE,,0,0,CLEAR,,NO UNUSUAL CONDITIONS - NO UNUSUAL CONDITIONS,,A,DAYLIGHT,,,,,,,A,NO PEDESTRIANS INVOLVED,,A,22107,,1,TELEGRAPH AV,1,,,A,,,TELEGRAPH AV 2934,,,D,8/8/2024 3:09:59 PM,2/10/2025 1:28:02 PM,,,2,,,,,,,
3912175,16-038300,2,False,0109,7/19/2016 7:27:00 AM,727,05X,14,109,Oakland,1,True,True,D,BROADSIDE,,Tuesday,,,,,False,False,False,,C,OTHER MOTOR VEHICLE,,0,0,CLEAR,,NO UNUSUAL CONDITIONS - NO UNUSUAL CONDITIONS,,A,DAYLIGHT,,,,,,,A,NO PEDESTRIANS INVOLVED,,D,,,,BRUSH ST,1,,,A,,,18TH ST,,,A,8/8/2024 3:09:58 PM,2/10/2025 1:28:02 PM,,,2,,,,,,,