collision-id,report-number,report-version,is-preliminary,ncic-code,crash-date-time,crash-time-description,beat,city-id,city-code,city-name,county-code,city-is-active,city-is-incorporated,collision-type-code,collision-type-description,collision-type-other-desc,day-of-week,dispatch-notified,has-photographs,hit-run,is-attachments-mailed,is-deleted,is-highway-related,is-tow-away,judicial-district,motor-vehicle-involved-with-code,motor-vehicle-involved-with-desc,motor-vehicle-involved-with-other-desc,number-injured,number-killed,weather-1,weather-2,road-condition-1,road-condition-2,special-condition-lighting-code,lighting-description,latitude,longitude,milepost-direction,milepost-distance,milepost-marker,milepost-unit-of-measure,pedestrian-action-code,pedestrian-action-desc,prepared-date,primary-collision-factor-code,primary-collision-factor-violation,primary-collision-factor-is-cited,primary-collision-party-number,primary-road,reporting-district,reporting-district-code,reviewed-date,roadway-surface-code,secondary-direction,secondary-distance,secondary-road,secondary-unit-of-measure,sketch-desc,traffic-control-device-code,created-date,modified-date,is-county-road,is-freeway,chp-555-version,is-additonal-object-struck,notification-date,notification-time-description,has-digital-media-files,evidence-number,is-location-refer-to-narrative,is-aoi-one-same-as-location
3975663,16-050423,2,False,0109,9/22/2016 10:05:00 AM,1005,17X,14,109,Oakland,1,True,True,D,BROADSIDE,,Thursday,,,,,False,False,False,,C,OTHER MOTOR VEHICLE,,0,0,CLEAR,,NO UNUSUAL CONDITIONS - NO UNUSUAL CONDITIONS,,A,DAYLIGHT,,,,,,,A,NO PEDESTRIANS INVOLVED,,A,21802A,,1,9TH AV,1,,,A,,,21ST ST,,,A,8/8/2024 5:34:11 PM,2/10/2025 2:51:59 PM,,,2,,,,,,,
3975658,16-051662,2,False,0109,9/28/2016 4:54:00 PM,1654,06X,14,109,Oakland,1,True,True,C,REAR END,,Wednesday,,,,,False,False,False,,C,OTHER MOTOR VEHICLE,,0,0,CLEAR,,NO UNUSUAL CONDITIONS - NO UNUSUAL CONDITIONS,,A,DAYLIGHT,,,,,,,A,NO PEDESTRIANS INVOLVED,,A,22350,,1,WEST ST,1,,,A,,,37TH ST,,,A,8/8/2024 5:34:10 PM,2/10/2025 2:51:59 PM,,,2,,,,,,,
3975654,16-048773,2,False,0109,9/13/2016 2:15:00 PM,1415,05X,14,109,Oakland,1,True,True,D,BROADSIDE,,Tuesday,,,M,,False,False,False,,C,OTHER MOTOR VEHICLE,,0,0,CLEAR,,NO UNUSUAL CONDITIONS - NO UNUSUAL CONDITIONS,,A,DAYLIGHT,,,,,,,A,NO PEDESTRIANS INVOLVED,,A,22450A,,1,18TH ST,1,,,A,,,WEST ST,,,D,8/8/2024 5:34:09 PM,2/10/2025 2:51:59 PM,,,2,,,,,,,
3975650,16-050305,2,False,0109,9/21/2016 4:29:00 PM,1629,24X,14,109,Oakland,1,True,True,C,REAR END,,Wednesday,,,M,,False,False,True,,E,PARKED MOTOR VEHICLE,,0,0,CLEAR,,NO UNUSUAL CONDITIONS - NO UNUSUAL CONDITIONS,,A,DAYLIGHT,,,,,,,A,NO PEDESTRIANS INVOLVED,,A,22107,,1,40TH AV,2,,,A,S,30.0,SAN JUAN ST,F,,D,8/8/2024 5:34:09 PM,2/10/2025 2:51:59 PM,,,2,,,,,,,
3975647,16-049274,2,False,0109,9/16/2016 12:07:00 AM,7,35X,14,109,Oakland,1,True,True,C,REAR END,,Friday,,,M,,False,False,False,,E,PARKED MOTOR VEHICLE,,0,0,CLEAR,,NO UNUSUAL CONDITIONS - NO UNUSUAL CONDITIONS,,C,DARK-STREET LIGHTS,,,,,,,A,NO PEDESTRIANS INVOLVED,,A,22515A,,1,84TH AV,2,,,A,N,25.0,DOWLING ST,F,,A,8/8/2024 5:34:09 PM,2/10/2025 2:51:58 PM,,,2,,,,,,,
3975643,16-051021,2,False,0109,9/25/2016 12:40:00 PM,1240,03X,14,109,Oakland,1,True,True,C,REAR END,,Sunday,,,,,False,False,False,,C,OTHER MOTOR VEHICLE,,0,0,CLEAR,,NO UNUSUAL CONDITIONS - NO UNUSUAL CONDITIONS,,A,DAYLIGHT,,,,,,,A,NO PEDESTRIANS INVOLVED,,A,22350,,1,HARRISON ST,1,,,A,N,8.0,13TH ST,F,,A,8/8/2024 5:34:08 PM,2/10/2025 2:51:58 PM,,,2,,,,,,,
3975639,16-050161,2,False,0109,9/21/2016 2:59:00 AM,259,32Y,14,109,Oakland,1,True,True,B,SIDE SWIPE,,Wednesday,,,M,,False,False,True,,E,PARKED MOTOR VEHICLE,,0,0,CLEAR,,NO UNUSUAL CONDITIONS - NO UNUSUAL CONDITIONS,,C,DARK-STREET LIGHTS,,,,,,,A,NO PEDESTRIANS INVOLVED,,A,22107,,1,106TH AV,2,,,A,N,200.0,MACARTHUR BL,F,,D,8/8/2024 5:34:07 PM,2/10/2025 2:51:58 PM,,,2,,,,,,,
3975635,16-048525,2,False,0109,9/12/2016 12:43:00 PM,1243,09X,14,109,Oakland,1,True,True,B,SIDE SWIPE,,Monday,,,,,False,False,False,,C,OTHER MOTOR VEHICLE,,0,0,CLEAR,,NO UNUSUAL CONDITIONS - NO UNUSUAL CONDITIONS,,A,DAYLIGHT,,,,,,,A,NO PEDESTRIANS INVOLVED,,A,21801A,,1,KEMPTON WY,1,,,A,,,WEST MACARTHUR BL,,,D,8/8/2024 5:34:06 PM,2/10/2025 2:51:58 PM,,,2,,,,,,,
3975632,16-048447,2,False,0109,9/11/2016 11:47:00 PM,2347,04X,14,109,Oakland,1,True,True,A,HEAD-ON,,Sunday,,,,,False,False,False,,C,OTHER MOTOR VEHICLE,,0,0,CLEAR,,NO UNUSUAL CONDITIONS - NO UNUSUAL CONDITIONS,,C,DARK-STREET LIGHTS,,,,,,,A,NO PEDESTRIANS INVOLVED,,A,22450A,,1,17TH ST,1,,,A,,,ALICE ST,,,D,8/8/2024 5:34:06 PM,2/10/2025 2:51:57 PM,,,2,,,,,,,
3974348,16-049650,2,False,0109,9/18/2016 4:47:00 PM,1647,04X,14,109,Oakland,1,True,True,D,BROADSIDE,,Sunday,,,,,False,False,False,,C,OTHER MOTOR VEHICLE,,0,0,CLEAR,,NO UNUSUAL CONDITIONS - NO UNUSUAL CONDITIONS,,A,DAYLIGHT,,,,,,,A,NO PEDESTRIANS INVOLVED,,A,21453A,,1,14TH ST,1,,,A,,,JACKSON ST,,,A,8/8/2024 5:30:10 PM,2/10/2025 2:50:44 PM,,,2,,,,,,,
3974343,16-049468,2,False,0109,9/17/2016 6:47:00 AM,647,20X,14,109,Oakland,1,True,True,H,OTHER,,Saturday,,,M,,False,False,False,,C,OTHER MOTOR VEHICLE,,0,0,CLEAR,,NO UNUSUAL CONDITIONS - NO UNUSUAL CONDITIONS,,B,DUSK-DAWN,,,,,,,A,NO PEDESTRIANS INVOLVED,,A,22107,,1,E 15TH ST,1,,,A,N,9.0,DERBY,F,,A,8/8/2024 5:30:09 PM,2/10/2025 2:50:43 PM,,,2,,,,,,,
3974216,16-050070,2,False,0109,9/20/2016 4:55:00 PM,1655,02Y,14,109,Oakland,1,True,True,C,REAR END,,Tuesday,,,M,,False,False,False,,C,OTHER MOTOR VEHICLE,,1,0,CLEAR,,NO UNUSUAL CONDITIONS - NO UNUSUAL CONDITIONS,,A,DAYLIGHT,,,,,,,A,NO PEDESTRIANS INVOLVED,,A,22350,,1,7TH ST,1,,,A,E,300.0,ADELINE ST,F,,A,8/8/2024 5:29:48 PM,2/10/2025 2:50:37 PM,,,2,,,,,,,
3974209,16-049887,2,False,0109,9/19/2016 5:17:00 PM,1717,29X,14,109,Oakland,1,True,True,A,HEAD-ON,,Monday,,,,,False,False,False,,C,OTHER MOTOR VEHICLE,,1,0,CLEAR,,NO UNUSUAL CONDITIONS - NO UNUSUAL CONDITIONS,,A,DAYLIGHT,,,,,,,A,NO PEDESTRIANS INVOLVED,,A,21800A,,1,EDWARDS AV,2,,,A,W,13.0,GREENLY DR,F,,A,8/8/2024 5:29:47 PM,2/10/2025 2:50:36 PM,,,2,,,,,,,
3974181,16-049865,2,False,0109,9/19/2016 3:10:00 PM,1510,05X,14,109,Oakland,1,True,True,D,BROADSIDE,,Monday,,,M,,False,False,False,,C,OTHER MOTOR VEHICLE,,1,0,CLEAR,,NO UNUSUAL CONDITIONS - NO UNUSUAL CONDITIONS,,A,DAYLIGHT,,,,,,,A,NO PEDESTRIANS INVOLVED,,A,21453A,,1,ADELINE ST,1,,,A,,,W GRAND AV,,,A,8/8/2024 5:29:41 PM,2/10/2025 2:50:34 PM,,,2,,,,,,,
3973882,16-061436,2,False,0109,11/18/2016 5:55:00 PM,1755,22X,14,109,Oakland,1,True,True,B,SIDE SWIPE,,Friday,,,M,,False,False,False,,E,PARKED MOTOR VEHICLE,,0,0,CLEAR,,NO UNUSUAL CONDITIONS - NO UNUSUAL CONDITIONS,,C,DARK-STREET LIGHTS,,,,,,,A,NO PEDESTRIANS INVOLVED,,A,22350,,1,LAGUNA AV,1,,,A,S,30.0,MADELINE ST,F,,D,8/8/2024 5:28:39 PM,2/10/2025 2:50:18 PM,,,2,,,,,,,
3973662,16-054885,2,False,0109,10/15/2016 1:39:00 AM,139,02X,14,109,Oakland,1,True,True,A,HEAD-ON,,Saturday,,,,,False,False,True,,C,OTHER MOTOR VEHICLE,,0,0,CLEAR,,NO UNUSUAL CONDITIONS - NO UNUSUAL CONDITIONS,,C,DARK-STREET LIGHTS,,,,,,,A,NO PEDESTRIANS INVOLVED,,A,21802A,,1,12TH ST,1,,,A,,,CAMPBELL ST,,,A,8/8/2024 5:27:58 PM,2/10/2025 2:50:05 PM,,,2,,,,,,,
3973659,16-049904,2,False,0109,9/19/2016 6:10:00 PM,1810,03X,14,109,Oakland,1,True,True,C,REAR END,,Monday,,,,,False,False,False,,C,OTHER MOTOR VEHICLE,,0,0,CLEAR,,NO UNUSUAL CONDITIONS - NO UNUSUAL CONDITIONS,,C,DARK-STREET LIGHTS,,,,,,,A,NO PEDESTRIANS INVOLVED,,A,21703,,1,5TH ST,1,,,A,E,10.0,BROADWAY,F,,A,8/8/2024 5:27:58 PM,2/10/2025 2:50:05 PM,,,2,,,,,,,
3973656,16-061608,2,False,0109,11/19/2016 7:26:00 PM,1926,25,14,109,Oakland,1,True,True,F,OVERTURNED,,Saturday,,,,,False,False,True,,I,FIXED OBJECT,,1,0,CLEAR,,OTHER* - OTHER*,,C,DARK-STREET LIGHTS,,,,,,,A,NO PEDESTRIANS INVOLVED,,A,22350,,1,REDWOOD RD,2,,,B,S,120.0,MONTEREY BL,F,,A,8/8/2024 5:27:57 PM,2/10/2025 2:50:05 PM,,,2,,,,,,,
3973647,16-061101,2,False,0109,11/17/2016 8:42:00 AM,842,26Y,14,109,Oakland,1,True,True,B,SIDE SWIPE,,Thursday,,,M,,False,False,False,,C,OTHER MOTOR VEHICLE,,0,0,CLEAR,,NO UNUSUAL CONDITIONS - NO UNUSUAL CONDITIONS,,A,DAYLIGHT,,,,,,,A,NO PEDESTRIANS INVOLVED,,A,21755,,1,COLISEUM WY,2,,,A,W,420.0,50TH AV,F,,D,8/8/2024 5:27:56 PM,2/10/2025 2:50:04 PM,,,2,,,,,,,
3973644,16-058359,2,False,0109,11/2/2016 9:10:00 AM,910,33X,14,109,Oakland,1,True,True,D,BROADSIDE,,Wednesday,,,,,False,False,False,,C,OTHER MOTOR VEHICLE,,0,0,CLEAR,,NO UNUSUAL CONDITIONS - NO UNUSUAL CONDITIONS,,A,DAYLIGHT,,,,,,,A,NO PEDESTRIANS INVOLVED,,A,22102,,1,SAN LEANDRO ST,2,,,A,E,200.0,85TH AV,F,,A,8/8/2024 5:27:55 PM,2/10/2025 2:50:04 PM,,,2,,,,,,,
3973610,16-048258,2,False,0109,9/10/2016 8:50:00 PM,2050,26X,14,109,Oakland,1,True,True,C,REAR END,,Saturday,,,M,,False,False,False,,C,OTHER MOTOR VEHICLE,,0,0,CLEAR,,NO UNUSUAL CONDITIONS - NO UNUSUAL CONDITIONS,,C,DARK-STREET LIGHTS,,,,,,,A,NO PEDESTRIANS INVOLVED,,A,22350,,1,INTERNATIONAL BL,2,,,A,E,20.0,HAVENSCOURT AV,F,,A,8/8/2024 5:27:49 PM,2/10/2025 2:50:03 PM,,,2,,,,,,,
3973606,16-048058,2,False,0109,9/9/2016 6:29:00 PM,1829,19X,14,109,Oakland,1,True,True,D,BROADSIDE,,Friday,,,,,False,False,False,,C,OTHER MOTOR VEHICLE,,0,0,CLEAR,,NO UNUSUAL CONDITIONS - NO UNUSUAL CONDITIONS,,A,DAYLIGHT,,,,,,,A,NO PEDESTRIANS INVOLVED,,A,21658A,,1,E 12TH ST,1,,,A,W,30.0,10TH AV,F,,A,8/8/2024 5:27:49 PM,2/10/2025 2:50:02 PM,,,2,,,,,,,
3973504,16-051757,2,False,0109,9/29/2016 8:15:00 AM,815,03X,14,109,Oakland,1,True,True,D,BROADSIDE,,Thursday,,,,,False,False,False,,G,BICYCLE,,1,0,CLEAR,,NO UNUSUAL CONDITIONS - NO UNUSUAL CONDITIONS,,A,DAYLIGHT,,,,,,,A,NO PEDESTRIANS INVOLVED,,A,21802A,,1,10TH ST,1,,,A,,,FALLON ST,,,A,8/8/2024 5:27:31 PM,2/10/2025 2:49:57 PM,,,2,,,,,,,
3973501,16-051819,2,False,0109,9/29/2016 1:14:00 PM,1314,03X,14,109,Oakland,1,True,True,D,BROADSIDE,,Thursday,,,,,False,False,True,,C,OTHER MOTOR VEHICLE,,1,0,CLEAR,,NO UNUSUAL CONDITIONS - NO UNUSUAL CONDITIONS,,A,DAYLIGHT,,,,,,,A,NO PEDESTRIANS INVOLVED,,A,21453A,,1,7TH ST,1,,,A,,,MADISON ST,,,A,8/8/2024 5:27:30 PM,2/10/2025 2:49:57 PM,,,2,,,,,,,
3973067,16-055763,2,False,0109,10/19/2016 4:30:00 PM,1630,12X,14,109,Oakland,1,True,True,B,SIDE SWIPE,,Wednesday,,,,,False,False,False,,G,BICYCLE,,1,0,CLEAR,,NO UNUSUAL CONDITIONS - NO UNUSUAL CONDITIONS,,A,DAYLIGHT,,,,,,,A,NO PEDESTRIANS INVOLVED,,A,22107,,1,TELEGRAPH AV,1,,,A,N,150.0,41ST ST,F,,A,8/8/2024 5:26:09 PM,2/10/2025 2:49:33 PM,,,2,,,,,,,
3973064,16-055060,2,False,0109,10/16/2016 5:30:00 AM,530,19X,14,109,Oakland,1,True,True,C,REAR END,,Sunday,,,M,,False,False,False,,E,PARKED MOTOR VEHICLE,,0,0,,,,,C,DARK-STREET LIGHTS,,,,,,,A,NO PEDESTRIANS INVOLVED,,A,22350,,1,INTERNATIONAL BL,1,,,B,E,50.0,13TH AV,F,,D,8/8/2024 5:26:08 PM,2/10/2025 2:49:32 PM,,,2,,,,,,,
3973062,16-055507,2,False,0109,10/18/2016 1:45:00 PM,1345,35C,14,109,Oakland,1,True,True,B,SIDE SWIPE,,Tuesday,,,,,False,False,False,,C,OTHER MOTOR VEHICLE,,1,0,CLEAR,,NO UNUSUAL CONDITIONS - NO UNUSUAL CONDITIONS,,A,DAYLIGHT,,,,,,,A,NO PEDESTRIANS INVOLVED,,A,22106,,1,MAC ARTHUR BL,2,,,A,,,88TH AV,,,D,8/8/2024 5:26:08 PM,2/10/2025 2:49:32 PM,,,2,,,,,,,
3973060,16-054308,2,False,0109,10/12/2016 9:39:00 AM,939,20X,14,109,Oakland,1,True,True,C,REAR END,,Wednesday,,,M,,False,False,False,,E,PARKED MOTOR VEHICLE,,0,0,CLOUDY,,NO UNUSUAL CONDITIONS - NO UNUSUAL CONDITIONS,,A,DAYLIGHT,,,,,,,A,NO PEDESTRIANS INVOLVED,,D,,,,INTERNATIONAL BL,01,,,A,W,20.0,26TH AV,F,,D,8/8/2024 5:26:08 PM,2/10/2025 2:49:32 PM,,,2,,,,,,,
3973058,16-056098,2,False,0109,10/21/2016 11:55:00 AM,1155,10X,14,109,Oakland,1,True,True,D,BROADSIDE,,Friday,,,,,False,False,False,,C,OTHER MOTOR VEHICLE,,0,0,CLEAR,,NO UNUSUAL CONDITIONS - NO UNUSUAL CONDITIONS,,A,DAYLIGHT,,,,,,,A,NO PEDESTRIANS INVOLVED,,A,21801A,,1,ALCATRAZ AV,1,,,A,W,5.0,HERZOG ST,F,,A,8/8/2024 5:26:07 PM,2/10/2025 2:49:32 PM,,,2,,,,,,,
3973057,16-055138,2,False,0109,10/16/2016 6:13:00 PM,1813,02X,14,109,Oakland,1,True,True,D,BROADSIDE,,Sunday,,,,,False,False,False,,C,OTHER MOTOR VEHICLE,,3,0,RAINING,,NO UNUSUAL CONDITIONS - NO UNUSUAL CONDITIONS,,C,DARK-STREET LIGHTS,,,,,,,A,NO PEDESTRIANS INVOLVED,,A,21453A,,1,6TH ST,1,,,B,,,CASTRO ST,,,A,8/8/2024 5:26:07 PM,2/10/2025 2:49:32 PM,,,2,,,,,,,
3973055,16-054458,2,False,0109,10/11/2016 3:00:00 PM,1500,31Y,14,109,Oakland,1,True,True,D,BROADSIDE,,Tuesday,,,M,,False,False,False,,G,BICYCLE,,0,0,CLEAR,,NO UNUSUAL CONDITIONS - NO UNUSUAL CONDITIONS,,A,DAYLIGHT,,,,,,,A,NO PEDESTRIANS INVOLVED,,A,21802A,,1,ST ELMO DR,2,,,A,,,HUNTER AV,,,A,8/8/2024 5:26:07 PM,2/10/2025 2:49:32 PM,,,2,,,,,,,
3973054,16-055153,2,False,0109,10/16/2016 8:20:00 PM,2020,04X,14,109,Oakland,1,True,True,D,BROADSIDE,,Sunday,,,M,,False,False,False,,C,OTHER MOTOR VEHICLE,,1,0,RAINING,,NO UNUSUAL CONDITIONS - NO UNUSUAL CONDITIONS,,C,DARK-STREET LIGHTS,,,,,,,F,NOT IN ROAD,,A,21453A,,1,14TH ST,1,,,B,,,HARRISON ST,,,A,8/8/2024 5:26:07 PM,2/10/2025 2:49:32 PM,,,2,,,,,,,
3973053,16-055844,2,False,0109,10/20/2016 6:55:00 AM,655,31X,14,109,Oakland,1,True,True,D,BROADSIDE,,Thursday,,,,,False,False,False,,C,OTHER MOTOR VEHICLE,,0,0,CLEAR,,NO UNUSUAL CONDITIONS - NO UNUSUAL CONDITIONS,,B,DUSK-DAWN,,,,,,,A,NO PEDESTRIANS INVOLVED,,A,22107,,1,HEGENBERGER RD,2,,,A,,,LEET DR,,,D,8/8/2024 5:26:07 PM,2/10/2025 2:49:32 PM,,,2,,,,,,,
3973052,16-053532,2,False,0109,10/8/2016 9:45:00 AM,945,21X,14,109,Oakland,1,True,True,B,SIDE SWIPE,,Saturday,,,,,False,False,False,,C,OTHER MOTOR VEHICLE,,0,0,CLEAR,,NO UNUSUAL CONDITIONS - NO UNUSUAL CONDITIONS,,A,DAYLIGHT,,,,,,,A,NO PEDESTRIANS INVOLVED,,A,22107,,1,FRUITVALE AV,1,,,A,,,FOOTHILL BL,,,A,8/8/2024 5:26:07 PM,2/10/2025 2:49:32 PM,,,2,,,,,,,
3973051,16-055944,2,False,0109,10/20/2016 3:22:00 PM,1522,29X,14,109,Oakland,1,True,True,D,BROADSIDE,,Thursday,,,M,,False,False,False,,C,OTHER MOTOR VEHICLE,,1,0,CLEAR,,NO UNUSUAL CONDITIONS - NO UNUSUAL CONDITIONS,,A,DAYLIGHT,,,,,,,A,NO PEDESTRIANS INVOLVED,,A,21453A,,1,64TH AV,2,,,A,,,MACARTHUR BL,,,A,8/8/2024 5:26:06 PM,2/10/2025 2:49:32 PM,,,2,,,,,,,
3973049,16-055951,2,False,0109,10/20/2016 3:52:00 PM,1552,19X,14,109,Oakland,1,True,True,D,BROADSIDE,,Thursday,,,,,False,False,False,,C,OTHER MOTOR VEHICLE,,0,0,CLEAR,,NO UNUSUAL CONDITIONS - NO UNUSUAL CONDITIONS,,A,DAYLIGHT,,,,,,,A,NO PEDESTRIANS INVOLVED,,A,21800A,,1,21ST AV,1,,,A,,,FOOTHILL BL,,,A,8/8/2024 5:26:06 PM,2/10/2025 2:49:32 PM,,,2,,,,,,,
3973048,16-054786,2,False,0109,10/14/2016 4:00:00 PM,1600,04X,14,109,Oakland,1,True,True,E,HIT OBJECT,,Friday,,,M,,False,False,False,,I,FIXED OBJECT,,0,0,RAINING,,NO UNUSUAL CONDITIONS - NO UNUSUAL CONDITIONS,,A,DAYLIGHT,,,,,,,A,NO PEDESTRIANS INVOLVED,,A,22107,,1,LAKESIDE DR,1,,,B,N,100.0,20TH ST,F,,D,8/8/2024 5:26:06 PM,2/10/2025 2:49:31 PM,,,2,,,,,,,
3973047,16-054358,2,False,0109,10/12/2016 1:29:00 PM,1329,23X,14,109,Oakland,1,True,True,A,HEAD-ON,,Wednesday,,,M,,False,False,True,,D,MOTOR VEHICLE ON OTHER ROADWAY,,1,0,CLOUDY,,NO UNUSUAL CONDITIONS - NO UNUSUAL CONDITIONS,,A,DAYLIGHT,,,,,,,A,NO PEDESTRIANS INVOLVED,,A,21651B,,1,E 12TH ST,2,,,A,E,30.0,33RD AV,F,,A,8/8/2024 5:26:06 PM,2/10/2025 2:49:32 PM,,,2,,,,,,,
3973045,16-055750,2,False,0109,10/19/2016 3:15:00 PM,1515,19X,14,109,Oakland,1,True,True,D,BROADSIDE,,Wednesday,,,,,False,False,False,,C,OTHER MOTOR VEHICLE,,0,0,CLEAR,,NO UNUSUAL CONDITIONS - NO UNUSUAL CONDITIONS,,A,DAYLIGHT,,,,,,,A,NO PEDESTRIANS INVOLVED,,A,22107,,1,22ND AV,1,,,A,,,E 12TH ST,,,A,8/8/2024 5:26:05 PM,2/10/2025 2:49:31 PM,,,2,,,,,,,
3973044,16-056315,2,False,0109,10/22/2016 10:30:00 AM,1030,30Y,14,109,Oakland,1,True,True,C,REAR END,,Saturday,,,M,,False,False,True,,E,PARKED MOTOR VEHICLE,,0,0,CLEAR,,NO UNUSUAL CONDITIONS - NO UNUSUAL CONDITIONS,,A,DAYLIGHT,,,,,,,A,NO PEDESTRIANS INVOLVED,,A,22107,,1,PARKER AV,2,,,A,N,30.0,OUTLOOK,F,,D,8/8/2024 5:26:05 PM,2/10/2025 2:49:31 PM,,,2,,,,,,,
3973043,16-054593,2,False,0109,10/13/2016 4:00:00 PM,1600,05X,14,109,Oakland,1,True,True,A,HEAD-ON,,Thursday,,,,,False,False,False,,G,BICYCLE,,1,0,CLEAR,,NO UNUSUAL CONDITIONS - NO UNUSUAL CONDITIONS,,A,DAYLIGHT,,,,,,,A,NO PEDESTRIANS INVOLVED,,A,21453A,,1,W GRAND AV,1,,,A,,,ADELINE ST,,,A,8/8/2024 5:26:05 PM,2/10/2025 2:49:31 PM,,,2,,,,,,,
3973041,16-055579,2,False,0109,10/18/2016 9:40:00 PM,2140,15X,14,109,Oakland,1,True,True,A,HEAD-ON,,Tuesday,,,,,False,False,True,,,,,0,0,CLEAR,,NO UNUSUAL CONDITIONS - NO UNUSUAL CONDITIONS,,C,DARK-STREET LIGHTS,,,,,,,A,NO PEDESTRIANS INVOLVED,,A,22107,,1,4TH AV,1,,,A,N,150.0,E 17TH ST,F,,D,8/8/2024 5:26:05 PM,2/10/2025 2:49:31 PM,,,2,,,,,,,
3973040,16-055031,2,False,0109,10/16/2016 1:17:00 AM,117,19X,14,109,Oakland,1,True,True,B,SIDE SWIPE,,Sunday,,,,,False,False,False,,E,PARKED MOTOR VEHICLE,,1,0,RAINING,,NO UNUSUAL CONDITIONS - NO UNUSUAL CONDITIONS,,E,DARK-STREET LIGHTS NOT FUNCTIONING*,,,,,,,A,NO PEDESTRIANS INVOLVED,,A,22107,,1,1ST AV,1,,,B,,,INTERNATIONAL,,,D,8/8/2024 5:26:04 PM,2/10/2025 2:49:31 PM,,,2,,,,,,,
3973039,16-056571,2,False,0109,10/23/2016 6:49:00 PM,1849,32Y,14,109,Oakland,1,True,True,B,SIDE SWIPE,,Sunday,,,M,,False,False,True,,E,PARKED MOTOR VEHICLE,,0,0,CLEAR,,NO UNUSUAL CONDITIONS - NO UNUSUAL CONDITIONS,,C,DARK-STREET LIGHTS,,,,,,,A,NO PEDESTRIANS INVOLVED,,A,22107,,1,THERMAL ST,2,,,A,E,1000.0,98TH AV,F,,D,8/8/2024 5:26:04 PM,2/10/2025 2:49:31 PM,,,2,,,,,,,
3973038,16-056053,2,False,0109,10/21/2016 8:38:00 AM,838,05X,14,109,Oakland,1,True,True,D,BROADSIDE,,Friday,,,,,False,False,False,,,,,1,0,CLEAR,,NO UNUSUAL CONDITIONS - NO UNUSUAL CONDITIONS,,A,DAYLIGHT,,,,,,,A,NO PEDESTRIANS INVOLVED,,A,21453A,,1,14TH ST,1,,,A,,,BRUSH ST,,,A,8/8/2024 5:26:04 PM,2/10/2025 2:49:31 PM,,,2,,,,,,,
3973037,16-056202,2,False,0109,10/21/2016 10:35:00 PM,2235,34X,14,109,Oakland,1,True,True,D,BROADSIDE,,Friday,,,M,,False,False,False,,C,OTHER MOTOR VEHICLE,,0,0,CLEAR,,NO UNUSUAL CONDITIONS - NO UNUSUAL CONDITIONS,,C,DARK-STREET LIGHTS,,,,,,,A,NO PEDESTRIANS INVOLVED,,A,21801A,,1,98TH AV,2,,,A,,,HOLLY ST,,,A,8/8/2024 5:26:04 PM,2/10/2025 2:49:31 PM,,,2,,,,,,,
3973035,16-056172,2,False,0109,10/21/2016 5:20:00 PM,1720,19X,14,109,Oakland,1,True,True,B,SIDE SWIPE,,Friday,,,,,False,False,False,,C,OTHER MOTOR VEHICLE,,3,0,CLEAR,,NO UNUSUAL CONDITIONS - NO UNUSUAL CONDITIONS,,A,DAYLIGHT,,,,,,,A,NO PEDESTRIANS INVOLVED,,A,21802A,,1,E 12TH ST,1,,,A,,,11TH AV,,,A,8/8/2024 5:26:04 PM,2/10/2025 2:49:31 PM,,,2,,,,,,,
3973034,16-055015,2,False,0109,10/16/2016 9:17:00 PM,2117,23X,14,109,Oakland,1,True,True,A,HEAD-ON,,Sunday,,,,,False,False,False,,C,OTHER MOTOR VEHICLE,,0,0,RAINING,,NO UNUSUAL CONDITIONS - NO UNUSUAL CONDITIONS,,C,DARK-STREET LIGHTS,,,,,,,A,NO PEDESTRIANS INVOLVED,,A,21801A,,1,INTERNATIONAL BL,2,,,B,,,35TH AV,,,A,8/8/2024 5:26:04 PM,2/10/2025 2:49:31 PM,,,2,,,,,,,
3973033,16-053629,2,False,0109,10/8/2016 8:47:00 PM,2047,05Y,14,109,Oakland,1,True,True,D,BROADSIDE,,Saturday,,,,,False,False,False,,C,OTHER MOTOR VEHICLE,,0,0,CLEAR,,NO UNUSUAL CONDITIONS - NO UNUSUAL CONDITIONS,,C,DARK-STREET LIGHTS,,,,,,,A,NO PEDESTRIANS INVOLVED,,A,21801A,,1,WEST GRAND AV,1,,,A,E,10.0,CAMPBELL ST,F,,A,8/8/2024 5:26:03 PM,2/10/2025 2:49:31 PM,,,2,,,,,,,
3973032,16-055928,2,False,0109,10/20/2016 2:15:00 PM,1415,06X,14,109,Oakland,1,True,True,B,SIDE SWIPE,,Thursday,,,M,,False,False,False,,C,OTHER MOTOR VEHICLE,,0,0,CLEAR,,NO UNUSUAL CONDITIONS - NO UNUSUAL CONDITIONS,,A,DAYLIGHT,,,,,,,A,NO PEDESTRIANS INVOLVED,,A,22107,,1,WEST ST,1,,,A,,,35TH ST,,,A,8/8/2024 5:26:03 PM,2/10/2025 2:49:31 PM,,,2,,,,,,,
3973030,16-055770,2,False,0109,10/19/2016 5:45:00 PM,1745,10X,14,109,Oakland,1,True,True,D,BROADSIDE,,Wednesday,,,,,False,False,False,,G,BICYCLE,,1,0,CLEAR,,NO UNUSUAL CONDITIONS - NO UNUSUAL CONDITIONS,,A,DAYLIGHT,,,,,,,A,NO PEDESTRIANS INVOLVED,,A,21802A,,1,MARKET ST,1,,,A,,,ARLINGTON ST,,,A,8/8/2024 5:26:03 PM,2/10/2025 2:49:30 PM,,,2,,,,,,,
3973029,16-053918,2,False,0109,10/10/2016 3:18:00 PM,1518,07X,14,109,Oakland,1,True,True,B,SIDE SWIPE,,Monday,,,,,False,False,False,,E,PARKED MOTOR VEHICLE,,0,0,CLEAR,,NO UNUSUAL CONDITIONS - NO UNUSUAL CONDITIONS,,A,DAYLIGHT,,,,,,,A,NO PEDESTRIANS INVOLVED,,A,22107,,1,CHESTNUT ST,1,,,A,,,CHESTNUT ST5 2200,,,D,8/8/2024 5:26:02 PM,2/10/2025 2:49:30 PM,,,2,,,,,,,