collision-id,report-number,report-version,is-preliminary,ncic-code,crash-date-time,crash-time-description,beat,city-id,city-code,city-name,county-code,city-is-active,city-is-incorporated,collision-type-code,collision-type-description,collision-type-other-desc,day-of-week,dispatch-notified,has-photographs,hit-run,is-attachments-mailed,is-deleted,is-highway-related,is-tow-away,judicial-district,motor-vehicle-involved-with-code,motor-vehicle-involved-with-desc,motor-vehicle-involved-with-other-desc,number-injured,number-killed,weather-1,weather-2,road-condition-1,road-condition-2,special-condition-lighting-code,lighting-description,latitude,longitude,milepost-direction,milepost-distance,milepost-marker,milepost-unit-of-measure,pedestrian-action-code,pedestrian-action-desc,prepared-date,primary-collision-factor-code,primary-collision-factor-violation,primary-collision-factor-is-cited,primary-collision-party-number,primary-road,reporting-district,reporting-district-code,reviewed-date,roadway-surface-code,secondary-direction,secondary-distance,secondary-road,secondary-unit-of-measure,sketch-desc,traffic-control-device-code,created-date,modified-date,is-county-road,is-freeway,chp-555-version,is-additonal-object-struck,notification-date,notification-time-description,has-digital-media-files,evidence-number,is-location-refer-to-narrative,is-aoi-one-same-as-location
3985435,16-056490,2,False,0109,10/23/2016 4:30:00 AM,430,25X,14,109,Oakland,1,True,True,A,HEAD-ON,,Sunday,,,M,,False,False,True,,E,PARKED MOTOR VEHICLE,,0,0,CLEAR,,NO UNUSUAL CONDITIONS - NO UNUSUAL CONDITIONS,,B,DUSK-DAWN,,,,,,,A,NO PEDESTRIANS INVOLVED,,A,22107,,1,DAISY ST,2,,,A,E,20.0,CALAVERAS AV,F,,D,8/9/2024 8:21:20 AM,2/10/2025 3:01:17 PM,,,2,,,,,,,
3985432,16-058015,2,False,0109,10/31/2016 9:38:00 AM,938,32X,14,109,Oakland,1,True,True,C,REAR END,,Monday,,,,,False,False,False,,E,PARKED MOTOR VEHICLE,,0,0,CLEAR,,NO UNUSUAL CONDITIONS - NO UNUSUAL CONDITIONS,,A,DAYLIGHT,,,,,,,A,NO PEDESTRIANS INVOLVED,,A,22107,,1,MACARTHUR BL,2,,,A,W,180.0,TALBOT AV,F,,D,8/9/2024 8:21:20 AM,2/10/2025 3:01:17 PM,,,2,,,,,,,
3985430,16-056481,2,False,0109,10/23/2016 8:26:00 AM,826,20X,14,109,Oakland,1,True,True,B,SIDE SWIPE,,Sunday,,,M,,False,False,False,,E,PARKED MOTOR VEHICLE,,0,0,CLEAR,,NO UNUSUAL CONDITIONS - NO UNUSUAL CONDITIONS,,A,DAYLIGHT,,,,,,,A,NO PEDESTRIANS INVOLVED,,A,22107,,1,INTERNATIONAL BL,1,,,A,E,15.0,25TH AV,F,,A,8/9/2024 8:21:20 AM,2/10/2025 3:01:17 PM,,,2,,,,,,,
3985428,16-058920,2,False,0109,10/9/2016 12:41:00 AM,41,35X,14,109,Oakland,1,True,True,E,HIT OBJECT,,Sunday,,,,,False,False,True,,I,FIXED OBJECT,,0,0,CLEAR,,NO UNUSUAL CONDITIONS - NO UNUSUAL CONDITIONS,,C,DARK-STREET LIGHTS,,,,,,,A,NO PEDESTRIANS INVOLVED,,A,22107,,1,MACARTHUR BL,2,,,A,W,50.0,98TH AV,F,,A,8/9/2024 8:21:20 AM,2/10/2025 3:01:17 PM,,,2,,,,,,,
3985427,16-056474,2,False,0109,10/23/2016 5:50:00 AM,550,30X,14,109,Oakland,1,True,True,B,SIDE SWIPE,,Sunday,,,,,False,False,False,,I,FIXED OBJECT,,0,0,CLEAR,,NO UNUSUAL CONDITIONS - NO UNUSUAL CONDITIONS,,C,DARK-STREET LIGHTS,,,,,,,A,NO PEDESTRIANS INVOLVED,,A,22107,,1,73RD AV,2,,,A,,,HALLIDAY,,,A,8/9/2024 8:21:20 AM,2/10/2025 3:01:17 PM,,,2,,,,,,,
3985425,16-058113,2,False,0109,10/31/2016 10:36:00 PM,2236,04X,14,109,Oakland,1,True,True,D,BROADSIDE,,Monday,,,,,False,False,True,,C,OTHER MOTOR VEHICLE,,0,0,CLEAR,,NO UNUSUAL CONDITIONS - NO UNUSUAL CONDITIONS,,C,DARK-STREET LIGHTS,,,,,,,A,NO PEDESTRIANS INVOLVED,,A,22107,,1,21ST ST,1,,,B,,,WEBSTER ST,,,A,8/9/2024 8:21:19 AM,2/10/2025 3:01:17 PM,,,2,,,,,,,
3985423,16-053798,2,False,0109,10/9/2016 8:29:00 PM,2029,07X,14,109,Oakland,1,True,True,B,SIDE SWIPE,,Sunday,,,M,,False,False,False,,E,PARKED MOTOR VEHICLE,,0,0,CLEAR,,NO UNUSUAL CONDITIONS - NO UNUSUAL CONDITIONS,,D,DARK-NO STREET LIGHTS,,,,,,,A,NO PEDESTRIANS INVOLVED,,A,22350,,1,CHESTNUT ST,1,,,A,N,80.0,W GRAND AV,F,,D,8/9/2024 8:21:19 AM,2/10/2025 3:01:16 PM,,,2,,,,,,,
3985422,16-056269,2,False,0109,10/22/2016 8:38:00 AM,838,10X,14,109,Oakland,1,True,True,D,BROADSIDE,,Saturday,,,,,False,False,False,,C,OTHER MOTOR VEHICLE,,0,0,CLEAR,,NO UNUSUAL CONDITIONS - NO UNUSUAL CONDITIONS,,A,DAYLIGHT,,,,,,,A,NO PEDESTRIANS INVOLVED,,A,21801A,,1,MACARTHUR BL,1,,,A,W,570.0,MAPLE AV,F,,D,8/9/2024 8:21:19 AM,2/10/2025 3:01:16 PM,,,2,,,,,,,
3985419,16-056383,2,False,0109,10/22/2016 3:10:00 PM,1510,12X,14,109,Oakland,1,True,True,A,HEAD-ON,,Saturday,,,,,False,False,False,,C,OTHER MOTOR VEHICLE,,0,0,CLEAR,,NO UNUSUAL CONDITIONS - NO UNUSUAL CONDITIONS,,A,DAYLIGHT,,,,,,,A,NO PEDESTRIANS INVOLVED,,A,21801A,,1,CLAREMONT AV,1,,,A,,,FOREST ST,,,A,8/9/2024 8:21:19 AM,2/10/2025 3:01:16 PM,,,2,,,,,,,
3985416,16-057877,2,False,0109,10/29/2016 9:00:00 PM,2100,10X,14,109,Oakland,1,True,True,B,SIDE SWIPE,,Saturday,,,M,,False,False,False,,E,PARKED MOTOR VEHICLE,,0,0,CLEAR,,NO UNUSUAL CONDITIONS - NO UNUSUAL CONDITIONS,,C,DARK-STREET LIGHTS,,,,,,,A,NO PEDESTRIANS INVOLVED,,A,22107,,1,55TH ST,1,,,A,W,20.0,GENOA ST,F,,B,8/9/2024 8:21:19 AM,2/10/2025 3:01:16 PM,,,2,,,,,,,
3985415,16-056125,2,False,0109,10/21/2016 2:12:00 PM,1412,02X,14,109,Oakland,1,True,True,D,BROADSIDE,,Friday,,,,,False,False,False,,,,,0,0,CLEAR,,NO UNUSUAL CONDITIONS - NO UNUSUAL CONDITIONS,,A,DAYLIGHT,,,,,,,A,NO PEDESTRIANS INVOLVED,,A,21453A,,1,14TH ST,1,,,A,,,MANDELA PKWY,,,A,8/9/2024 8:21:19 AM,2/10/2025 3:01:16 PM,,,2,,,,,,,
3985412,16-055383,2,False,0109,10/17/2016 9:39:00 PM,2139,35X,14,109,Oakland,1,True,True,B,SIDE SWIPE,,Monday,,,M,,False,False,False,,E,PARKED MOTOR VEHICLE,,0,0,CLEAR,,NO UNUSUAL CONDITIONS - NO UNUSUAL CONDITIONS,,C,DARK-STREET LIGHTS,,,,,,,A,NO PEDESTRIANS INVOLVED,,A,22106,,1,GOLF LINKS RD,2,,,A,,,COSGRAVE AV,,,D,8/9/2024 8:21:19 AM,2/10/2025 3:01:16 PM,,,2,,,,,,,
3985410,16-056334,2,False,0109,10/22/2016 11:20:00 AM,1120,24X,14,109,Oakland,1,True,True,E,HIT OBJECT,,Saturday,,,,,False,False,False,,,,,0,0,CLEAR,,NO UNUSUAL CONDITIONS - NO UNUSUAL CONDITIONS,,A,DAYLIGHT,,,,,,,A,NO PEDESTRIANS INVOLVED,,A,22350,,1,HARPER ST,2,,,A,W,20.0,35TH AV,F,,D,8/9/2024 8:21:19 AM,2/10/2025 3:01:15 PM,,,2,,,,,,,
3985406,16-056117,2,False,0109,10/21/2016 1:45:00 PM,1345,33X,14,109,Oakland,1,True,True,B,SIDE SWIPE,,Friday,,,,,False,False,False,,C,OTHER MOTOR VEHICLE,,0,0,CLEAR,,NO UNUSUAL CONDITIONS - NO UNUSUAL CONDITIONS,,A,DAYLIGHT,,,,,,,A,NO PEDESTRIANS INVOLVED,,A,21658A,,1,INTERNATIONAL BL,2,,,A,W,20.0,85TH AV,F,,D,8/9/2024 8:21:19 AM,2/10/2025 3:01:15 PM,,,2,,,,,,,
3985404,16-056185,2,False,0109,10/21/2016 5:05:00 PM,1705,30Y,14,109,Oakland,1,True,True,B,SIDE SWIPE,,Friday,,,,,False,False,False,,C,OTHER MOTOR VEHICLE,,0,0,CLEAR,,NO UNUSUAL CONDITIONS - NO UNUSUAL CONDITIONS,,B,DUSK-DAWN,,,,,,,A,NO PEDESTRIANS INVOLVED,,A,21801A,,1,DOOLITTLE DR,2,,,A,E,400.0,LANGLEY ST,F,,D,8/9/2024 8:21:19 AM,2/10/2025 3:01:15 PM,,,2,,,,,,,
3985402,16-057169,2,False,0109,10/26/2016 5:15:00 PM,1715,06X,14,109,Oakland,1,True,True,A,HEAD-ON,,Wednesday,,,,,False,False,False,,C,OTHER MOTOR VEHICLE,,0,0,CLEAR,,NO UNUSUAL CONDITIONS - NO UNUSUAL CONDITIONS,,A,DAYLIGHT,,,,,,,A,NO PEDESTRIANS INVOLVED,,A,21801A,,1,MARTIN LUTHER KING JR WY,1,,,A,,,27TH ST,,,A,8/9/2024 8:21:19 AM,2/10/2025 3:01:15 PM,,,2,,,,,,,
3985401,16-055068,2,False,0109,10/16/2016 6:43:00 AM,643,19X,14,109,Oakland,1,True,True,B,SIDE SWIPE,,Sunday,,,,,False,False,False,,E,PARKED MOTOR VEHICLE,,0,0,CLOUDY,,NO UNUSUAL CONDITIONS - NO UNUSUAL CONDITIONS,,B,DUSK-DAWN,,,,,,,A,NO PEDESTRIANS INVOLVED,,A,22107,,1,EMBARCADERO E,2,,,B,W,100.0,DENNISON ST,F,,A,8/9/2024 8:21:19 AM,2/10/2025 3:01:15 PM,,,2,,,,,,,
3985399,16-056892,2,False,0109,10/25/2016 2:29:00 PM,1429,31X,14,109,Oakland,1,True,True,D,BROADSIDE,,Tuesday,,,,,False,False,False,,C,OTHER MOTOR VEHICLE,,0,0,CLEAR,,NO UNUSUAL CONDITIONS - NO UNUSUAL CONDITIONS,,A,DAYLIGHT,,,,,,,A,NO PEDESTRIANS INVOLVED,,A,21453A,,1,98TH AV,2,,,A,,,DENSLOWE AV,,,A,8/9/2024 8:21:19 AM,2/10/2025 3:01:15 PM,,,2,,,,,,,
3985396,16-056693,2,False,0109,10/24/2016 4:10:00 PM,1610,05X,14,109,Oakland,1,True,True,D,BROADSIDE,,Monday,,,,,False,False,False,,C,OTHER MOTOR VEHICLE,,0,0,CLOUDY,,NO UNUSUAL CONDITIONS - NO UNUSUAL CONDITIONS,,A,DAYLIGHT,,,,,,,A,NO PEDESTRIANS INVOLVED,,A,21801A,,1,W GRAND AV,1,,,A,,,ADELINE ST,,,A,8/9/2024 8:21:18 AM,2/10/2025 3:01:14 PM,,,2,,,,,,,
3985375,16-061670,2,False,0109,11/20/2016 3:17:00 AM,317,18X,14,109,Oakland,1,True,True,B,SIDE SWIPE,,Sunday,,,M,,False,False,False,,E,PARKED MOTOR VEHICLE,,0,0,RAINING,,NO UNUSUAL CONDITIONS - NO UNUSUAL CONDITIONS,,C,DARK-STREET LIGHTS,,,,,,,A,NO PEDESTRIANS INVOLVED,,A,22350,,1,19TH AV,1,,,B,S,30.0,E 22ND ST,F,,D,8/9/2024 8:21:18 AM,2/10/2025 3:01:13 PM,,,2,,,,,,,
3985370,16-061257,2,False,0109,11/17/2016 10:55:00 PM,2255,28X,14,109,Oakland,1,True,True,D,BROADSIDE,,Thursday,,,M,,False,False,True,,E,PARKED MOTOR VEHICLE,,0,0,CLEAR,,NO UNUSUAL CONDITIONS - NO UNUSUAL CONDITIONS,,C,DARK-STREET LIGHTS,,,,,,,A,NO PEDESTRIANS INVOLVED,,A,22107,,1,KNOWLAND AV,2,,,A,S,300.0,BIRDSALL AV,F,,D,8/9/2024 8:21:17 AM,2/10/2025 3:01:12 PM,,,2,,,,,,,
3985368,16-063438,2,False,0109,11/30/2016 7:14:00 PM,1914,23X,14,109,Oakland,1,True,True,B,SIDE SWIPE,,Wednesday,,,M,,False,False,False,,C,OTHER MOTOR VEHICLE,,0,0,CLEAR,,NO UNUSUAL CONDITIONS - NO UNUSUAL CONDITIONS,,C,DARK-STREET LIGHTS,,,,,,,A,NO PEDESTRIANS INVOLVED,,A,23152,,1,FRUITVALE AV,2,,,A,S,100.0,E 12TH ST,F,,A,8/9/2024 8:21:17 AM,2/10/2025 3:01:12 PM,,,2,,,,,,,
3985334,16-059504,2,False,0109,11/8/2016 11:05:00 AM,1105,23X,14,109,Oakland,1,True,True,B,SIDE SWIPE,,Tuesday,,,,,False,False,False,,C,OTHER MOTOR VEHICLE,,2,0,CLEAR,,NO UNUSUAL CONDITIONS - NO UNUSUAL CONDITIONS,,A,DAYLIGHT,,,,,,,A,NO PEDESTRIANS INVOLVED,,A,21801A,,1,FOOTHILL BL,2,,,A,,,35TH AV,,,A,8/9/2024 8:21:16 AM,2/10/2025 3:01:10 PM,,,2,,,,,,,
3985330,16-058849,2,False,0109,11/4/2016 5:30:00 PM,1730,26Y,14,109,Oakland,1,True,True,D,BROADSIDE,,Friday,,,,,False,False,True,,C,OTHER MOTOR VEHICLE,,1,0,CLEAR,,NO UNUSUAL CONDITIONS - NO UNUSUAL CONDITIONS,,B,DUSK-DAWN,,,,,,,A,NO PEDESTRIANS INVOLVED,,A,21804A,,1,SAN LEANDRO ST,2,,,A,W,100.0,66TH AV,F,,A,8/9/2024 8:21:16 AM,2/10/2025 3:01:10 PM,,,2,,,,,,,
3985328,16-060939,2,False,0109,11/16/2016 11:55:00 AM,1155,23X,14,109,Oakland,1,True,True,A,HEAD-ON,,Wednesday,,,,,False,False,False,,C,OTHER MOTOR VEHICLE,,0,0,CLEAR,,NO UNUSUAL CONDITIONS - NO UNUSUAL CONDITIONS,,A,DAYLIGHT,,,,,,,A,NO PEDESTRIANS INVOLVED,,A,21801A,,1,FRUITVALE AV,2,,,A,,,INTERNATIONAL BL,,,A,8/9/2024 8:21:16 AM,2/10/2025 3:01:09 PM,,,2,,,,,,,
3985326,16-061589,2,False,0109,11/19/2016 4:44:00 PM,1644,31X,14,109,Oakland,1,True,True,D,BROADSIDE,,Saturday,,,,,False,False,False,,C,OTHER MOTOR VEHICLE,,1,0,RAINING,,OTHER* - OTHER*,,A,DAYLIGHT,,,,,,,A,NO PEDESTRIANS INVOLVED,,A,22350,,1,HEGENBERGER RD,2,,,B,N,10.0,EDGEWATER DR,F,,A,8/9/2024 8:21:16 AM,2/10/2025 3:01:09 PM,,,2,,,,,,,
3985324,16-062575,2,False,0109,11/25/2016 4:26:00 PM,1626,24Y,14,109,Oakland,1,True,True,C,REAR END,,Friday,,,M,,False,False,True,,C,OTHER MOTOR VEHICLE,,0,0,CLEAR,,NO UNUSUAL CONDITIONS - NO UNUSUAL CONDITIONS,,B,DUSK-DAWN,,,,,,,A,NO PEDESTRIANS INVOLVED,,A,22350,,1,35TH AV,2,,,A,N,45.0,BROOKDALE AV,F,,D,8/9/2024 8:21:16 AM,2/10/2025 3:01:09 PM,,,2,,,,,,,
3985322,16-056623,2,False,0109,11/3/2016 11:45:00 AM,1145,02X,14,109,Oakland,1,True,True,D,BROADSIDE,,Thursday,,,,,False,False,False,,C,OTHER MOTOR VEHICLE,,2,0,CLEAR,,NO UNUSUAL CONDITIONS - NO UNUSUAL CONDITIONS,,A,DAYLIGHT,,,,,,,A,NO PEDESTRIANS INVOLVED,,A,21453A,,1,5TH ST,1,,,A,,,MARKET ST,,,A,8/9/2024 8:21:15 AM,2/10/2025 3:01:09 PM,,,2,,,,,,,
3985320,16-062489,2,False,0109,11/25/2016 12:02:00 AM,2,30X,14,109,Oakland,1,True,True,D,BROADSIDE,,Friday,,,M,,False,False,False,,C,OTHER MOTOR VEHICLE,,0,0,CLEAR,,NO UNUSUAL CONDITIONS - NO UNUSUAL CONDITIONS,,C,DARK-STREET LIGHTS,,,,,,,A,NO PEDESTRIANS INVOLVED,,A,22450A,,1,76TH AV,2,,,A,,,GARFIELD ST,,,D,8/9/2024 8:21:15 AM,2/10/2025 3:01:09 PM,,,2,,,,,,,
3985319,16-061452,2,False,0109,11/18/2016 8:09:00 PM,2009,02Y,14,109,Oakland,1,True,True,C,REAR END,,Friday,,,,,False,False,False,,C,OTHER MOTOR VEHICLE,,1,0,CLEAR,,NO UNUSUAL CONDITIONS - NO UNUSUAL CONDITIONS,,C,DARK-STREET LIGHTS,,,,,,,A,NO PEDESTRIANS INVOLVED,,D,,,,7TH ST,1,,,A,W,150.0,PERALTA ST,F,,A,8/9/2024 8:21:15 AM,2/10/2025 3:01:09 PM,,,2,,,,,,,
3985315,16-062370,2,False,0109,11/24/2016 12:51:00 AM,51,27X,14,109,Oakland,1,True,True,B,SIDE SWIPE,,Thursday,,,M,,False,False,True,,E,PARKED MOTOR VEHICLE,,0,0,CLEAR,,NO UNUSUAL CONDITIONS - NO UNUSUAL CONDITIONS,,C,DARK-STREET LIGHTS,,,,,,,A,NO PEDESTRIANS INVOLVED,,A,22107,,1,BANCROFT AV,2,,,A,,,51ST AV,,,D,8/9/2024 8:21:15 AM,2/10/2025 3:01:09 PM,,,2,,,,,,,
3985266,16-063640,2,False,0109,12/1/2016 10:00:00 AM,1000,03X,14,109,Oakland,1,True,True,B,SIDE SWIPE,,Thursday,,,,,False,False,False,,E,PARKED MOTOR VEHICLE,,0,0,CLEAR,,NO UNUSUAL CONDITIONS - NO UNUSUAL CONDITIONS,,A,DAYLIGHT,,,,,,,A,NO PEDESTRIANS INVOLVED,,A,22106,,1,MADISON ST,1,,,A,N,15.0,7TH ST,F,,A,8/9/2024 8:21:13 AM,2/10/2025 3:01:06 PM,,,2,,,,,,,
3985262,16-064833,2,False,0109,12/8/2016 12:04:00 PM,1204,05Y,14,109,Oakland,1,True,True,D,BROADSIDE,,Thursday,,,,,False,False,False,,C,OTHER MOTOR VEHICLE,,0,0,RAINING,,NO UNUSUAL CONDITIONS - NO UNUSUAL CONDITIONS,,A,DAYLIGHT,,,,,,,A,NO PEDESTRIANS INVOLVED,,A,21802A,,1,MANDELA PKWY,1,,,B,,,18TH ST,,,A,8/9/2024 8:21:13 AM,2/10/2025 3:01:05 PM,,,2,,,,,,,
3985212,16-057840,2,False,0109,10/30/2016 7:30:00 AM,730,31X,14,109,Oakland,1,True,True,D,BROADSIDE,,Sunday,,,,,False,False,False,,,,,0,0,CLOUDY,,NO UNUSUAL CONDITIONS - NO UNUSUAL CONDITIONS,,A,DAYLIGHT,,,,,,,A,NO PEDESTRIANS INVOLVED,,A,21801A,,1,EDES AV,2,,,A,E,100.0,98TH AV,F,,D,8/9/2024 8:21:11 AM,2/10/2025 3:01:03 PM,,,2,,,,,,,
3985209,16-057038,2,False,0109,10/26/2016 10:05:00 AM,1005,04X,14,109,Oakland,1,True,True,A,HEAD-ON,,Wednesday,,,,,False,False,True,,C,OTHER MOTOR VEHICLE,,0,0,CLEAR,,NO UNUSUAL CONDITIONS - NO UNUSUAL CONDITIONS,,A,DAYLIGHT,,,,,,,A,NO PEDESTRIANS INVOLVED,,A,22107,,1,SAN PABLO AV,1,,,A,E,165.0,W GRAND AV,F,,A,8/9/2024 8:21:11 AM,2/10/2025 3:01:02 PM,,,2,,,,,,,
3985205,16-064035,2,False,0109,12/4/2016 1:20:00 AM,120,06X,14,109,Oakland,1,True,True,B,SIDE SWIPE,,Sunday,,,,,False,False,False,,E,PARKED MOTOR VEHICLE,,0,0,CLEAR,,NO UNUSUAL CONDITIONS - NO UNUSUAL CONDITIONS,,C,DARK-STREET LIGHTS,,,,,,,A,NO PEDESTRIANS INVOLVED,,A,22107,,1,40TH ST,1,,,A,E,150.0,MARKET ST,F,,D,8/9/2024 8:21:11 AM,2/10/2025 3:01:02 PM,,,2,,,,,,,
3985195,16-064891,2,False,0109,12/8/2016 4:39:00 PM,1639,08X,14,109,Oakland,1,True,True,D,BROADSIDE,,Thursday,,,,,False,False,False,,C,OTHER MOTOR VEHICLE,,2,0,RAINING,,NO UNUSUAL CONDITIONS - NO UNUSUAL CONDITIONS,,B,DUSK-DAWN,,,,,,,A,NO PEDESTRIANS INVOLVED,,A,21802A,,1,NORTHGATE AV,1,,,B,,,SYCAMORE ST,,,A,8/9/2024 8:21:11 AM,2/10/2025 3:01:01 PM,,,2,,,,,,,
3985191,16-064936,2,False,0109,12/8/2016 9:15:00 PM,2115,12Y,14,109,Oakland,1,True,True,C,REAR END,,Thursday,,,M,,False,False,True,,C,OTHER MOTOR VEHICLE,,1,0,RAINING,,NO UNUSUAL CONDITIONS - NO UNUSUAL CONDITIONS,,C,DARK-STREET LIGHTS,,,,,,,A,NO PEDESTRIANS INVOLVED,,A,22350,,1,TELEGRAPH AV,1,,,B,S,100.0,63RD ST,F,,A,8/9/2024 8:21:10 AM,2/10/2025 3:01:01 PM,,,2,,,,,,,
3985175,16-064390,2,False,0109,12/6/2016 9:01:00 AM,901,25Y,14,109,Oakland,1,True,True,D,BROADSIDE,,Tuesday,,,,,False,False,False,,C,OTHER MOTOR VEHICLE,,1,0,CLEAR,,NO UNUSUAL CONDITIONS - NO UNUSUAL CONDITIONS,,A,DAYLIGHT,,,,,,,A,NO PEDESTRIANS INVOLVED,,A,22102,,1,INTERNATIONAL BL,2,,,A,W,96.0,48TH AV,F,,D,8/9/2024 8:21:10 AM,2/10/2025 3:01:00 PM,,,2,,,,,,,
3985172,16-064867,2,False,0109,12/8/2016 2:33:00 PM,1433,03X,14,109,Oakland,1,True,True,A,HEAD-ON,,Thursday,,,,,False,False,False,,C,OTHER MOTOR VEHICLE,,1,0,CLOUDY,RAINING,NO UNUSUAL CONDITIONS - NO UNUSUAL CONDITIONS,,A,DAYLIGHT,,,,,,,A,NO PEDESTRIANS INVOLVED,,A,21801A,,1,7TH ST,1,,,B,,,FALLON ST,,,A,8/9/2024 8:21:10 AM,2/10/2025 3:01:00 PM,,,2,,,,,,,
3985167,16-063772,2,False,0109,12/2/2016 11:51:00 AM,1151,16X,14,109,Oakland,1,True,True,D,BROADSIDE,,Friday,,,,,False,False,False,,C,OTHER MOTOR VEHICLE,,0,0,CLEAR,,NO UNUSUAL CONDITIONS - NO UNUSUAL CONDITIONS,,A,DAYLIGHT,,,,,,,A,NO PEDESTRIANS INVOLVED,,A,21453A,,1,4TH AV,1,,,A,,,E 15TH ST,,,A,8/9/2024 8:21:09 AM,2/10/2025 3:01:00 PM,,,2,,,,,,,
3985163,16-064929,2,False,0109,12/8/2016 9:30:00 PM,2130,34X,14,109,Oakland,1,True,True,H,OTHER,,Thursday,,,,,False,False,False,,C,OTHER MOTOR VEHICLE,,0,0,RAINING,,NO UNUSUAL CONDITIONS - NO UNUSUAL CONDITIONS,,C,DARK-STREET LIGHTS,,,,,,,A,NO PEDESTRIANS INVOLVED,,A,22106,,1,84TH AV,2,,,B,S,100.0,BIRCH,F,,D,8/9/2024 8:21:09 AM,2/10/2025 3:00:59 PM,,,2,,,,,,,
3985159,16-064596,2,False,0109,12/7/2016 9:45:00 AM,945,03X,14,109,Oakland,1,True,True,B,SIDE SWIPE,,Wednesday,,,,,False,False,False,,C,OTHER MOTOR VEHICLE,,0,0,CLEAR,,NO UNUSUAL CONDITIONS - NO UNUSUAL CONDITIONS,,A,DAYLIGHT,,,,,,,A,NO PEDESTRIANS INVOLVED,,A,22107,,1,7TH ST,1,,,A,E,15.0,HARRISON ST,F,,A,8/9/2024 8:21:09 AM,2/10/2025 3:00:59 PM,,,2,,,,,,,
3985157,16-051393,2,False,0109,9/27/2016 12:14:00 PM,1214,30Y,14,109,Oakland,1,True,True,H,OTHER,,Tuesday,,,,,False,False,False,,E,PARKED MOTOR VEHICLE,,0,0,CLEAR,,NO UNUSUAL CONDITIONS - NO UNUSUAL CONDITIONS,,A,DAYLIGHT,,,,,,,A,NO PEDESTRIANS INVOLVED,,A,22350,,1,73RD AV,2,,,A,N,100.0,GARFIELD,F,,D,8/9/2024 8:21:09 AM,2/10/2025 3:00:59 PM,,,2,,,,,,,
3985154,16-057619,2,False,0109,10/28/2016 8:20:00 PM,2020,13X,14,109,Oakland,1,True,True,B,SIDE SWIPE,,Friday,,,,,False,False,False,,C,OTHER MOTOR VEHICLE,,0,0,CLEAR,,NO UNUSUAL CONDITIONS - NO UNUSUAL CONDITIONS,,C,DARK-STREET LIGHTS,,,,,,,A,NO PEDESTRIANS INVOLVED,,A,21460A,,1,BROADWAY TERR,1,,,B,,,HERMOSA ST,,,A,8/9/2024 8:21:09 AM,2/10/2025 3:00:59 PM,,,2,,,,,,,
3985153,16-057729,2,False,0109,10/29/2016 1:39:00 PM,1339,07X,14,109,Oakland,1,True,True,B,SIDE SWIPE,,Saturday,,,,,False,False,False,,C,OTHER MOTOR VEHICLE,,0,0,CLEAR,,NO UNUSUAL CONDITIONS - NO UNUSUAL CONDITIONS,,A,DAYLIGHT,,,,,,,A,NO PEDESTRIANS INVOLVED,,A,21802A,,1,MANDELA PKWY,1,,,A,,,HORTON ST,,,A,8/9/2024 8:21:09 AM,2/10/2025 3:00:59 PM,,,2,,,,,,,
3985152,16-058775,2,False,0109,11/4/2016 6:43:00 AM,643,30X,14,109,Oakland,1,True,True,G,VEHICLE/PEDESTRAIN,,Friday,,,M,,False,False,False,,G,BICYCLE,,0,0,CLEAR,,NO UNUSUAL CONDITIONS - NO UNUSUAL CONDITIONS,,C,DARK-STREET LIGHTS,,,,,,,,,,A,22450A,,1,73RD AV,2,,,A,,,LOCKWOOD,,,A,8/9/2024 8:21:09 AM,2/10/2025 3:00:59 PM,,,2,,,,,,,
3985151,16-054103,2,False,0109,10/11/2016 1:27:00 PM,1327,34X,14,109,Oakland,1,True,True,C,REAR END,,Tuesday,,,,,False,False,False,,C,OTHER MOTOR VEHICLE,,0,0,CLEAR,,NO UNUSUAL CONDITIONS - NO UNUSUAL CONDITIONS,,A,DAYLIGHT,,,,,,,A,NO PEDESTRIANS INVOLVED,,A,22350,,1,INTERNATIONAL BL,2,,,A,E,30.0,94TH AV,F,,A,8/9/2024 8:21:09 AM,2/10/2025 3:00:58 PM,,,2,,,,,,,
3985149,16-057602,2,False,0109,10/28/2016 6:07:00 PM,1807,13Z,14,109,Oakland,1,True,True,A,HEAD-ON,,Friday,,,,,False,False,False,,I,FIXED OBJECT,,0,0,RAINING,,NO UNUSUAL CONDITIONS - NO UNUSUAL CONDITIONS,,B,DUSK-DAWN,,,,,,,A,NO PEDESTRIANS INVOLVED,,A,21658A,,1,THORNHILL DR,1,,,B,,,MORAGA AV,,,A,8/9/2024 8:21:09 AM,2/10/2025 3:00:58 PM,,,2,,,,,,,
3985148,16-059252,2,False,0109,11/6/2016 11:55:00 PM,2355,30X,14,109,Oakland,1,True,True,A,HEAD-ON,,Sunday,,,M,,False,False,True,,,,,0,0,CLEAR,,NO UNUSUAL CONDITIONS - NO UNUSUAL CONDITIONS,,C,DARK-STREET LIGHTS,,,,,,,A,NO PEDESTRIANS INVOLVED,,A,22102,,1,HALLIDAY AV,2,,,A,E,300.0,CHURCH,F,,D,8/9/2024 8:21:09 AM,2/10/2025 3:00:58 PM,,,2,,,,,,,
3985147,16-062835,2,False,0109,11/27/2016 10:44:00 AM,1044,04X,14,109,Oakland,1,True,True,D,BROADSIDE,,Sunday,,,M,,False,False,True,,C,OTHER MOTOR VEHICLE,,1,0,CLEAR,,NO UNUSUAL CONDITIONS - NO UNUSUAL CONDITIONS,,A,DAYLIGHT,,,,,,,A,NO PEDESTRIANS INVOLVED,,A,21453A,,1,LAKESIDE DR,1,,,A,,,JACKSON ST,,,A,8/9/2024 8:21:09 AM,2/10/2025 3:00:58 PM,,,2,,,,,,,
3985146,16-058095,2,False,0109,10/31/2016 9:02:00 PM,2102,30Y,14,109,Oakland,1,True,True,B,SIDE SWIPE,,Monday,,,M,,False,False,False,,,,,0,0,RAINING,,OTHER* - OTHER*,,C,DARK-STREET LIGHTS,,,,,,,A,NO PEDESTRIANS INVOLVED,,A,22350,,1,BANCROFT AV,2,,,B,W,80.0,79TH AV,F,,D,8/9/2024 8:21:09 AM,2/10/2025 3:00:58 PM,,,2,,,,,,,