collision-id,report-number,report-version,is-preliminary,ncic-code,crash-date-time,crash-time-description,beat,city-id,city-code,city-name,county-code,city-is-active,city-is-incorporated,collision-type-code,collision-type-description,collision-type-other-desc,day-of-week,dispatch-notified,has-photographs,hit-run,is-attachments-mailed,is-deleted,is-highway-related,is-tow-away,judicial-district,motor-vehicle-involved-with-code,motor-vehicle-involved-with-desc,motor-vehicle-involved-with-other-desc,number-injured,number-killed,weather-1,weather-2,road-condition-1,road-condition-2,special-condition-lighting-code,lighting-description,latitude,longitude,milepost-direction,milepost-distance,milepost-marker,milepost-unit-of-measure,pedestrian-action-code,pedestrian-action-desc,prepared-date,primary-collision-factor-code,primary-collision-factor-violation,primary-collision-factor-is-cited,primary-collision-party-number,primary-road,reporting-district,reporting-district-code,reviewed-date,roadway-surface-code,secondary-direction,secondary-distance,secondary-road,secondary-unit-of-measure,sketch-desc,traffic-control-device-code,created-date,modified-date,is-county-road,is-freeway,chp-555-version,is-additonal-object-struck,notification-date,notification-time-description,has-digital-media-files,evidence-number,is-location-refer-to-narrative,is-aoi-one-same-as-location
3999185,16-061757,2,False,0109,11/20/2016 4:12:00 PM,1612,26X,14,109,Oakland,1,True,True,C,REAR END,,Sunday,,,,,False,False,False,,C,OTHER MOTOR VEHICLE,,1,0,RAINING,,NO UNUSUAL CONDITIONS - NO UNUSUAL CONDITIONS,,A,DAYLIGHT,,,,,,,A,NO PEDESTRIANS INVOLVED,,A,22350,,1,INTERNATIONAL BL,2,,,B,W,10.0,62ND AV,F,,A,8/9/2024 8:32:25 AM,2/10/2025 3:16:22 PM,,,2,,,,,,,
3999181,16-059125,2,False,0109,11/6/2016 6:45:00 AM,645,16X,14,109,Oakland,1,True,True,A,HEAD-ON,,Sunday,,,,,False,False,True,,I,FIXED OBJECT,,1,0,RAINING,,NO UNUSUAL CONDITIONS - NO UNUSUAL CONDITIONS,,B,DUSK-DAWN,,,,,,,A,NO PEDESTRIANS INVOLVED,,A,22107,,1,PARK BL,1,,,B,,,TRESTLE GLEN RD,,,D,8/9/2024 8:32:25 AM,2/10/2025 3:16:22 PM,,,2,,,,,,,
3999180,16-060153,2,False,0109,11/11/2016 11:25:00 PM,2325,19X,14,109,Oakland,1,True,True,D,BROADSIDE,,Friday,,,,,False,False,False,,C,OTHER MOTOR VEHICLE,,2,0,CLEAR,,NO UNUSUAL CONDITIONS - NO UNUSUAL CONDITIONS,,C,DARK-STREET LIGHTS,,,,,,,A,NO PEDESTRIANS INVOLVED,,D,,,,E 15TH ST,1,,,A,,,9TH AV,,,A,8/9/2024 8:32:25 AM,2/10/2025 3:16:21 PM,,,2,,,,,,,
3999179,16-061448,2,False,0109,11/18/2016 7:22:00 PM,1922,11X,14,109,Oakland,1,True,True,B,SIDE SWIPE,,Friday,,,M,,False,False,False,,G,BICYCLE,,1,0,CLEAR,,NO UNUSUAL CONDITIONS - NO UNUSUAL CONDITIONS,,C,DARK-STREET LIGHTS,,,,,,,A,NO PEDESTRIANS INVOLVED,,A,21801A,,1,AILEEN ST,1,,,A,,,SHATTUCK AV,,,D,8/9/2024 8:32:25 AM,2/10/2025 3:16:21 PM,,,2,,,,,,,
3999176,16-061442,2,False,0109,11/18/2016 6:45:00 PM,1845,31Z,14,109,Oakland,1,True,True,C,REAR END,,Friday,,,M,,False,False,False,,C,OTHER MOTOR VEHICLE,,1,0,CLEAR,,NO UNUSUAL CONDITIONS - NO UNUSUAL CONDITIONS,,C,DARK-STREET LIGHTS,,,,,,,A,NO PEDESTRIANS INVOLVED,,A,22350,,1,EDES AV,2,,,A,W,478.0,BERGEDO DR,F,,D,8/9/2024 8:32:25 AM,2/10/2025 3:16:21 PM,,,2,,,,,,,
3999175,16-061001,2,False,0109,11/16/2016 4:45:00 PM,1645,06X,14,109,Oakland,1,True,True,C,REAR END,,Wednesday,,,M,,False,False,False,,C,OTHER MOTOR VEHICLE,,1,0,CLEAR,,NO UNUSUAL CONDITIONS - NO UNUSUAL CONDITIONS,,A,DAYLIGHT,,,,,,,A,NO PEDESTRIANS INVOLVED,,A,22350,,1,MARKET ST,1,,,A,S,15.0,31ST ST,F,,D,8/9/2024 8:32:25 AM,2/10/2025 3:16:21 PM,,,2,,,,,,,
3997567,16-058553,2,False,0109,11/3/2016 5:30:00 AM,530,22Y,14,109,Oakland,1,True,True,D,BROADSIDE,,Thursday,,,M,,False,False,True,,E,PARKED MOTOR VEHICLE,,0,0,CLEAR,,NO UNUSUAL CONDITIONS - NO UNUSUAL CONDITIONS,,C,DARK-STREET LIGHTS,,,,,,,A,NO PEDESTRIANS INVOLVED,,A,22107,,1,CRESTMONT DR,1,,,A,S,30.0,CHADBOURNE WY,F,,D,8/9/2024 8:30:59 AM,2/10/2025 3:14:26 PM,,,2,,,,,,,
3997564,16-059376,2,False,0109,11/7/2016 4:05:00 PM,1605,30,14,109,Oakland,1,True,True,D,BROADSIDE,,Monday,,,F,,False,False,True,,C,OTHER MOTOR VEHICLE,,1,0,CLEAR,,NO UNUSUAL CONDITIONS - NO UNUSUAL CONDITIONS,,A,DAYLIGHT,,,,,,,A,NO PEDESTRIANS INVOLVED,,A,21800A,,1,73RD AV,2,,,A,,,ORRAL ST,,,A,8/9/2024 8:30:58 AM,2/10/2025 3:14:26 PM,,,2,,,,,,,
3997561,16-062084,2,False,0109,11/28/2016 12:00:00 PM,1200,10X,14,109,Oakland,1,True,True,A,HEAD-ON,,Monday,,,M,,False,False,False,,C,OTHER MOTOR VEHICLE,,0,0,CLEAR,,NO UNUSUAL CONDITIONS - NO UNUSUAL CONDITIONS,,A,DAYLIGHT,,,,,,,A,NO PEDESTRIANS INVOLVED,,A,21650,,1,63RD ST,1,,,A,W,10.0,SAN PABLO AV,F,,A,8/9/2024 8:30:58 AM,2/10/2025 3:14:26 PM,,,2,,,,,,,
3997559,16-063630,2,False,0109,12/1/2016 1:10:00 PM,1310,07X,14,109,Oakland,1,True,True,A,HEAD-ON,,Thursday,,,,,False,False,True,,C,OTHER MOTOR VEHICLE,,1,0,CLEAR,,NO UNUSUAL CONDITIONS - NO UNUSUAL CONDITIONS,,B,DUSK-DAWN,,,,,,,A,NO PEDESTRIANS INVOLVED,,A,21802A,,1,ADELINE ST,1,,,A,,,28TH ST,,,A,8/9/2024 8:30:58 AM,2/10/2025 3:14:25 PM,,,2,,,,,,,
3997557,16-062555,2,False,0109,11/25/2016 12:04:00 PM,1204,10,14,109,Oakland,1,True,True,D,BROADSIDE,,Friday,,,,,False,False,False,,C,OTHER MOTOR VEHICLE,,1,0,CLEAR,,NO UNUSUAL CONDITIONS - NO UNUSUAL CONDITIONS,,A,DAYLIGHT,,,,,,,A,NO PEDESTRIANS INVOLVED,,A,21802A,,1,LOWELL ST,1,,,A,,,54TH ST,,,A,8/9/2024 8:30:58 AM,2/10/2025 3:14:26 PM,,,2,,,,,,,
3997555,16-061298,2,False,0109,11/18/2016 8:18:00 AM,818,19X,14,109,Oakland,1,True,True,D,BROADSIDE,,Friday,,,,,False,False,True,,C,OTHER MOTOR VEHICLE,,0,0,CLEAR,,NO UNUSUAL CONDITIONS - NO UNUSUAL CONDITIONS,,A,DAYLIGHT,,,,,,,A,NO PEDESTRIANS INVOLVED,,A,21453A,,1,FOOTHILL BL,1,,,A,,,16TH AV,,,A,8/9/2024 8:30:58 AM,2/10/2025 3:14:26 PM,,,2,,,,,,,
3997552,16-062063,2,False,0109,11/22/2016 11:13:00 AM,1113,20X,14,109,Oakland,1,True,True,B,SIDE SWIPE,,Tuesday,,,,,False,False,False,,E,PARKED MOTOR VEHICLE,,0,0,CLEAR,,NO UNUSUAL CONDITIONS - NO UNUSUAL CONDITIONS,,A,DAYLIGHT,,,,,,,A,NO PEDESTRIANS INVOLVED,,A,22107,,1,E 11TH ST,1,,,A,,,LISBON AV,,,D,8/9/2024 8:30:58 AM,2/10/2025 3:14:25 PM,,,2,,,,,,,
3997549,16-063759,2,False,0109,12/2/2016 9:46:00 AM,946,35X,14,109,Oakland,1,True,True,C,REAR END,,Friday,,,,,False,False,False,,C,OTHER MOTOR VEHICLE,,2,0,CLEAR,,NO UNUSUAL CONDITIONS - NO UNUSUAL CONDITIONS,,A,DAYLIGHT,,,,,,,A,NO PEDESTRIANS INVOLVED,,A,22350,,1,BANCROFT AV,2,,,A,,,83RD AV,,,A,8/9/2024 8:30:58 AM,2/10/2025 3:14:25 PM,,,2,,,,,,,
3997545,16-041825,2,False,0109,8/7/2016 9:47:00 PM,2147,24X,14,109,Oakland,1,True,True,D,BROADSIDE,,Sunday,,,M,,False,False,False,,C,OTHER MOTOR VEHICLE,,3,0,CLEAR,,NO UNUSUAL CONDITIONS - NO UNUSUAL CONDITIONS,,C,DARK-STREET LIGHTS,,,,,,,F,NOT IN ROAD,,A,22450A,,1,HIGH ST,2,,,A,,,FLEMING AV,,,A,8/9/2024 8:30:57 AM,2/10/2025 3:14:25 PM,,,2,,,,,,,
3997544,16-066784,2,False,0109,12/19/2016 9:07:00 PM,2107,03X,14,109,Oakland,1,True,True,D,BROADSIDE,,Monday,,,M,,False,False,False,,C,OTHER MOTOR VEHICLE,,1,0,CLEAR,,NO UNUSUAL CONDITIONS - NO UNUSUAL CONDITIONS,,C,DARK-STREET LIGHTS,,,,,,,A,NO PEDESTRIANS INVOLVED,,A,21453A,,1,WEBSTER ST,1,,,A,,,8TH ST,,,B,8/9/2024 8:30:57 AM,2/10/2025 3:14:25 PM,,,2,,,,,,,
3997538,16-064024,2,False,0109,12/4/2016 11:05:00 PM,2305,33X,14,109,Oakland,1,True,True,G,VEHICLE/PEDESTRAIN,,Sunday,,,F,,False,False,False,,B,PEDESTRIAN,,1,0,CLEAR,,NO UNUSUAL CONDITIONS - NO UNUSUAL CONDITIONS,,A,DAYLIGHT,,,,,,,E,IN ROAD - INCLUDES SHOULDER,,A,22106,,1,A ST,2,,,A,E,15.0,84TH AV,F,,D,8/9/2024 8:30:57 AM,2/10/2025 3:14:24 PM,,,2,,,,,,,
3997535,16-063724,2,False,0109,12/2/2016 3:30:00 AM,330,07X,14,109,Oakland,1,True,True,D,BROADSIDE,,Friday,,,M,,False,False,False,,,,,0,0,CLEAR,,NO UNUSUAL CONDITIONS - NO UNUSUAL CONDITIONS,,C,DARK-STREET LIGHTS,,,,,,,A,NO PEDESTRIANS INVOLVED,,A,22450A,,1,32ND ST,1,,,A,,,HELEN ST,,,A,8/9/2024 8:30:57 AM,2/10/2025 3:14:24 PM,,,2,,,,,,,
3997533,16-063474,2,False,0109,12/1/2016 12:15:00 AM,15,06X,14,109,Oakland,1,True,True,C,REAR END,,Thursday,,,M,,False,False,True,,E,PARKED MOTOR VEHICLE,,0,0,CLEAR,,NO UNUSUAL CONDITIONS - NO UNUSUAL CONDITIONS,,C,DARK-STREET LIGHTS,,,,,,,A,NO PEDESTRIANS INVOLVED,,A,22107,,1,31ST ST,1,,,A,W,5.0,WEST ST,F,,D,8/9/2024 8:30:57 AM,2/10/2025 3:14:24 PM,,,2,,,,,,,
3997481,16-057809,2,False,0109,10/30/2016 12:37:00 AM,37,24X,14,109,Oakland,1,True,True,A,HEAD-ON,,Sunday,,,M,,False,False,False,,E,PARKED MOTOR VEHICLE,,0,0,CLEAR,,NO UNUSUAL CONDITIONS - NO UNUSUAL CONDITIONS,,C,DARK-STREET LIGHTS,,,,,,,A,NO PEDESTRIANS INVOLVED,,A,22106,,1,STAR AV,2,,,A,S,100.0,SUTER ST,F,,D,8/9/2024 8:30:54 AM,2/10/2025 3:14:21 PM,,,2,,,,,,,
3997313,16-064572,2,False,0109,12/7/2016 7:00:00 AM,700,22Y,14,109,Oakland,1,True,True,C,REAR END,,Wednesday,,,M,,False,False,True,,E,PARKED MOTOR VEHICLE,,0,0,CLOUDY,,NO UNUSUAL CONDITIONS - NO UNUSUAL CONDITIONS,,A,DAYLIGHT,,,,,,,A,NO PEDESTRIANS INVOLVED,,A,22107,,1,MAPLE AV,1,,,A,N,63.0,CARMEL ST,F,,D,8/9/2024 8:30:47 AM,2/10/2025 3:14:10 PM,,,2,,,,,,,
3997309,16-068215,2,False,0109,12/28/2016 11:30:00 AM,1130,02X,14,109,Oakland,1,True,True,A,HEAD-ON,,Wednesday,,,,,False,False,False,,C,OTHER MOTOR VEHICLE,,0,0,CLEAR,,NO UNUSUAL CONDITIONS - NO UNUSUAL CONDITIONS,,A,DAYLIGHT,,,,,,,A,NO PEDESTRIANS INVOLVED,,A,21801A,,1,8TH ST,1,,,A,,,KIRKHAM WY,,,D,8/9/2024 8:30:47 AM,2/10/2025 3:14:10 PM,,,2,,,,,,,
3997302,16-064346,2,False,0109,12/6/2016 12:40:00 AM,40,33X,14,109,Oakland,1,True,True,B,SIDE SWIPE,,Tuesday,,,M,,False,False,True,,C,OTHER MOTOR VEHICLE,,0,0,CLEAR,,NO UNUSUAL CONDITIONS - NO UNUSUAL CONDITIONS,,C,DARK-STREET LIGHTS,,,,,,,A,NO PEDESTRIANS INVOLVED,,A,22107,,1,82ND AV,2,,,A,S,10.0,A ST,F,,D,8/9/2024 8:30:47 AM,2/10/2025 3:14:09 PM,,,2,,,,,,,
3997294,16-064273,2,False,0109,12/5/2016 2:32:00 PM,1432,02X,14,109,Oakland,1,True,True,A,HEAD-ON,,Monday,,,,,False,False,False,,C,OTHER MOTOR VEHICLE,,0,0,CLEAR,,NO UNUSUAL CONDITIONS - NO UNUSUAL CONDITIONS,,A,DAYLIGHT,,,,,,,A,NO PEDESTRIANS INVOLVED,,A,21801A,,1,7TH ST,1,,,A,S,33.0,WILLOW ST,F,,A,8/9/2024 8:30:46 AM,2/10/2025 3:14:08 PM,,,2,,,,,,,
3996974,16-059155,2,False,0109,11/6/2016 11:30:00 PM,2330,23X,14,109,Oakland,1,True,True,E,HIT OBJECT,,Sunday,,,M,,False,False,True,,E,PARKED MOTOR VEHICLE,,0,0,CLEAR,,NO UNUSUAL CONDITIONS - NO UNUSUAL CONDITIONS,,C,DARK-STREET LIGHTS,,,,,,,A,NO PEDESTRIANS INVOLVED,,A,22107,,1,FOOTHILL BL,2,,,A,W,20.0,39TH AV,F,,A,8/9/2024 8:30:29 AM,2/10/2025 3:13:48 PM,,,2,,,,,,,
3996972,16-061713,2,False,0109,11/20/2016 11:10:00 AM,1110,19X,14,109,Oakland,1,True,True,B,SIDE SWIPE,,Sunday,,,M,,False,False,False,,E,PARKED MOTOR VEHICLE,,0,0,RAINING,,NO UNUSUAL CONDITIONS - NO UNUSUAL CONDITIONS,,C,DARK-STREET LIGHTS,,,,,,,A,NO PEDESTRIANS INVOLVED,,A,22107,,1,E 15TH ST,1,,,B,W,12.0,2ND AV,F,,D,8/9/2024 8:30:29 AM,2/10/2025 3:13:48 PM,,,2,,,,,,,
3996971,16-059466,2,False,0109,11/8/2016 6:21:00 AM,621,29X,14,109,Oakland,1,True,True,B,SIDE SWIPE,,Tuesday,,,M,,False,False,False,,E,PARKED MOTOR VEHICLE,,0,0,CLEAR,,NO UNUSUAL CONDITIONS - NO UNUSUAL CONDITIONS,,A,DAYLIGHT,,,,,,,A,NO PEDESTRIANS INVOLVED,,A,22107,,1,FOOTHILL BL,2,,,A,W,75.0,SEMINARY AV,F,,D,8/9/2024 8:30:28 AM,2/10/2025 3:13:48 PM,,,2,,,,,,,
3996963,16-060919,2,False,0109,11/20/2016 10:30:00 AM,1030,08X,14,109,Oakland,1,True,True,C,REAR END,,Sunday,,,,,False,False,False,,C,OTHER MOTOR VEHICLE,,0,0,CLEAR,,NO UNUSUAL CONDITIONS - NO UNUSUAL CONDITIONS,,A,DAYLIGHT,,,,,,,A,NO PEDESTRIANS INVOLVED,,A,22350,,1,TELEGRAPH AV,1,,,A,S,10.0,25TH ST,F,,A,8/9/2024 8:30:27 AM,2/10/2025 3:13:47 PM,,,2,,,,,,,
3996959,16-062011,2,False,0109,11/22/2016 5:45:00 AM,545,31Y,14,109,Oakland,1,True,True,C,REAR END,,Tuesday,,,M,,False,False,False,,C,OTHER MOTOR VEHICLE,,0,0,CLEAR,,NO UNUSUAL CONDITIONS - NO UNUSUAL CONDITIONS,,C,DARK-STREET LIGHTS,,,,,,,A,NO PEDESTRIANS INVOLVED,,A,21453A,,1,98TH AV,2,,,A,,,DENSLOWE AV,,,A,8/9/2024 8:30:27 AM,2/10/2025 3:13:47 PM,,,2,,,,,,,
3996956,16-061687,2,False,0109,11/20/2016 6:45:00 AM,645,14X,14,109,Oakland,1,True,True,C,REAR END,,Sunday,,,M,,False,False,False,,E,PARKED MOTOR VEHICLE,,0,0,CLEAR,,NO UNUSUAL CONDITIONS - NO UNUSUAL CONDITIONS,,C,DARK-STREET LIGHTS,,,,,,,A,NO PEDESTRIANS INVOLVED,,A,22106,,1,EUCLID DR,1,,,A,N,300.0,VAN BUREN AV,F,,D,8/9/2024 8:30:27 AM,2/10/2025 3:13:47 PM,,,2,,,,,,,
3996951,16-063294,2,False,0109,11/29/2016 5:00:00 PM,1700,35X,14,109,Oakland,1,True,True,B,SIDE SWIPE,,Tuesday,,,M,,False,False,False,,C,OTHER MOTOR VEHICLE,,0,0,CLEAR,,NO UNUSUAL CONDITIONS - NO UNUSUAL CONDITIONS,,B,DUSK-DAWN,,,,,,,A,NO PEDESTRIANS INVOLVED,,A,22107,,1,82ND AV,2,,,A,N,12.0,DOWLING ST,F,,A,8/9/2024 8:30:27 AM,2/10/2025 3:13:47 PM,,,2,,,,,,,
3996948,16-066075,2,False,0109,12/15/2016 11:49:00 AM,1149,31X,14,109,Oakland,1,True,True,E,HIT OBJECT,,Thursday,,,,,False,False,False,,I,FIXED OBJECT,,0,0,RAINING,,,,A,DAYLIGHT,,,,,,,A,NO PEDESTRIANS INVOLVED,,A,22350,,1,SAN LEANDRO ST,2,,,B,,,HEGENBERGER RD,,,D,8/9/2024 8:30:27 AM,2/10/2025 3:13:46 PM,,,2,,,,,,,
3996846,16-067107,2,False,0109,12/21/2016 1:52:00 PM,1352,31X,14,109,Oakland,1,True,True,B,SIDE SWIPE,,Wednesday,,,,,False,False,True,,C,OTHER MOTOR VEHICLE,,3,0,CLEAR,,NO UNUSUAL CONDITIONS - NO UNUSUAL CONDITIONS,,A,DAYLIGHT,,,,,,,A,NO PEDESTRIANS INVOLVED,,A,22350,,1,EDES AV,2,,,A,E,200.0,98TH AV,F,,B,8/9/2024 8:30:21 AM,2/10/2025 3:13:40 PM,,,2,,,,,,,
3996843,16-065076,2,False,0109,12/9/2016 8:29:00 PM,2029,27Y,14,109,Oakland,1,True,True,C,REAR END,,Friday,,,M,,False,False,False,,C,OTHER MOTOR VEHICLE,,3,0,CLEAR,,NO UNUSUAL CONDITIONS - NO UNUSUAL CONDITIONS,,C,DARK-STREET LIGHTS,,,,,,,A,NO PEDESTRIANS INVOLVED,,A,22350,,1,INTERNATIONAL BL,2,,,A,E,105.0,50TH AV,F,,A,8/9/2024 8:30:21 AM,2/10/2025 3:13:40 PM,,,2,,,,,,,
3996842,16-068541,2,False,0109,12/30/2016 10:22:00 AM,1022,26X,14,109,Oakland,1,True,True,D,BROADSIDE,,Friday,,,,,False,False,False,,,,,0,0,CLEAR,,NO UNUSUAL CONDITIONS - NO UNUSUAL CONDITIONS,,A,DAYLIGHT,,,,,,,A,NO PEDESTRIANS INVOLVED,,A,21802A,,1,INTERNATIONAL BL,2,,,A,,,75TH AV,,,A,8/9/2024 8:30:21 AM,2/10/2025 3:13:40 PM,,,2,,,,,,,
3996839,16-064842,2,False,0109,12/8/2016 12:35:00 PM,1235,19X,14,109,Oakland,1,True,True,H,OTHER,,Thursday,,,,,False,False,True,,C,OTHER MOTOR VEHICLE,,1,0,RAINING,,NO UNUSUAL CONDITIONS - NO UNUSUAL CONDITIONS,,A,DAYLIGHT,,,,,,,A,NO PEDESTRIANS INVOLVED,,A,21802A,,1,FOOTHILL BL,1,,,B,,,21ST AV,,,A,8/9/2024 8:30:21 AM,2/10/2025 3:13:39 PM,,,2,,,,,,,
3996831,16-064566,2,False,0109,12/7/2016 7:38:00 AM,738,20X,14,109,Oakland,1,True,True,G,VEHICLE/PEDESTRAIN,,Wednesday,,,,,False,False,False,,B,PEDESTRIAN,,1,0,CLEAR,,NO UNUSUAL CONDITIONS - NO UNUSUAL CONDITIONS,,A,DAYLIGHT,,,,,,,B,CROSSING IN CROSS WALK AT INTERSECTION,,A,21950A,,1,FOOTHILL BL,1,,,A,E,15.0,27TH AV,F,,A,8/9/2024 8:30:20 AM,2/10/2025 3:13:38 PM,,,2,,,,,,,
3996826,16-064301,2,False,0109,12/5/2016 6:30:00 PM,1830,01X,14,109,Oakland,1,True,True,D,BROADSIDE,,Monday,,,,,False,False,False,,C,OTHER MOTOR VEHICLE,,2,0,CLEAR,,,,B,DUSK-DAWN,,,,,,,A,NO PEDESTRIANS INVOLVED,,A,21802A,,1,4TH ST,1,,,A,,,WASHINGTON,,,D,8/9/2024 8:30:20 AM,2/10/2025 3:13:38 PM,,,2,,,,,,,
3996814,16-063618,2,False,0109,12/2/2016 5:07:00 AM,507,30X,14,109,Oakland,1,True,True,B,SIDE SWIPE,,Friday,,,M,,False,False,False,,E,PARKED MOTOR VEHICLE,,0,0,CLEAR,,NO UNUSUAL CONDITIONS - NO UNUSUAL CONDITIONS,,A,DAYLIGHT,,,,,,,A,NO PEDESTRIANS INVOLVED,,A,22107,,1,68TH AV,2,,,A,N,150.0,ARTHUR ST,F,,D,8/9/2024 8:30:19 AM,2/10/2025 3:13:38 PM,,,2,,,,,,,
3996805,16-044075,2,False,0109,8/19/2016 7:38:00 PM,1938,21X,14,109,Oakland,1,True,True,D,BROADSIDE,,Friday,,,,,False,False,False,,C,OTHER MOTOR VEHICLE,,0,0,OTHER,,NO UNUSUAL CONDITIONS - NO UNUSUAL CONDITIONS,,C,DARK-STREET LIGHTS,,,,,,,A,NO PEDESTRIANS INVOLVED,,A,22450A,,2,23RD AV,1,,,A,,,27TH ST,,,A,8/9/2024 8:30:19 AM,2/10/2025 3:13:37 PM,,,2,,,,,,,
3996800,16-059510,2,False,0109,11/8/2016 11:28:00 AM,1128,29X,14,109,Oakland,1,True,True,A,HEAD-ON,,Tuesday,,,M,,False,False,False,,C,OTHER MOTOR VEHICLE,,0,0,CLEAR,,NO UNUSUAL CONDITIONS - NO UNUSUAL CONDITIONS,,A,DAYLIGHT,,,,,,,A,NO PEDESTRIANS INVOLVED,,A,21804A,,1,HAVENSCOURT BL,2,,,A,N,20.0,FOOTHILL BL,F,,A,8/9/2024 8:30:18 AM,2/10/2025 3:13:37 PM,,,2,,,,,,,
3996795,16-029205,2,False,0109,5/31/2016 9:50:00 PM,2150,30Y,14,109,Oakland,1,True,True,H,OTHER,,Tuesday,,,M,,False,False,True,,E,PARKED MOTOR VEHICLE,,0,0,CLEAR,,NO UNUSUAL CONDITIONS - NO UNUSUAL CONDITIONS,,C,DARK-STREET LIGHTS,,,,,,,A,NO PEDESTRIANS INVOLVED,,A,22106,,1,74TH AV,2,,,A,S,194.0,HILLSDALE ST,F,,D,8/9/2024 8:30:18 AM,2/10/2025 3:13:37 PM,,,2,,,,,,,
3995594,16-051890,2,False,0109,9/29/2016 8:20:00 PM,2020,26,14,109,Oakland,1,True,True,C,REAR END,,Thursday,,,,,False,False,False,,C,OTHER MOTOR VEHICLE,,0,0,CLEAR,,NO UNUSUAL CONDITIONS - NO UNUSUAL CONDITIONS,,C,DARK-STREET LIGHTS,,,,,,,A,NO PEDESTRIANS INVOLVED,,A,22107,,1,INTERNATIONAL BL,2,,,A,,,72ND AV,,,D,8/9/2024 8:29:09 AM,2/10/2025 3:12:20 PM,,,2,,,,,,,
3995586,16-052138,2,False,0109,9/30/2016 10:13:00 PM,2213,01,14,109,Oakland,1,True,True,B,SIDE SWIPE,,Friday,,,M,,False,False,False,,C,OTHER MOTOR VEHICLE,,0,0,CLEAR,,NO UNUSUAL CONDITIONS - NO UNUSUAL CONDITIONS,,C,DARK-STREET LIGHTS,,,,,,,A,NO PEDESTRIANS INVOLVED,,A,20002A,,1,BROADWAY,1,,,A,,,5TH ST,,,A,8/9/2024 8:29:08 AM,2/10/2025 3:12:19 PM,,,2,,,,,,,
3995585,16-049648,2,False,0109,9/18/2016 4:00:00 PM,1600,26,14,109,Oakland,1,True,True,A,HEAD-ON,,Sunday,,,,,False,False,False,,I,FIXED OBJECT,,0,0,CLEAR,,NO UNUSUAL CONDITIONS - NO UNUSUAL CONDITIONS,,A,DAYLIGHT,,,,,,,A,NO PEDESTRIANS INVOLVED,,A,22107,,1,SAN LEANDRO ST,2,,,A,E,300.0,66TH AV,F,,A,8/9/2024 8:29:08 AM,2/10/2025 3:12:19 PM,,,2,,,,,,,
3995581,16-051758,2,False,0109,9/29/2016 11:07:00 PM,2307,27,14,109,Oakland,1,True,True,B,SIDE SWIPE,,Thursday,,,M,,False,False,False,,C,OTHER MOTOR VEHICLE,,0,0,CLEAR,,NO UNUSUAL CONDITIONS - NO UNUSUAL CONDITIONS,,C,DARK-STREET LIGHTS,,,,,,,A,NO PEDESTRIANS INVOLVED,,A,22107,,1,55TH AV,2,,,A,S,50.0,CRITTENDEN ST,F,,D,8/9/2024 8:29:08 AM,2/10/2025 3:12:19 PM,,,2,,,,,,,
3995578,16-049881,2,False,0109,9/19/2016 3:32:00 PM,1532,31,14,109,Oakland,1,True,True,H,OTHER,,Monday,,,M,,False,False,False,,C,OTHER MOTOR VEHICLE,,0,0,CLEAR,,NO UNUSUAL CONDITIONS - NO UNUSUAL CONDITIONS,,A,DAYLIGHT,,,,,,,A,NO PEDESTRIANS INVOLVED,,A,21801A,,1,EDES AV,2,,,A,N,50.0,HEGENBERGER AV,F,,D,8/9/2024 8:29:08 AM,2/10/2025 3:12:19 PM,,,2,,,,,,,
3995573,16-048829,2,False,0109,9/13/2016 8:15:00 PM,2015,01,14,109,Oakland,1,True,True,C,REAR END,,Tuesday,,,,,False,False,False,,E,PARKED MOTOR VEHICLE,,0,0,CLOUDY,,NO UNUSUAL CONDITIONS - NO UNUSUAL CONDITIONS,,C,DARK-STREET LIGHTS,,,,,,,A,NO PEDESTRIANS INVOLVED,,A,22107,,1,JEFFERSON ST,1,,,A,N,100.0,7TH ST,F,,D,8/9/2024 8:29:08 AM,2/10/2025 3:12:19 PM,,,2,,,,,,,
3995572,16-050140,2,False,0109,9/20/2016 10:45:00 PM,2245,14,14,109,Oakland,1,True,True,A,HEAD-ON,,Tuesday,,,M,,False,False,False,,C,OTHER MOTOR VEHICLE,,0,0,CLEAR,,NO UNUSUAL CONDITIONS - NO UNUSUAL CONDITIONS,,C,DARK-STREET LIGHTS,,,,,,,A,NO PEDESTRIANS INVOLVED,,A,22107,,1,WELDON AV,1,,,A,E,87.0,GRAND AV,F,,D,8/9/2024 8:29:08 AM,2/10/2025 3:12:18 PM,,,2,,,,,,,
3995567,16-049754,2,False,0109,9/19/2016 8:40:00 AM,840,18,14,109,Oakland,1,True,True,C,REAR END,,Monday,,,,,False,False,False,,C,OTHER MOTOR VEHICLE,,0,0,CLEAR,,NO UNUSUAL CONDITIONS - NO UNUSUAL CONDITIONS,,A,DAYLIGHT,,,,,,,A,NO PEDESTRIANS INVOLVED,,A,22350,,1,FOOTHILL BL,1,,,A,,,19TH AV,,,A,8/9/2024 8:29:07 AM,2/10/2025 3:12:18 PM,,,2,,,,,,,
3995566,16-056110,2,False,0109,10/21/2016 1:12:00 PM,1312,08,14,109,Oakland,1,True,True,B,SIDE SWIPE,,Friday,,,,,False,False,False,,C,OTHER MOTOR VEHICLE,,0,0,CLEAR,,NO UNUSUAL CONDITIONS - NO UNUSUAL CONDITIONS,,A,DAYLIGHT,,,,,,,A,NO PEDESTRIANS INVOLVED,,A,23152A,,1,27TH ST,1,,,A,W,20.0,BROADWAY,F,,A,8/9/2024 8:29:07 AM,2/10/2025 3:12:18 PM,,,2,,,,,,,
3995563,16-056472,2,False,0109,10/23/2016 5:55:00 AM,555,30,14,109,Oakland,1,True,True,B,SIDE SWIPE,,Sunday,,,,,False,False,False,,C,OTHER MOTOR VEHICLE,,0,0,CLEAR,,NO UNUSUAL CONDITIONS - NO UNUSUAL CONDITIONS,,C,DARK-STREET LIGHTS,,,,,,,A,NO PEDESTRIANS INVOLVED,,A,22107,,1,73RD AV,2,,,A,,,KRAUSE,,,A,8/9/2024 8:29:07 AM,2/10/2025 3:12:18 PM,,,2,,,,,,,