collision-id,report-number,report-version,is-preliminary,ncic-code,crash-date-time,crash-time-description,beat,city-id,city-code,city-name,county-code,city-is-active,city-is-incorporated,collision-type-code,collision-type-description,collision-type-other-desc,day-of-week,dispatch-notified,has-photographs,hit-run,is-attachments-mailed,is-deleted,is-highway-related,is-tow-away,judicial-district,motor-vehicle-involved-with-code,motor-vehicle-involved-with-desc,motor-vehicle-involved-with-other-desc,number-injured,number-killed,weather-1,weather-2,road-condition-1,road-condition-2,special-condition-lighting-code,lighting-description,latitude,longitude,milepost-direction,milepost-distance,milepost-marker,milepost-unit-of-measure,pedestrian-action-code,pedestrian-action-desc,prepared-date,primary-collision-factor-code,primary-collision-factor-violation,primary-collision-factor-is-cited,primary-collision-party-number,primary-road,reporting-district,reporting-district-code,reviewed-date,roadway-surface-code,secondary-direction,secondary-distance,secondary-road,secondary-unit-of-measure,sketch-desc,traffic-control-device-code,created-date,modified-date,is-county-road,is-freeway,chp-555-version,is-additonal-object-struck,notification-date,notification-time-description,has-digital-media-files,evidence-number,is-location-refer-to-narrative,is-aoi-one-same-as-location
3993951,16-050505,2,False,0109,9/22/2016 5:34:00 PM,1734,34X,14,109,Oakland,1,True,True,C,REAR END,,Thursday,,,,,False,False,True,,E,PARKED MOTOR VEHICLE,,1,0,CLEAR,,NO UNUSUAL CONDITIONS - NO UNUSUAL CONDITIONS,,A,DAYLIGHT,,,,,,,A,NO PEDESTRIANS INVOLVED,,A,22107,,1,INTERNATIONAL BL,2,,,A,W,50.0,93RD AV,F,,D,8/9/2024 8:27:43 AM,2/10/2025 3:10:35 PM,,,2,,,,,,,
3993947,16-052117,2,False,0109,9/30/2016 8:30:00 PM,2030,10X,14,109,Oakland,1,True,True,G,VEHICLE/PEDESTRAIN,,Friday,,,,,False,False,False,,B,PEDESTRIAN,,1,0,CLEAR,,NO UNUSUAL CONDITIONS - NO UNUSUAL CONDITIONS,,A,DAYLIGHT,,,,,,,B,CROSSING IN CROSS WALK AT INTERSECTION,,A,21950A,,1,SAN PABLO AV,1,,,A,S,2.0,STANFORD AV,F,,A,8/9/2024 8:27:43 AM,2/10/2025 3:10:35 PM,,,2,,,,,,,
3992969,16-050788,2,False,0109,6/24/2016 2:13:00 AM,213,20X,14,109,Oakland,1,True,True,A,HEAD-ON,,Friday,,,,,False,False,True,,C,OTHER MOTOR VEHICLE,,0,0,CLEAR,,NO UNUSUAL CONDITIONS - NO UNUSUAL CONDITIONS,,C,DARK-STREET LIGHTS,,,,,,,A,NO PEDESTRIANS INVOLVED,,A,21801A,,1,25TH AV,1,,,A,,,INTERNATIONAL BL,,,A,8/9/2024 8:26:55 AM,2/10/2025 3:09:33 PM,,,2,,,,,,,
3992832,16-057143,2,False,0109,10/26/2016 3:54:00 PM,1554,04X,14,109,Oakland,1,True,True,D,BROADSIDE,,Wednesday,,,,,False,False,False,,C,OTHER MOTOR VEHICLE,,1,0,CLEAR,,NO UNUSUAL CONDITIONS - NO UNUSUAL CONDITIONS,,A,DAYLIGHT,,,,,,,A,NO PEDESTRIANS INVOLVED,,A,21453A,,,FRANKLIN ST,1,,,A,,,20TH ST,,,A,8/9/2024 8:26:49 AM,2/10/2025 3:09:24 PM,,,2,,,,,,,
3992829,16-056894,2,False,0109,10/25/2016 3:15:00 PM,1515,20X,14,109,Oakland,1,True,True,D,BROADSIDE,,Tuesday,,,,,False,False,False,,C,OTHER MOTOR VEHICLE,,1,0,CLOUDY,,NO UNUSUAL CONDITIONS - NO UNUSUAL CONDITIONS,,A,DAYLIGHT,,,,,,,A,NO PEDESTRIANS INVOLVED,,A,21461A,,1,E 12TH ST,1,,,A,,,FRUITVALE AV,,,A,8/9/2024 8:26:49 AM,2/10/2025 3:09:24 PM,,,2,,,,,,,
3992826,16-055399,2,False,0109,10/17/2016 7:34:00 PM,1934,31Z,14,109,Oakland,1,True,True,G,VEHICLE/PEDESTRAIN,,Monday,,,,,False,False,False,,B,PEDESTRIAN,,1,0,CLEAR,,NO UNUSUAL CONDITIONS - NO UNUSUAL CONDITIONS,,B,DUSK-DAWN,,,,,,,D,CROSSING - NOT IN CROSSWALK,,A,21954A,,2,EDES AV,2,,,A,,,105TH AV,,,A,8/9/2024 8:26:49 AM,2/10/2025 3:09:23 PM,,,2,,,,,,,
3992822,16-057617,2,False,0109,10/28/2016 8:13:00 PM,2013,26Y,14,109,Oakland,1,True,True,C,REAR END,,Friday,,,M,,False,False,False,,C,OTHER MOTOR VEHICLE,,2,0,RAINING,,NO UNUSUAL CONDITIONS - NO UNUSUAL CONDITIONS,,C,DARK-STREET LIGHTS,,,,,,,A,NO PEDESTRIANS INVOLVED,,A,21703,,1,INTERNATIONAL BL,2,,,B,N,30.0,68TH AV,F,,D,8/9/2024 8:26:48 AM,2/10/2025 3:09:23 PM,,,2,,,,,,,
3992798,16-054989,2,False,0109,10/15/2016 7:35:00 PM,1935,07X,14,109,Oakland,1,True,True,H,OTHER,,Saturday,,,,,False,False,False,,G,BICYCLE,,1,0,RAINING,,NO UNUSUAL CONDITIONS - NO UNUSUAL CONDITIONS,,C,DARK-STREET LIGHTS,,,,,,,A,NO PEDESTRIANS INVOLVED,,A,22450A,,1,ADELINE ST,1,,,B,,,34TH ST,,,A,8/9/2024 8:26:47 AM,2/10/2025 3:09:22 PM,,,2,,,,,,,
3992794,16-057422,2,False,0109,10/27/2016 9:00:00 PM,2100,31Y,14,109,Oakland,1,True,True,B,SIDE SWIPE,,Thursday,,,,,False,False,False,,B,PEDESTRIAN,,1,0,RAINING,,NO UNUSUAL CONDITIONS - NO UNUSUAL CONDITIONS,,D,DARK-NO STREET LIGHTS,,,,,,,C,CROSSING IN CROSS WALK - NOT AT INTERSECTION,,A,21954A,,1,98TH AV,2,,,B,E,20.0,EDES AV,F,,A,8/9/2024 8:26:47 AM,2/10/2025 3:09:21 PM,,,2,,,,,,,
3992784,16-043089,2,False,0109,8/14/2016 9:49:00 PM,2149,03X,14,109,Oakland,1,True,True,H,OTHER,,Sunday,,,M,,False,False,True,,C,OTHER MOTOR VEHICLE,,0,0,CLEAR,,NO UNUSUAL CONDITIONS - NO UNUSUAL CONDITIONS,,C,DARK-STREET LIGHTS,,,,,,,A,NO PEDESTRIANS INVOLVED,,A,21453A,,1,8TH ST,1,,,A,,,OAK ST,,,A,8/9/2024 8:26:46 AM,2/10/2025 3:09:20 PM,,,2,,,,,,,
3992763,16-057428,2,False,0109,10/27/2016 9:48:00 PM,2148,21X,14,109,Oakland,1,True,True,,,,Thursday,,,M,,False,False,False,,,,,1,0,,,,,,,,,,,,,,,,A,22350,,1,FOOTHILL BL,1,,,,,,FRUITVALE,,,,8/9/2024 8:26:45 AM,2/10/2025 3:09:19 PM,,,2,,,,,,,
3992758,16-058438,2,False,0109,11/2/2016 3:19:00 PM,1519,30X,14,109,Oakland,1,True,True,D,BROADSIDE,,Wednesday,,,M,,False,False,False,,C,OTHER MOTOR VEHICLE,,0,0,CLEAR,,NO UNUSUAL CONDITIONS - NO UNUSUAL CONDITIONS,,A,DAYLIGHT,,,,,,,A,NO PEDESTRIANS INVOLVED,,A,22450A,,1,73RD AV,2,,,A,,,KRAUSE AV,,,A,8/9/2024 8:26:45 AM,2/10/2025 3:09:19 PM,,,2,,,,,,,
3992752,16-064456,2,False,0109,12/6/2016 2:22:00 PM,1422,30X,14,109,Oakland,1,True,True,D,BROADSIDE,,Tuesday,,,F,,False,False,True,,C,OTHER MOTOR VEHICLE,,0,0,CLEAR,,NO UNUSUAL CONDITIONS - NO UNUSUAL CONDITIONS,,A,DAYLIGHT,,,,,,,A,NO PEDESTRIANS INVOLVED,,A,22450A,,1,73RD AV,2,,,A,,,OUTLOOK AV,,,D,8/9/2024 8:26:45 AM,2/10/2025 3:09:18 PM,,,2,,,,,,,
3992751,16-068027,2,False,0109,12/27/2016 11:14:00 AM,1114,08X,14,109,Oakland,1,True,True,B,SIDE SWIPE,,Tuesday,,,,,False,False,False,,C,OTHER MOTOR VEHICLE,,0,0,CLEAR,,NO UNUSUAL CONDITIONS - NO UNUSUAL CONDITIONS,,A,DAYLIGHT,,,,,,,A,NO PEDESTRIANS INVOLVED,,A,21460,,1,TELEGRAPH AV,1,,,A,N,75.0,34TH ST,F,,A,8/9/2024 8:26:45 AM,2/10/2025 3:09:18 PM,,,2,,,,,,,
3992750,16-067154,2,False,0109,12/21/2016 5:50:00 PM,1750,17X,14,109,Oakland,1,True,True,C,REAR END,,Wednesday,,,,,False,False,False,,C,OTHER MOTOR VEHICLE,,0,0,CLEAR,,NO UNUSUAL CONDITIONS - NO UNUSUAL CONDITIONS,,C,DARK-STREET LIGHTS,,,,,,,A,NO PEDESTRIANS INVOLVED,,A,22350,,1,5TH AV,1,,,A,N,68.0,20TH ST,F,,A,8/9/2024 8:26:45 AM,2/10/2025 3:09:18 PM,,,2,,,,,,,
3992633,16-059009,2,False,0109,11/5/2016 4:00:00 PM,1600,23X,14,109,Oakland,1,True,True,C,REAR END,,Saturday,,,,,False,False,False,,C,OTHER MOTOR VEHICLE,,1,0,CLEAR,,NO UNUSUAL CONDITIONS - NO UNUSUAL CONDITIONS,,A,DAYLIGHT,,,,,,,D,CROSSING - NOT IN CROSSWALK,,A,22350,,1,35TH AV,2,,,A,N,10.0,E 18TH ST,F,,D,8/9/2024 8:26:39 AM,2/10/2025 3:09:11 PM,,,2,,,,,,,
3992632,16-058479,2,False,0109,11/2/2016 6:32:00 PM,1832,30X,14,109,Oakland,1,True,True,D,BROADSIDE,,Wednesday,,,,,False,False,True,,C,OTHER MOTOR VEHICLE,,2,0,CLOUDY,,NO UNUSUAL CONDITIONS - NO UNUSUAL CONDITIONS,,A,DAYLIGHT,,,,,,,A,NO PEDESTRIANS INVOLVED,,A,22350,,1,BANCROFT AV,2,,,A,,,81ST AV,,,A,8/9/2024 8:26:39 AM,2/10/2025 3:09:11 PM,,,2,,,,,,,
3992624,16-060809,2,False,0109,11/15/2016 6:06:00 PM,1806,02X,14,109,Oakland,1,True,True,D,BROADSIDE,,Tuesday,,,,,False,False,False,,C,OTHER MOTOR VEHICLE,,1,0,CLEAR,,NO UNUSUAL CONDITIONS - NO UNUSUAL CONDITIONS,,C,DARK-STREET LIGHTS,,,,,,,A,NO PEDESTRIANS INVOLVED,,A,22107,,1,7TH ST,1,,,B,,,MARKET ST,,,A,8/9/2024 8:26:39 AM,2/10/2025 3:09:10 PM,,,2,,,,,,,
3992622,16-063034,2,False,0109,11/28/2016 4:51:00 PM,1651,02X,14,109,Oakland,1,True,True,D,BROADSIDE,,Monday,,,,,False,False,False,,C,OTHER MOTOR VEHICLE,,1,0,CLEAR,,NO UNUSUAL CONDITIONS - NO UNUSUAL CONDITIONS,,C,DARK-STREET LIGHTS,,,,,,,A,NO PEDESTRIANS INVOLVED,,A,21801A,,1,7TH ST,1,,,A,,,ADELLE ST,,,A,8/9/2024 8:26:39 AM,2/10/2025 3:09:10 PM,,,2,,,,,,,
3992619,16-063416,2,False,0109,11/30/2016 4:45:00 PM,1645,19X,14,109,Oakland,1,True,True,B,SIDE SWIPE,,Wednesday,,,,,False,False,False,,C,OTHER MOTOR VEHICLE,,1,0,CLEAR,,NO UNUSUAL CONDITIONS - NO UNUSUAL CONDITIONS,,B,DUSK-DAWN,,,,,,,A,NO PEDESTRIANS INVOLVED,,A,22107,,1,23RD AV,1,,,A,,,KENNEDY ST,,,A,8/9/2024 8:26:38 AM,2/10/2025 3:09:10 PM,,,2,,,,,,,
3992617,16-061644,2,False,0109,11/19/2016 11:46:00 PM,2346,34X,14,109,Oakland,1,True,True,B,SIDE SWIPE,,Saturday,,,,,False,False,True,,E,PARKED MOTOR VEHICLE,,1,0,RAINING,,NO UNUSUAL CONDITIONS - NO UNUSUAL CONDITIONS,,C,DARK-STREET LIGHTS,,,,,,,A,NO PEDESTRIANS INVOLVED,,A,23152B,,1,INTERNATIONAL BL,2,,,B,S,30.0,89TH AV,F,,C,8/9/2024 8:26:38 AM,2/10/2025 3:09:10 PM,,,2,,,,,,,
3992612,16-058499,2,False,0109,11/2/2016 8:16:00 PM,2016,35X,14,109,Oakland,1,True,True,E,HIT OBJECT,,Wednesday,,,,,False,False,True,,I,FIXED OBJECT,,1,0,CLOUDY,,NO UNUSUAL CONDITIONS - NO UNUSUAL CONDITIONS,,C,DARK-STREET LIGHTS,,,,,,,A,NO PEDESTRIANS INVOLVED,,A,23152A,,1,GOLF LINKS RD,2,,,A,E,120.0,98TH AV,F,,D,8/9/2024 8:26:38 AM,2/10/2025 3:09:09 PM,,,2,,,,,,,
3992609,16-058240,2,False,0109,11/1/2016 3:56:00 PM,1556,19X,14,109,Oakland,1,True,True,D,BROADSIDE,,Tuesday,,,F,,False,False,True,,C,OTHER MOTOR VEHICLE,,1,0,CLEAR,,NO UNUSUAL CONDITIONS - NO UNUSUAL CONDITIONS,,A,DAYLIGHT,,,,,,,A,NO PEDESTRIANS INVOLVED,,A,22450A,,1,E 10TH ST,1,,,A,,,6TH AV,,,A,8/9/2024 8:26:38 AM,2/10/2025 3:09:09 PM,,,2,,,,,,,
3992602,16-061275,2,False,0109,11/18/2016 1:59:00 AM,159,10X,14,109,Oakland,1,True,True,C,REAR END,,Friday,,,,,False,False,False,,C,OTHER MOTOR VEHICLE,,0,0,CLEAR,,NO UNUSUAL CONDITIONS - NO UNUSUAL CONDITIONS,,C,DARK-STREET LIGHTS,,,,,,,A,NO PEDESTRIANS INVOLVED,,A,23152A,,1,61ST PL,1,,,A,W,5.0,LOWELL ST,F,,D,8/9/2024 8:26:38 AM,2/10/2025 3:09:09 PM,,,2,,,,,,,
3992489,16-056935,2,False,0109,10/25/2016 7:30:00 PM,1930,26X,14,109,Oakland,1,True,True,G,VEHICLE/PEDESTRAIN,,Tuesday,,,M,,False,False,False,,B,PEDESTRIAN,,0,0,CLEAR,,NO UNUSUAL CONDITIONS - NO UNUSUAL CONDITIONS,,C,DARK-STREET LIGHTS,,,,,,,B,CROSSING IN CROSS WALK AT INTERSECTION,,A,21950A,,1,78TH AV,2,,,A,W,12.0,INTERNATIONAL BL,F,,D,8/9/2024 8:26:32 AM,2/10/2025 3:09:01 PM,,,2,,,,,,,
3992483,16-057986,2,False,0109,10/31/2016 8:11:00 AM,811,04X,14,109,Oakland,1,True,True,C,REAR END,,Monday,,,M,,False,False,False,,C,OTHER MOTOR VEHICLE,,0,0,CLEAR,,NO UNUSUAL CONDITIONS - NO UNUSUAL CONDITIONS,,A,DAYLIGHT,,,,,,,A,NO PEDESTRIANS INVOLVED,,A,22350,,1,SAN PABLO AV,1,,,A,S,5.0,W GRAND AV,F,,A,8/9/2024 8:26:32 AM,2/10/2025 3:09:01 PM,,,2,,,,,,,
3992464,16-056966,2,False,0109,10/25/2016 11:14:00 PM,2314,22X,14,109,Oakland,1,True,True,C,REAR END,,Tuesday,,,,,False,False,False,,C,OTHER MOTOR VEHICLE,,0,0,,,NO UNUSUAL CONDITIONS - NO UNUSUAL CONDITIONS,,B,DUSK-DAWN,,,,,,,A,NO PEDESTRIANS INVOLVED,,A,22350,,1,MONTEREY BL,1,,,A,W,100.0,LEIMERT BL,F,,D,8/9/2024 8:26:31 AM,2/10/2025 3:08:59 PM,,,2,,,,,,,
3992379,16-063886,2,False,0109,12/3/2016 12:25:00 AM,25,10X,14,109,Oakland,1,True,True,D,BROADSIDE,,Saturday,,,,,False,False,False,,C,OTHER MOTOR VEHICLE,,0,0,CLEAR,,NO UNUSUAL CONDITIONS - NO UNUSUAL CONDITIONS,,C,DARK-STREET LIGHTS,,,,,,,A,NO PEDESTRIANS INVOLVED,,A,21802A,,1,SAN PABLO AV,1,,,A,,,62ND ST,,,A,8/9/2024 8:26:27 AM,2/10/2025 3:08:54 PM,,,2,,,,,,,
3992378,16-058697,2,False,0109,11/3/2016 4:27:00 PM,1627,15X,14,109,Oakland,1,True,True,B,SIDE SWIPE,,Thursday,,,M,,False,False,False,,C,OTHER MOTOR VEHICLE,,0,0,CLEAR,,NO UNUSUAL CONDITIONS - NO UNUSUAL CONDITIONS,,A,DAYLIGHT,,,,,,,A,NO PEDESTRIANS INVOLVED,,A,23152A,,1,LAKESHORE AV,1,,,A,N,20.0,MACARTHUR BL,F,,A,8/9/2024 8:26:27 AM,2/10/2025 3:08:54 PM,,,2,,,,,,,
3992375,16-065877,2,False,0109,12/16/2016 1:50:00 PM,1350,06X,14,109,Oakland,1,True,True,D,BROADSIDE,,Friday,,,M,,False,False,False,,C,OTHER MOTOR VEHICLE,,0,0,CLOUDY,,NO UNUSUAL CONDITIONS - NO UNUSUAL CONDITIONS,,A,DAYLIGHT,,,,,,,A,NO PEDESTRIANS INVOLVED,,A,22106,,1,31ST ST,1,,,A,E,200.0,MARKET ST,F,,D,8/9/2024 8:26:26 AM,2/10/2025 3:08:54 PM,,,2,,,,,,,
3991325,16-054542,2,False,0109,10/14/2016 11:53:00 AM,1153,19X,14,109,Oakland,1,True,True,D,BROADSIDE,,Friday,,,,,False,False,False,,C,OTHER MOTOR VEHICLE,,1,0,CLEAR,,NO UNUSUAL CONDITIONS - NO UNUSUAL CONDITIONS,,A,DAYLIGHT,,,,,,,A,NO PEDESTRIANS INVOLVED,,A,21453A,,1,16TH AV,1,,,A,,,E 12TH ST,,,A,8/9/2024 8:25:35 AM,2/10/2025 3:07:43 PM,,,2,,,,,,,
3991047,16-058706,2,False,0109,11/3/2016 6:55:00 PM,1855,19X,14,109,Oakland,1,True,True,D,BROADSIDE,,Thursday,,,,,False,False,False,,C,OTHER MOTOR VEHICLE,,1,0,CLEAR,,NO UNUSUAL CONDITIONS - NO UNUSUAL CONDITIONS,,C,DARK-STREET LIGHTS,,,,,,,A,NO PEDESTRIANS INVOLVED,,A,21461A,,1,12TH ST,1,,,A,,,22ND AV,,,A,8/9/2024 8:25:22 AM,2/10/2025 3:07:21 PM,,,2,,,,,,,
3991046,16-056661,2,False,0109,10/24/2016 10:11:00 AM,1011,27X,14,109,Oakland,1,True,True,B,SIDE SWIPE,,Monday,,,,,False,False,False,,E,PARKED MOTOR VEHICLE,,2,0,CLOUDY,,NO UNUSUAL CONDITIONS - NO UNUSUAL CONDITIONS,,A,DAYLIGHT,,,,,,,E,IN ROAD - INCLUDES SHOULDER,,A,22517,,1,E 17TH ST,2,,,A,E,100.0,62ND AV,F,,D,8/9/2024 8:25:22 AM,2/10/2025 3:07:21 PM,,,2,,,,,,,
3991040,16-054798,2,False,0109,10/14/2016 5:40:00 PM,1740,26Y,14,109,Oakland,1,True,True,C,REAR END,,Friday,,,,,False,False,False,,C,OTHER MOTOR VEHICLE,,0,0,CLEAR,,NO UNUSUAL CONDITIONS - NO UNUSUAL CONDITIONS,,A,DAYLIGHT,,,,,,,A,NO PEDESTRIANS INVOLVED,,A,21703,,1,INTERNATIONAL BL,2,,,A,E,40.0,HAVENSCOURT BL,F,,A,8/9/2024 8:25:21 AM,2/10/2025 3:07:21 PM,,,2,,,,,,,
3991032,16-059963,2,False,0109,11/10/2016 10:20:00 PM,2220,31Y,14,109,Oakland,1,True,True,C,REAR END,,Thursday,,,F,,False,False,True,,C,OTHER MOTOR VEHICLE,,0,0,CLEAR,,NO UNUSUAL CONDITIONS - NO UNUSUAL CONDITIONS,,C,DARK-STREET LIGHTS,,,,,,,A,NO PEDESTRIANS INVOLVED,,A,21703,,1,98TH AV,2,,,A,S,152.0,DENSLOWE AV,F,,A,8/9/2024 8:25:21 AM,2/10/2025 3:07:21 PM,,,2,,,,,,,
3991028,16-065939,2,False,0109,12/14/2016 3:38:00 PM,1538,34X,14,109,Oakland,1,True,True,C,REAR END,,Wednesday,,,,,False,False,False,,C,OTHER MOTOR VEHICLE,,1,0,RAINING,,NO UNUSUAL CONDITIONS - NO UNUSUAL CONDITIONS,,B,DUSK-DAWN,,,,,,,A,NO PEDESTRIANS INVOLVED,,A,23152B,,1,94TH AV,2,,,B,S,10.0,BANCROFT AV,F,,A,8/9/2024 8:25:21 AM,2/10/2025 3:07:20 PM,,,2,,,,,,,
3991027,16-064918,2,False,0109,12/8/2016 7:33:00 PM,1933,33X,14,109,Oakland,1,True,True,C,REAR END,,Thursday,,,,,False,False,False,,C,OTHER MOTOR VEHICLE,,1,0,RAINING,,NO UNUSUAL CONDITIONS - NO UNUSUAL CONDITIONS,,C,DARK-STREET LIGHTS,,,,,,,A,NO PEDESTRIANS INVOLVED,,A,23152A,,1,B ST,2,,,B,E,36.0,94TH AV,F,,D,8/9/2024 8:25:21 AM,2/10/2025 3:07:20 PM,,,2,,,,,,,
3991021,16-056446,2,False,0109,10/22/2016 11:24:00 PM,2324,19X,14,109,Oakland,1,True,True,A,HEAD-ON,,Saturday,,,,,False,False,False,,C,OTHER MOTOR VEHICLE,,2,0,CLEAR,,NO UNUSUAL CONDITIONS - NO UNUSUAL CONDITIONS,,C,DARK-STREET LIGHTS,,,,,,,A,NO PEDESTRIANS INVOLVED,,A,21460A,,1,22ND AV,1,,,A,E,400.0,12TH ST,F,,D,8/9/2024 8:25:21 AM,2/10/2025 3:07:20 PM,,,2,,,,,,,
3991017,16-051199,2,False,0109,9/26/2016 12:08:00 PM,1208,13X,14,109,Oakland,1,True,True,C,REAR END,,Monday,,,,,False,False,False,,E,PARKED MOTOR VEHICLE,,0,0,CLEAR,,NO UNUSUAL CONDITIONS - NO UNUSUAL CONDITIONS,,A,DAYLIGHT,,,,,,,A,NO PEDESTRIANS INVOLVED,,A,22107,,1,MORAGA AV,1,,,A,W,650.0,MEDAU PL,F,,D,8/9/2024 8:25:20 AM,2/10/2025 3:07:19 PM,,,2,,,,,,,
3991013,16-058848,2,False,0109,11/4/2016 5:14:00 PM,1714,10X,14,109,Oakland,1,True,True,D,BROADSIDE,,Friday,,,,,False,False,False,,,,,1,0,CLEAR,,NO UNUSUAL CONDITIONS - NO UNUSUAL CONDITIONS,,A,DAYLIGHT,,,,,,,A,NO PEDESTRIANS INVOLVED,,A,22450A,,,45TH ST,1,,,A,,,MARKET ST,,,A,8/9/2024 8:25:20 AM,2/10/2025 3:07:19 PM,,,2,,,,,,,
3991009,16-059362,2,False,0109,11/7/2016 2:40:00 PM,1440,19X,14,109,Oakland,1,True,True,H,OTHER,,Monday,,,M,,False,False,False,,E,PARKED MOTOR VEHICLE,,1,0,CLEAR,,NO UNUSUAL CONDITIONS - NO UNUSUAL CONDITIONS,,A,DAYLIGHT,,,,,,,A,NO PEDESTRIANS INVOLVED,,A,21801A,,1,FOOTHILL BL,1,,,A,,,21ST AV,,,D,8/9/2024 8:25:20 AM,2/10/2025 3:07:19 PM,,,2,,,,,,,
3991005,16-059272,2,False,0109,11/7/2016 2:49:00 AM,249,34X,14,109,Oakland,1,True,True,C,REAR END,,Monday,,,M,,False,False,True,,E,PARKED MOTOR VEHICLE,,0,0,CLEAR,,NO UNUSUAL CONDITIONS - NO UNUSUAL CONDITIONS,,C,DARK-STREET LIGHTS,,,,,,,A,NO PEDESTRIANS INVOLVED,,A,22106,,1,96TH AV,2,,,A,S,60.0,CHERRY AV,F,,D,8/9/2024 8:25:20 AM,2/10/2025 3:07:19 PM,,,2,,,,,,,
3991002,16-064138,2,False,0109,12/4/2016 4:40:00 PM,1640,30X,14,109,Oakland,1,True,True,C,REAR END,,Sunday,,,M,,False,False,False,,C,OTHER MOTOR VEHICLE,,0,0,CLEAR,,NO UNUSUAL CONDITIONS - NO UNUSUAL CONDITIONS,,A,DAYLIGHT,,,,,,,A,NO PEDESTRIANS INVOLVED,,A,23152A,,1,ARTHUR ST,2,,,A,W,30.0,CHURCH ST,F,,D,8/9/2024 8:25:20 AM,2/10/2025 3:07:18 PM,,,2,,,,,,,
3990996,16-091682,2,False,0109,11/20/2016 7:56:00 AM,756,02X,14,109,Oakland,1,True,True,D,BROADSIDE,,Sunday,,,,,False,False,True,,C,OTHER MOTOR VEHICLE,,2,0,CLOUDY,,NO UNUSUAL CONDITIONS - NO UNUSUAL CONDITIONS,,A,DAYLIGHT,,,,,,,A,NO PEDESTRIANS INVOLVED,,A,21453A,,1,14TH ST,1,,,B,,,BRUSH ST,,,A,8/9/2024 8:25:19 AM,2/10/2025 3:07:18 PM,,,2,,,,,,,
3990993,16-060872,2,False,0109,11/16/2016 6:15:00 AM,615,31Y,14,109,Oakland,1,True,True,C,REAR END,,Wednesday,,,,,False,False,True,,C,OTHER MOTOR VEHICLE,,1,0,CLEAR,,NO UNUSUAL CONDITIONS - NO UNUSUAL CONDITIONS,,A,DAYLIGHT,,,,,,,A,NO PEDESTRIANS INVOLVED,,A,22350,,1,98TH AV,2,,,A,,,EMPIRE RD,,,A,8/9/2024 8:25:19 AM,2/10/2025 3:07:18 PM,,,2,,,,,,,
4009710,16-065488,2,False,0109,12/12/2016 11:14:00 AM,1114,01X,14,109,Oakland,1,True,True,H,OTHER,,Monday,,,,,False,False,False,,G,BICYCLE,,1,0,CLOUDY,,NO UNUSUAL CONDITIONS - NO UNUSUAL CONDITIONS,,A,DAYLIGHT,,,,,,,A,NO PEDESTRIANS INVOLVED,,A,22107,,1,OAK ST,1,,,A,,,4TH ST,,,D,8/9/2024 8:43:40 AM,2/10/2025 4:52:34 PM,,,2,,,,,,,
4009709,16-054963,2,False,0109,10/15/2016 4:14:00 PM,1614,17X,14,109,Oakland,1,True,True,B,SIDE SWIPE,,Saturday,,,M,,False,False,False,,C,OTHER MOTOR VEHICLE,,0,0,CLOUDY,RAINING,NO UNUSUAL CONDITIONS - NO UNUSUAL CONDITIONS,,B,DUSK-DAWN,,,,,,,A,NO PEDESTRIANS INVOLVED,,A,22107,,1,9TH AV,1,,,B,,,E 18TH ST,,,D,8/9/2024 8:43:40 AM,2/10/2025 4:52:34 PM,,,2,,,,,,,
4009708,16-062408,2,False,0109,11/24/2016 11:58:00 AM,1158,26X,14,109,Oakland,1,True,True,D,BROADSIDE,,Thursday,,,,,False,False,True,,C,OTHER MOTOR VEHICLE,,1,0,CLEAR,,NO UNUSUAL CONDITIONS - NO UNUSUAL CONDITIONS,,A,DAYLIGHT,,,,,,,,,,A,21804A,,1,COLISEUM WY,2,,,A,E,50.0,HIGH ST,F,,D,8/9/2024 8:43:39 AM,2/10/2025 4:52:34 PM,,,2,,,,,,,
4008736,16-062306,2,False,0109,11/23/2016 4:29:00 PM,1629,33X,14,109,Oakland,1,True,True,B,SIDE SWIPE,,Wednesday,,,M,,False,False,False,,C,OTHER MOTOR VEHICLE,,0,0,CLOUDY,,NO UNUSUAL CONDITIONS - NO UNUSUAL CONDITIONS,,A,DAYLIGHT,,,,,,,A,NO PEDESTRIANS INVOLVED,,A,22106,,1,97TH AV,2,,,A,S,30.0,INTERNATIONAL BL,F,,A,8/9/2024 8:42:30 AM,2/10/2025 4:52:17 PM,,,2,,,,,,,
4008735,16-059405,2,False,0109,11/7/2016 6:30:00 PM,1830,21X,14,109,Oakland,1,True,True,B,SIDE SWIPE,,Monday,,,,,False,False,False,,C,OTHER MOTOR VEHICLE,,0,0,CLEAR,,NO UNUSUAL CONDITIONS - NO UNUSUAL CONDITIONS,,C,DARK-STREET LIGHTS,,,,,,,A,NO PEDESTRIANS INVOLVED,,A,22107,,1,DAVIS  ST,1,,,A,,,34TH AV,,,D,8/9/2024 8:42:30 AM,2/10/2025 4:52:17 PM,,,2,,,,,,,
4008660,16-058518,2,False,0109,11/2/2016 10:40:00 PM,2240,06X,14,109,Oakland,1,True,True,G,VEHICLE/PEDESTRAIN,,Wednesday,,,F,,False,False,False,,B,PEDESTRIAN,,1,0,CLEAR,,NO UNUSUAL CONDITIONS - NO UNUSUAL CONDITIONS,,C,DARK-STREET LIGHTS,,,,,,,B,CROSSING IN CROSS WALK AT INTERSECTION,,A,21950A,,1,SAN PABLO AV,1,,,A,,,30TH ST,,,A,8/9/2024 8:42:25 AM,2/10/2025 4:52:15 PM,,,2,,,,,,,
4008659,16-063040,2,False,0109,11/28/2016 6:19:00 PM,1819,06X,14,109,Oakland,1,True,True,A,HEAD-ON,,Monday,,,,,False,False,False,,G,BICYCLE,,1,0,CLEAR,,NO UNUSUAL CONDITIONS - NO UNUSUAL CONDITIONS,,C,DARK-STREET LIGHTS,,,,,,,A,NO PEDESTRIANS INVOLVED,,A,21801A,,1,W MACARTHUR BL,1,,,A,,,WEST ST,,,A,8/9/2024 8:42:25 AM,2/10/2025 4:52:15 PM,,,2,,,,,,,