collision-id,report-number,report-version,is-preliminary,ncic-code,crash-date-time,crash-time-description,beat,city-id,city-code,city-name,county-code,city-is-active,city-is-incorporated,collision-type-code,collision-type-description,collision-type-other-desc,day-of-week,dispatch-notified,has-photographs,hit-run,is-attachments-mailed,is-deleted,is-highway-related,is-tow-away,judicial-district,motor-vehicle-involved-with-code,motor-vehicle-involved-with-desc,motor-vehicle-involved-with-other-desc,number-injured,number-killed,weather-1,weather-2,road-condition-1,road-condition-2,special-condition-lighting-code,lighting-description,latitude,longitude,milepost-direction,milepost-distance,milepost-marker,milepost-unit-of-measure,pedestrian-action-code,pedestrian-action-desc,prepared-date,primary-collision-factor-code,primary-collision-factor-violation,primary-collision-factor-is-cited,primary-collision-party-number,primary-road,reporting-district,reporting-district-code,reviewed-date,roadway-surface-code,secondary-direction,secondary-distance,secondary-road,secondary-unit-of-measure,sketch-desc,traffic-control-device-code,created-date,modified-date,is-county-road,is-freeway,chp-555-version,is-additonal-object-struck,notification-date,notification-time-description,has-digital-media-files,evidence-number,is-location-refer-to-narrative,is-aoi-one-same-as-location
4002067,16-060488,2,False,0109,11/14/2016 8:18:00 AM,818,10X,14,109,Oakland,1,True,True,A,HEAD-ON,,Monday,,,,,False,False,False,,I,FIXED OBJECT,,1,0,CLOUDY,,NO UNUSUAL CONDITIONS - NO UNUSUAL CONDITIONS,,A,DAYLIGHT,,,,,,,A,NO PEDESTRIANS INVOLVED,,A,21802A,,1,SAN PABLO AV,1,,,A,,,61ST ST,,,D,8/9/2024 8:35:19 AM,2/10/2025 3:19:37 PM,,,2,,,,,,,
4002062,16-053326,2,False,0109,10/7/2016 9:03:00 AM,903,08X,14,109,Oakland,1,True,True,G,VEHICLE/PEDESTRAIN,,Friday,,,,,False,False,False,,B,PEDESTRIAN,,1,0,CLEAR,,NO UNUSUAL CONDITIONS - NO UNUSUAL CONDITIONS,,A,DAYLIGHT,,,,,,,F,NOT IN ROAD,,A,22106,,1,HARRISON ST,1,,,A,,,HARRISON ST 2629,,,D,8/9/2024 8:35:19 AM,2/10/2025 3:19:37 PM,,,2,,,,,,,
4002030,16-050411,2,False,0109,9/22/2016 8:32:00 AM,832,33X,14,109,Oakland,1,True,True,H,OTHER,,Thursday,,,,,False,False,False,,G,BICYCLE,,1,0,CLEAR,,NO UNUSUAL CONDITIONS - NO UNUSUAL CONDITIONS,,A,DAYLIGHT,,,,,,,A,NO PEDESTRIANS INVOLVED,,A,21202A,,1,84TH AV,2,,,A,,,INTERNATIONAL BL,,,A,8/9/2024 8:35:17 AM,2/10/2025 3:19:35 PM,,,2,,,,,,,
4001982,16-061822,2,False,0109,11/20/2016 11:19:00 PM,2319,30X,14,109,Oakland,1,True,True,B,SIDE SWIPE,,Sunday,,,,,False,False,False,,E,PARKED MOTOR VEHICLE,,1,0,CLEAR,RAINING,NO UNUSUAL CONDITIONS - NO UNUSUAL CONDITIONS,,C,DARK-STREET LIGHTS,,,,,,,A,NO PEDESTRIANS INVOLVED,,A,22107,,1,MACARTHUR BL,2,,,B,E,60.0,RITCHIE ST,F,,D,8/9/2024 8:35:14 AM,2/10/2025 3:19:32 PM,,,2,,,,,,,
4001979,16-061998,2,False,0109,11/22/2016 12:53:00 AM,53,22Y,14,109,Oakland,1,True,True,C,REAR END,,Tuesday,,,,,False,False,False,,E,PARKED MOTOR VEHICLE,,1,0,CLEAR,,,,C,DARK-STREET LIGHTS,,,,,,,A,NO PEDESTRIANS INVOLVED,,A,22107,,1,MAPLE AV,1,,,A,S,50.0,MAPLE AV 4100,F,,D,8/9/2024 8:35:14 AM,2/10/2025 3:19:32 PM,,,2,,,,,,,
4001970,16-060093,2,False,0109,11/11/2016 1:09:00 AM,109,20X,14,109,Oakland,1,True,True,D,BROADSIDE,,Friday,,,M,,False,False,True,,C,OTHER MOTOR VEHICLE,,2,0,CLEAR,,NO UNUSUAL CONDITIONS - NO UNUSUAL CONDITIONS,,A,DAYLIGHT,,,,,,,A,NO PEDESTRIANS INVOLVED,,A,21802A,,1,24TH AV,1,,,A,,,15TH ST,,,A,8/9/2024 8:35:13 AM,2/10/2025 3:19:31 PM,,,2,,,,,,,
4001965,16-62858,2,False,0109,11/27/2016 2:10:00 PM,1410,12Y,14,109,Oakland,1,True,True,D,BROADSIDE,,Sunday,,,,,False,False,False,,C,OTHER MOTOR VEHICLE,,1,0,CLEAR,,NO UNUSUAL CONDITIONS - NO UNUSUAL CONDITIONS,,A,DAYLIGHT,,,,,,,A,NO PEDESTRIANS INVOLVED,,A,21453A,,1,BROADWAY,1,,,A,,,BROADWAY TR,,,A,8/9/2024 8:35:13 AM,2/10/2025 3:19:31 PM,,,2,,,,,,,
4001957,16-061439,2,False,0109,11/18/2016 5:49:00 PM,1749,17Y,14,109,Oakland,1,True,True,G,VEHICLE/PEDESTRAIN,,Friday,,,,,False,False,False,,B,PEDESTRIAN,,1,0,CLEAR,,NO UNUSUAL CONDITIONS - NO UNUSUAL CONDITIONS,,C,DARK-STREET LIGHTS,,,,,,,B,CROSSING IN CROSS WALK AT INTERSECTION,,A,21950A,,1,E 22ND ST,1,,,A,,,9TH AV,,,D,8/9/2024 8:35:12 AM,2/10/2025 3:19:30 PM,,,2,,,,,,,
4001939,16-065099,2,False,0109,12/9/2016 11:18:00 PM,2318,21Y,14,109,Oakland,1,True,True,H,OTHER,,Friday,,,M,,False,False,False,,G,BICYCLE,,1,0,RAINING,,NO UNUSUAL CONDITIONS - NO UNUSUAL CONDITIONS,,C,DARK-STREET LIGHTS,,,,,,,A,NO PEDESTRIANS INVOLVED,,A,21453A,,1,COOLIDGE AV,1,,,B,N,6.0,FOOTHILL BL,F,,A,8/9/2024 8:35:11 AM,2/10/2025 3:19:29 PM,,,2,,,,,,,
4001870,16-060080,2,False,0109,11/11/2016 2:05:00 PM,1405,20X,14,109,Oakland,1,True,True,E,HIT OBJECT,,Friday,,,,,False,False,True,,I,FIXED OBJECT,,0,0,CLEAR,,NO UNUSUAL CONDITIONS - NO UNUSUAL CONDITIONS,,A,DAYLIGHT,,,,,,,A,NO PEDESTRIANS INVOLVED,,A,22107,,1,E 12TH ST,1,,,A,,,26TH AV,,,D,8/9/2024 8:35:06 AM,2/10/2025 3:19:25 PM,,,2,,,,,,,
4001866,16-061271,2,False,0109,11/18/2016 12:58:00 AM,58,21X,14,109,Oakland,1,True,True,C,REAR END,,Friday,,,M,,False,False,True,,E,PARKED MOTOR VEHICLE,,0,0,CLEAR,,NO UNUSUAL CONDITIONS - NO UNUSUAL CONDITIONS,,C,DARK-STREET LIGHTS,,,,,,,A,NO PEDESTRIANS INVOLVED,,A,22107,,1,FRUITVALE AV,1,,,A,S,30.0,LYNDE ST,F,,D,8/9/2024 8:35:06 AM,2/10/2025 3:19:24 PM,,,2,,,,,,,
4001864,16-059320,2,False,0109,11/7/2016 10:42:00 AM,1042,02X,14,109,Oakland,1,True,True,C,REAR END,,Monday,,,,,False,False,False,,C,OTHER MOTOR VEHICLE,,1,0,CLEAR,,NO UNUSUAL CONDITIONS - NO UNUSUAL CONDITIONS,,A,DAYLIGHT,,,,,,,A,NO PEDESTRIANS INVOLVED,,A,21703,,1,MANDELA PKWY,1,,,A,,,7TH ST,,,A,8/9/2024 8:35:05 AM,2/10/2025 3:19:24 PM,,,2,,,,,,,
4001859,16-054720,2,False,0109,10/14/2016 10:12:00 AM,1012,16X,14,109,Oakland,1,True,True,C,REAR END,,Friday,,,,,False,False,False,,E,PARKED MOTOR VEHICLE,,1,0,RAINING,,NO UNUSUAL CONDITIONS - NO UNUSUAL CONDITIONS,,A,DAYLIGHT,,,,,,,E,IN ROAD - INCLUDES SHOULDER,,A,22350,,1,AUSTIN ST,1,,,B,S,15.0,FOOTHILL BL,F,,D,8/9/2024 8:35:05 AM,2/10/2025 3:19:24 PM,,,2,,,,,,,
4001475,16-057008,2,False,0109,10/26/2016 6:55:00 AM,655,,14,109,Oakland,1,True,True,C,REAR END,,Wednesday,,,,,False,False,False,,C,OTHER MOTOR VEHICLE,,0,0,CLEAR,,NO UNUSUAL CONDITIONS - NO UNUSUAL CONDITIONS,,A,DAYLIGHT,,,,,,,A,NO PEDESTRIANS INVOLVED,,A,22350,,1,BROADWAY ST,,,,A,N,10.0,5TH ST,F,,A,8/9/2024 8:34:39 AM,2/10/2025 3:18:55 PM,,,2,,,,,,,
4001344,16-058274,2,False,0109,11/1/2016 8:24:00 PM,2024,03X,14,109,Oakland,1,True,True,B,SIDE SWIPE,,Tuesday,,,,,False,False,False,,C,OTHER MOTOR VEHICLE,,0,0,CLEAR,,NO UNUSUAL CONDITIONS - NO UNUSUAL CONDITIONS,,C,DARK-STREET LIGHTS,,,,,,,A,NO PEDESTRIANS INVOLVED,,A,22107,,,WEBSTER ST,1,,,A,,,8TH ST,,,A,8/9/2024 8:34:32 AM,2/10/2025 3:18:46 PM,,,2,,,,,,,
4001339,16-059027,2,False,0109,11/5/2016 6:05:00 PM,1805,03X,14,109,Oakland,1,True,True,C,REAR END,,Saturday,,,M,,False,False,True,,C,OTHER MOTOR VEHICLE,,0,0,CLEAR,,NO UNUSUAL CONDITIONS - NO UNUSUAL CONDITIONS,,C,DARK-STREET LIGHTS,,,,,,,A,NO PEDESTRIANS INVOLVED,,A,22350,,1,HARRISON ST,1,,,A,S,20.0,7TH ST,F,,A,8/9/2024 8:34:31 AM,2/10/2025 3:18:46 PM,,,2,,,,,,,
4001336,16-062344,2,False,0109,11/23/2016 7:35:00 PM,1935,23X,14,109,Oakland,1,True,True,E,HIT OBJECT,,Wednesday,,,M,,False,False,True,,I,FIXED OBJECT,,0,0,CLEAR,,NO UNUSUAL CONDITIONS - NO UNUSUAL CONDITIONS,,C,DARK-STREET LIGHTS,,,,,,,A,NO PEDESTRIANS INVOLVED,,A,22350,,1,E 8TH ST,2,,,A,,,37TH AV,,,D,8/9/2024 8:34:31 AM,2/10/2025 3:18:46 PM,,,2,,,,,,,
4001331,16-060904,2,False,0109,11/16/2016 9:33:00 AM,933,33X,14,109,Oakland,1,True,True,B,SIDE SWIPE,,Wednesday,,,M,,False,False,False,,E,PARKED MOTOR VEHICLE,,0,0,CLEAR,,NO UNUSUAL CONDITIONS - NO UNUSUAL CONDITIONS,,A,DAYLIGHT,,,,,,,A,NO PEDESTRIANS INVOLVED,,A,22107,,1,B ST,2,,,A,E,20.0,94TH AV,F,,D,8/9/2024 8:34:31 AM,2/10/2025 3:18:45 PM,,,2,,,,,,,
4001328,16-062441,2,False,0109,11/24/2016 4:25:00 PM,1625,13X,14,109,Oakland,1,True,True,B,SIDE SWIPE,,Thursday,,,M,,False,False,False,,E,PARKED MOTOR VEHICLE,,0,0,CLEAR,,NO UNUSUAL CONDITIONS - NO UNUSUAL CONDITIONS,,A,DAYLIGHT,,,,,,,A,NO PEDESTRIANS INVOLVED,,A,22107,,1,GRIZZLY PEAK RD,1,,,A,W,100.0,CLAREMONT AV,F,,A,8/9/2024 8:34:31 AM,2/10/2025 3:18:45 PM,,,2,,,,,,,
4001317,16-060663,2,False,0109,11/15/2016 9:17:00 AM,917,33X,14,109,Oakland,1,True,True,A,HEAD-ON,,Tuesday,,,,,False,False,True,,I,FIXED OBJECT,,0,0,CLEAR,,NO UNUSUAL CONDITIONS - NO UNUSUAL CONDITIONS,,A,DAYLIGHT,,,,,,,A,NO PEDESTRIANS INVOLVED,,A,22107,,1,INTERNATIONAL BL,2,,,A,,,96TH AV,,,D,8/9/2024 8:34:30 AM,2/10/2025 3:18:44 PM,,,2,,,,,,,
4001313,16-059075,2,False,0109,11/6/2016 12:12:00 AM,12,20X,14,109,Oakland,1,True,True,D,BROADSIDE,,Sunday,,,M,,False,False,False,,E,PARKED MOTOR VEHICLE,,0,0,CLEAR,,NO UNUSUAL CONDITIONS - NO UNUSUAL CONDITIONS,,B,DUSK-DAWN,,,,,,,A,NO PEDESTRIANS INVOLVED,,A,22107,,1,E 15TH ST,1,,,A,W,15.0,DERBY,F,,D,8/9/2024 8:34:30 AM,2/10/2025 3:18:44 PM,,,2,,,,,,,
4001300,16-062957,2,False,0109,11/28/2016 8:09:00 AM,809,20X,14,109,Oakland,1,True,True,D,BROADSIDE,,Monday,,,,,False,False,False,,C,OTHER MOTOR VEHICLE,,0,0,CLEAR,,NO UNUSUAL CONDITIONS - NO UNUSUAL CONDITIONS,,A,DAYLIGHT,,,,,,,A,NO PEDESTRIANS INVOLVED,,A,21802A,,1,FRUITVALE AV,1,,,A,,,E 17TH ST,,,D,8/9/2024 8:34:29 AM,2/10/2025 3:18:43 PM,,,2,,,,,,,
4001297,16-060150,2,False,0109,11/11/2016 10:00:00 PM,2200,32Y,14,109,Oakland,1,True,True,D,BROADSIDE,,Friday,,,M,,False,False,False,,C,OTHER MOTOR VEHICLE,,0,0,CLEAR,,NO UNUSUAL CONDITIONS - NO UNUSUAL CONDITIONS,,C,DARK-STREET LIGHTS,,,,,,,A,NO PEDESTRIANS INVOLVED,,A,21651A,,1,MACARTHUR BL,2,,,A,,,108TH AV,,,D,8/9/2024 8:34:29 AM,2/10/2025 3:18:43 PM,,,2,,,,,,,
4001222,16-055628,2,False,0109,10/19/2016 6:57:00 AM,657,23X,14,109,Oakland,1,True,True,G,VEHICLE/PEDESTRAIN,,Wednesday,,,,,False,False,False,,B,PEDESTRIAN,,1,0,CLEAR,,NO UNUSUAL CONDITIONS - NO UNUSUAL CONDITIONS,,B,DUSK-DAWN,,,,,,,C,CROSSING IN CROSS WALK - NOT AT INTERSECTION,,A,21950A,,1,36TH AV,2,,,A,,,E 16TH AV,,,D,8/9/2024 8:34:25 AM,2/10/2025 3:18:37 PM,,,2,,,,,,,
4001217,16-056949,2,False,0109,10/25/2016 9:45:00 PM,2145,02X,14,109,Oakland,1,True,True,D,BROADSIDE,,Tuesday,,,M,,False,False,False,,C,OTHER MOTOR VEHICLE,,1,0,,,,,C,DARK-STREET LIGHTS,,,,,,,A,NO PEDESTRIANS INVOLVED,,A,21802A,,1,5TH ST,1,,,A,,,CASTRO ST,,,A,8/9/2024 8:34:24 AM,2/10/2025 3:18:37 PM,,,2,,,,,,,
4001214,16-055986,2,False,0109,10/20/2016 8:11:00 PM,2011,29X,14,109,Oakland,1,True,True,G,VEHICLE/PEDESTRAIN,,Thursday,,,,,False,False,False,,B,PEDESTRIAN,,1,0,CLEAR,,NO UNUSUAL CONDITIONS - NO UNUSUAL CONDITIONS,,C,DARK-STREET LIGHTS,,,,,,,E,IN ROAD - INCLUDES SHOULDER,,D,,,,72ND AV,2,,,A,,,MACARTHUR BL,,,A,8/9/2024 8:34:24 AM,2/10/2025 3:18:37 PM,,,2,,,,,,,
4001210,16-054974,2,False,0109,10/15/2016 6:00:00 PM,1800,27X,14,109,Oakland,1,True,True,D,BROADSIDE,,Saturday,,,M,,False,False,False,,C,OTHER MOTOR VEHICLE,,1,0,RAINING,,NO UNUSUAL CONDITIONS - NO UNUSUAL CONDITIONS,,B,DUSK-DAWN,,,,,,,A,NO PEDESTRIANS INVOLVED,,A,21453A,,1,BANCROFT AV,2,,,B,,,55TH AV,,,A,8/9/2024 8:34:24 AM,2/10/2025 3:18:37 PM,,,2,,,,,,,
4001111,16-063209,2,False,0109,11/29/2016 4:27:00 PM,1627,20,14,109,Oakland,1,True,True,B,SIDE SWIPE,,Tuesday,,,,,False,False,False,,G,BICYCLE,,1,0,CLEAR,,NO UNUSUAL CONDITIONS - NO UNUSUAL CONDITIONS,,A,DAYLIGHT,,,,,,,A,NO PEDESTRIANS INVOLVED,,A,21209A,,1,23RD AV,1,,,A,,,INTERNATIONAL BL,,,A,8/9/2024 8:34:17 AM,2/10/2025 3:18:30 PM,,,2,,,,,,,
4001109,16-061433,2,False,0109,11/18/2016 5:30:00 PM,1730,23,14,109,Oakland,1,True,True,G,VEHICLE/PEDESTRAIN,,Friday,,,,,False,False,False,,B,PEDESTRIAN,,1,0,CLEAR,,NO UNUSUAL CONDITIONS - NO UNUSUAL CONDITIONS,,C,DARK-STREET LIGHTS,,,,,,,B,CROSSING IN CROSS WALK AT INTERSECTION,,A,21950A,,1,FRUITVALE AV,2,,,A,,,FARNHAM ST,,,A,8/9/2024 8:34:17 AM,2/10/2025 3:18:30 PM,,,2,,,,,,,
4001105,16-060926,2,False,0109,11/16/2016 11:03:00 AM,1103,33,14,109,Oakland,1,True,True,C,REAR END,,Wednesday,,,M,,False,False,False,,C,OTHER MOTOR VEHICLE,,1,0,CLEAR,,,,A,DAYLIGHT,,,,,,,A,NO PEDESTRIANS INVOLVED,,A,21703,,1,85TH AV,2,,,A,,,SAN LEANDRO ST,,,A,8/9/2024 8:34:17 AM,2/10/2025 3:18:30 PM,,,2,,,,,,,
4001102,16-062278,2,False,0109,11/23/2016 1:15:00 PM,1315,08,14,109,Oakland,1,True,True,C,REAR END,,Wednesday,,,,,False,False,False,,C,OTHER MOTOR VEHICLE,,1,0,CLEAR,,NO UNUSUAL CONDITIONS - NO UNUSUAL CONDITIONS,,A,DAYLIGHT,,,,,,,A,NO PEDESTRIANS INVOLVED,,A,22350,,1,MACARTHUR BL,1,,,A,E,10.0,WEBSTER ST,F,,A,8/9/2024 8:34:17 AM,2/10/2025 3:18:30 PM,,,2,,,,,,,
4001096,16-061560,2,False,0109,11/19/2016 12:12:00 PM,1212,23,14,109,Oakland,1,True,True,D,BROADSIDE,,Saturday,,,,,False,False,False,,C,OTHER MOTOR VEHICLE,,2,0,RAINING,,NO UNUSUAL CONDITIONS - NO UNUSUAL CONDITIONS,,A,DAYLIGHT,,,,,,,A,NO PEDESTRIANS INVOLVED,,A,21802A,,1,INTERNATIONAL BL,2,,,B,,,40TH AV,,,D,8/9/2024 8:34:16 AM,2/10/2025 3:18:29 PM,,,2,,,,,,,
4001092,16-059827,2,False,0109,11/10/2016 4:08:00 AM,408,03,14,109,Oakland,1,True,True,A,HEAD-ON,,Thursday,,,,,False,False,True,,I,FIXED OBJECT,,1,0,CLEAR,,NO UNUSUAL CONDITIONS - NO UNUSUAL CONDITIONS,,C,DARK-STREET LIGHTS,,,,,,,A,NO PEDESTRIANS INVOLVED,,A,22350,,1,BROADWAY,1,,,A,N,15.0,11TH ST,F,,A,8/9/2024 8:34:16 AM,2/10/2025 3:18:29 PM,,,2,,,,,,,
4001090,16-060008,2,False,0109,11/11/2016 7:47:00 AM,747,25,14,109,Oakland,1,True,True,G,VEHICLE/PEDESTRAIN,,Friday,,,,,False,False,False,,G,BICYCLE,,1,0,CLEAR,,NO UNUSUAL CONDITIONS - NO UNUSUAL CONDITIONS,,A,DAYLIGHT,,,,,,,A,NO PEDESTRIANS INVOLVED,,A,22350,,1,MOUNTAIN BL,2,,,A,E,440.0,EDWARDS AV,F,,D,8/9/2024 8:34:16 AM,2/10/2025 3:18:29 PM,,,2,,,,,,,
4001089,16-062714,2,False,0109,11/26/2016 5:46:00 PM,1746,03,14,109,Oakland,1,True,True,G,VEHICLE/PEDESTRAIN,,Saturday,,,,,False,False,False,,B,PEDESTRIAN,,2,0,RAINING,,NO UNUSUAL CONDITIONS - NO UNUSUAL CONDITIONS,,C,DARK-STREET LIGHTS,,,,,,,B,CROSSING IN CROSS WALK AT INTERSECTION,,A,21950A,,1,8TH ST,1,,,B,,,MADISON ST,,,A,8/9/2024 8:34:16 AM,2/10/2025 3:18:29 PM,,,2,,,,,,,
4000753,16-063609,2,False,0109,12/1/2016 1:55:00 PM,1355,27X,14,109,Oakland,1,True,True,B,SIDE SWIPE,,Thursday,,,M,,False,False,False,,E,PARKED MOTOR VEHICLE,,0,0,CLEAR,,NO UNUSUAL CONDITIONS - NO UNUSUAL CONDITIONS,,A,DAYLIGHT,,,,,,,A,NO PEDESTRIANS INVOLVED,,D,,,,53RD AV,2,,,A,N,100.0,E 12TH ST,F,,D,8/9/2024 8:33:53 AM,2/10/2025 3:18:08 PM,,,2,,,,,,,
4000743,16-063725,2,False,0109,12/2/2016 3:53:00 AM,353,21X,14,109,Oakland,1,True,True,B,SIDE SWIPE,,Friday,,,M,,False,False,True,,E,PARKED MOTOR VEHICLE,,0,0,CLEAR,,NO UNUSUAL CONDITIONS - NO UNUSUAL CONDITIONS,,C,DARK-STREET LIGHTS,,,,,,,A,NO PEDESTRIANS INVOLVED,,A,22107,,1,25TH AV,1,,,A,N,54.0,24TH ST,F,,A,8/9/2024 8:33:53 AM,2/10/2025 3:18:07 PM,,,2,,,,,,,
4000740,16-064491,2,False,0109,12/6/2016 4:10:00 PM,1610,27X,14,109,Oakland,1,True,True,B,SIDE SWIPE,,Tuesday,,,M,,False,False,False,,E,PARKED MOTOR VEHICLE,,0,0,CLEAR,,NO UNUSUAL CONDITIONS - NO UNUSUAL CONDITIONS,,A,DAYLIGHT,,,,,,,A,NO PEDESTRIANS INVOLVED,,A,22106,,1,50TH AV,2,,,A,N,500.0,INTERNATIONAL,F,,D,8/9/2024 8:33:52 AM,2/10/2025 3:18:07 PM,,,2,,,,,,,
4000737,16-063909,2,False,0109,12/2/2016 11:49:00 PM,2349,29X,14,109,Oakland,1,True,True,D,BROADSIDE,,Friday,,,M,,False,False,False,,E,PARKED MOTOR VEHICLE,,0,0,CLEAR,,NO UNUSUAL CONDITIONS - NO UNUSUAL CONDITIONS,,D,DARK-NO STREET LIGHTS,,,,,,,A,NO PEDESTRIANS INVOLVED,,A,22107,,1,64TH AV,2,,,A,S,360.0,MACARTHUR BL,F,,D,8/9/2024 8:33:52 AM,2/10/2025 3:18:07 PM,,,2,,,,,,,
4000730,16-063921,2,False,0109,12/3/2016 9:05:00 AM,905,08X,14,109,Oakland,1,True,True,D,BROADSIDE,,Saturday,,,,,False,False,True,,C,OTHER MOTOR VEHICLE,,0,0,CLEAR,,NO UNUSUAL CONDITIONS - NO UNUSUAL CONDITIONS,,A,DAYLIGHT,,,,,,,A,NO PEDESTRIANS INVOLVED,,A,21453A,,1,40TH ST,1,,,A,,,SHAFTER AV,,,A,8/9/2024 8:33:52 AM,2/10/2025 3:18:06 PM,,,2,,,,,,,
4000729,16-067252,2,False,0109,12/22/2016 6:00:00 AM,600,20X,14,109,Oakland,1,True,True,B,SIDE SWIPE,,Thursday,,,M,,False,False,True,,E,PARKED MOTOR VEHICLE,,0,0,CLEAR,,NO UNUSUAL CONDITIONS - NO UNUSUAL CONDITIONS,,A,DAYLIGHT,,,,,,,A,NO PEDESTRIANS INVOLVED,,A,22107,,1,ELMWOOD AV,1,,,A,E,50.0,DERBY,F,,D,8/9/2024 8:33:52 AM,2/10/2025 3:18:06 PM,,,2,,,,,,,
4000725,16-066103,2,False,0109,12/15/2016 3:35:00 PM,1535,26Y,14,109,Oakland,1,True,True,C,REAR END,,Thursday,,,,,False,False,False,,C,OTHER MOTOR VEHICLE,,0,0,RAINING,,NO UNUSUAL CONDITIONS - NO UNUSUAL CONDITIONS,,A,DAYLIGHT,,,,,,,B,CROSSING IN CROSS WALK AT INTERSECTION,,A,22350,,1,INTERNATIONAL BL,2,,,B,E,15.0,71ST AV,F,,D,8/9/2024 8:33:52 AM,2/10/2025 3:18:06 PM,,,2,,,,,,,
4000716,16-063865,2,False,0109,12/2/2016 10:00:00 PM,2200,26Y,14,109,Oakland,1,True,True,B,SIDE SWIPE,,Friday,,,,,False,False,False,,E,PARKED MOTOR VEHICLE,,0,0,CLEAR,,NO UNUSUAL CONDITIONS - NO UNUSUAL CONDITIONS,,C,DARK-STREET LIGHTS,,,,,,,A,NO PEDESTRIANS INVOLVED,,A,22350,,1,63RD AV,2,,,A,N,500.0,EASTLAWN ST,F,,D,8/9/2024 8:33:51 AM,2/10/2025 3:18:05 PM,,,2,,,,,,,
4000605,16-063703,2,False,0109,12/1/2016 11:25:00 PM,2325,12X,14,109,Oakland,1,True,True,D,BROADSIDE,,Thursday,,,,,False,False,True,,C,OTHER MOTOR VEHICLE,,1,0,CLEAR,,NO UNUSUAL CONDITIONS - NO UNUSUAL CONDITIONS,,C,DARK-STREET LIGHTS,,,,,,,A,NO PEDESTRIANS INVOLVED,,A,21801A,,1,SHATTUCK AV,1,,,A,,,52ND ST,,,A,8/9/2024 8:33:45 AM,2/10/2025 3:17:58 PM,,,2,,,,,,,
4000601,16-063784,2,False,0109,12/2/2016 1:11:00 PM,1311,11X,14,109,Oakland,1,True,True,D,BROADSIDE,,Friday,,,,,False,False,False,,C,OTHER MOTOR VEHICLE,,2,0,CLEAR,,NO UNUSUAL CONDITIONS - NO UNUSUAL CONDITIONS,,A,DAYLIGHT,,,,,,,A,NO PEDESTRIANS INVOLVED,,A,21801A,,1,MARTIN LUTHER KING JR WY,1,,,A,,,55TH ST,,,A,8/9/2024 8:33:45 AM,2/10/2025 3:17:57 PM,,,2,,,,,,,
4000584,16-063624,2,False,0109,12/1/2016 2:50:00 PM,1450,03X,14,109,Oakland,1,True,True,G,VEHICLE/PEDESTRAIN,,Thursday,,,,,False,False,False,,B,PEDESTRIAN,,1,0,CLEAR,,NO UNUSUAL CONDITIONS - NO UNUSUAL CONDITIONS,,A,DAYLIGHT,,,,,,,B,CROSSING IN CROSS WALK AT INTERSECTION,,D,,,,12TH ST,1,,,A,,,MADISON ST,,,A,8/9/2024 8:33:44 AM,2/10/2025 3:17:56 PM,,,2,,,,,,,
4000582,16-063514,2,False,0109,12/1/2016 8:46:00 AM,846,08X,14,109,Oakland,1,True,True,D,BROADSIDE,,Thursday,,,,,False,False,True,,C,OTHER MOTOR VEHICLE,,1,0,CLEAR,,NO UNUSUAL CONDITIONS - NO UNUSUAL CONDITIONS,,A,DAYLIGHT,,,,,,,A,NO PEDESTRIANS INVOLVED,,A,21453A,,1,29TH ST,1,,,A,,,WEBSTER ST,,,A,8/9/2024 8:33:44 AM,2/10/2025 3:17:56 PM,,,2,,,,,,,
4000576,16-067860,2,False,0109,12/26/2016 11:48:00 AM,1148,20X,14,109,Oakland,1,True,True,H,OTHER,,Monday,,,,,False,False,False,,A,NON-COLLISION,,1,0,CLEAR,,NO UNUSUAL CONDITIONS - NO UNUSUAL CONDITIONS,,A,DAYLIGHT,,,,,,,A,NO PEDESTRIANS INVOLVED,,A,21801A,,1,INTERNATIONAL BL,1,,,A,W,12.0,26TH AV,F,,D,8/9/2024 8:33:44 AM,2/10/2025 3:17:56 PM,,,2,,,,,,,
4000572,16-067422,2,False,0109,12/23/2016 10:04:00 AM,1004,19X,14,109,Oakland,1,True,True,D,BROADSIDE,,Friday,,,,,False,False,False,,C,OTHER MOTOR VEHICLE,,4,0,RAINING,,NO UNUSUAL CONDITIONS - NO UNUSUAL CONDITIONS,,A,DAYLIGHT,,,,,,,A,NO PEDESTRIANS INVOLVED,,A,21802A,,1,FOOTHILL BL,1,,,B,,,11TH AV,,,D,8/9/2024 8:33:43 AM,2/10/2025 3:17:56 PM,,,2,,,,,,,
4000547,16-063920,2,False,0109,12/3/2016 8:50:00 AM,850,32X,14,109,Oakland,1,True,True,G,VEHICLE/PEDESTRAIN,,Saturday,,,,,False,False,False,,B,PEDESTRIAN,,1,0,CLEAR,,NO UNUSUAL CONDITIONS - NO UNUSUAL CONDITIONS,,A,DAYLIGHT,,,,,,,B,CROSSING IN CROSS WALK AT INTERSECTION,,A,21950A,,1,98TH AV,2,,,A,,,HOLLY ST,,,A,8/9/2024 8:33:42 AM,2/10/2025 3:17:54 PM,,,2,,,,,,,
4000539,16-063853,2,False,0109,12/2/2016 8:41:00 PM,2041,01X,14,109,Oakland,1,True,True,A,HEAD-ON,,Friday,,,F,,False,False,True,,C,OTHER MOTOR VEHICLE,,1,0,CLEAR,,NO UNUSUAL CONDITIONS - NO UNUSUAL CONDITIONS,,C,DARK-STREET LIGHTS,,,,,,,A,NO PEDESTRIANS INVOLVED,,A,21657,,1,3RD ST,1,,,A,,,FRANKLIN ST,,,D,8/9/2024 8:33:41 AM,2/10/2025 3:17:54 PM,,,2,,,,,,,
4000531,16-066046,2,False,0109,12/15/2016 9:15:00 AM,915,34X,14,109,Oakland,1,True,True,D,BROADSIDE,,Thursday,,,,,False,False,False,,C,OTHER MOTOR VEHICLE,,3,0,CLOUDY,,NO UNUSUAL CONDITIONS - NO UNUSUAL CONDITIONS,,A,DAYLIGHT,,,,,,,A,NO PEDESTRIANS INVOLVED,,A,21802A,,1,86TH AV,2,,,A,,,HOLLY ST,,,A,8/9/2024 8:33:41 AM,2/10/2025 3:17:53 PM,,,2,,,,,,,